Order_ID,Customer_ID,Order_Date,Customer_Age,Gender,City,State,Category,Sub_Category,Product_Name,Quantity,Unit_Price,Total_Price,Discount,Discounted_Price,Payment_Method,Order_Status,Customer_Rating,Delivery_Days,Category_sales
500001,11152,16-06-2026,15,Male,Ahmedabad,Gujarat,Grocery,Snacks,Haldiram's Bhujia,4,191,762,7,709,Credit Card,Delivered,3,3,40477276.30
500002,10611,28-07-2026,41,Male,Hyderabad,Telangana,Fashion,Women Clothing,Biba Printed Kurta,2,1902,3804,24,2891,Credit Card,Delivered,5,3,40477276.30
500003,10122,30-09-2025,24,Female,Indore,Madhya Pradesh,Fashion,Footwear,Bata Formal Shoes,2,2398,4797,6,4509,Credit Card,Delivered,5,1,40477276.30
500004,10897,22-04-2026,32,Male,Hyderabad,Telangana,Electronics,Smartphones,OnePlus Nord CE 4,1,26365,26365,27,19247,UPI,Delivered,4,1,40477276.30
500005,10065,09-08-2026,43,Male,Mumbai,Maharashtra,Home & Kitchen,Kitchen Appliances,Philips Mixer Grinder,3,3426,10277,9,9352,UPI,Delivered,4,3,40477276.30
500006,10590,16-01-2025,25,Female,Gurugram,Haryana,Electronics,Audio,JBL Tune 770NC,1,6144,6144,17,5099,Cash on Delivery,Delivered,5,3,40477276.30
500007,10751,16-05-2026,24,Male,Bhopal,Madhya Pradesh,Fashion,Footwear,Nike Revolution Running Shoes,1,4921,4921,3,4774,UPI,Returned,5,4,1813400.65
500008,11121,02-07-2026,46,Male,Pune,Maharashtra,Electronics,Smart Devices,Amazon Echo Dot,2,5245,10491,18,8603,Cash on Delivery,Delivered,4,4,40477276.30
500009,11178,01-07-2026,33,Male,Ahmedabad,Gujarat,Beauty & Personal Care,Makeup,Colorbar Eyeliner,1,507,507,19,411,Debit Card,Delivered,5,4,40477276.30
500010,10617,01-01-2025,35,Male,Kochi,Kerala,Home & Kitchen,Storage,Plastic Storage Box Set,1,1015,1015,7,944,Credit Card,Delivered,3,3,40477276.30
500011,10074,10-07-2025,51,Male,Visakhapatnam,Andhra Pradesh,Beauty & Personal Care,Makeup,Maybelline Foundation,1,711,711,23,547,UPI,Delivered,4,2,40477276.30
500012,10498,18-03-2026,32,Female,Chennai,Tamil Nadu,Electronics,Smart Devices,Amazon Echo Dot,1,5510,5510,9,5014,UPI,Delivered,5,4,40477276.30
500013,10537,11-04-2025,25,Female,Patna,Bihar,Fashion,Men Clothing,Levi's Slim Jeans,1,2465,2465,7,2293,UPI,Delivered,1,6,40477276.30
500014,10889,14-11-2025,40,Female,Jaipur,Rajasthan,Grocery,Household,Vim Dishwash Liquid,1,209,209,30,146,UPI,Delivered,5,4,40477276.30
500015,10152,09-08-2026,38,Male,Patna,Bihar,Home & Kitchen,Home Decor,Wall Art Set,1,1335,1335,21,1054,UPI,Cancelled,2,0,3077928.23
500016,10132,04-12-2025,35,Female,Delhi,Delhi (NCT),Home & Kitchen,Storage,Cloth Organizer,3,707,2122,4,2037,UPI,Delivered,5,2,40477276.30
500017,10538,03-06-2025,30,Male,Surat,Gujarat,Fashion,Accessories,Titan Wallet,2,1521,3043,9,2769,Net Banking,Delivered,4,3,40477276.30
500018,10831,18-02-2025,19,Female,Bengaluru,Karnataka,Grocery,Beverages,Nescafe Classic,2,422,845,21,667,UPI,Delivered,5,1,40477276.30
500019,11153,15-07-2026,27,Female,Pune,Maharashtra,Electronics,Laptops,ASUS Vivobook 15,1,57157,57157,25,42868,UPI,Delivered,5,2,40477276.30
500020,10811,31-03-2025,32,Male,Lucknow,Uttar Pradesh,Beauty & Personal Care,Skincare,Minimalist Niacinamide Serum,1,617,617,10,555,Wallet,Delivered,4,7,40477276.30
500021,11310,15-07-2026,39,Male,Dehradun,Uttarakhand,Sports,Accessories,Fitbit Fitness Tracker,1,8033,8033,23,6186,Debit Card,Delivered,2,3,40477276.30
500022,10746,02-04-2026,26,Male,Visakhapatnam,Andhra Pradesh,Fashion,Men Clothing,Levi's Slim Jeans,2,2548,5096,20,4077,UPI,Delivered,5,4,40477276.30
500023,11346,27-05-2026,18,Female,Bhopal,Madhya Pradesh,Books,Self-Help,The Power of Habit,3,488,1463,19,1185,Credit Card,Delivered,5,2,40477276.30
500024,11270,08-01-2026,48,Female,Hyderabad,Telangana,Fashion,Footwear,Bata Formal Shoes,1,2516,2516,9,2289,Cash on Delivery,Delivered,5,3,40477276.30
500025,10143,11-07-2025,16,Male,Kolkata,West Bengal,Grocery,Staples,Fortune Sunflower Oil 1L,1,163,163,22,127,UPI,Delivered,4,1,40477276.30
500026,11291,26-02-2026,38,Male,Bengaluru,Karnataka,Sports,Accessories,Sports Water Bottle,1,513,513,11,457,Debit Card,Delivered,4,2,40477276.30
500027,10522,31-05-2026,40,Male,Indore,Madhya Pradesh,Electronics,Laptops,Dell Inspiron 15,1,57153,57153,30,40007,Debit Card,Cancelled,4,0,3077928.23
500028,10866,27-01-2026,30,Male,Chandigarh,Chandigarh (UT),Fashion,Footwear,Bata Formal Shoes,1,2536,2536,18,2080,Credit Card,Delivered,3,4,40477276.30
500029,10212,22-04-2025,46,Male,Delhi,Delhi (NCT),Electronics,Smartphones,Samsung Galaxy A55,1,38463,38463,27,28078,Debit Card,Delivered,3,2,40477276.30
500030,11044,04-08-2025,34,Female,Kolkata,West Bengal,Fashion,Men Clothing,Roadster Casual Shirt,2,1272,2544,3,2468,Credit Card,Delivered,1,6,40477276.30
500031,11075,30-08-2025,45,Male,Delhi,Delhi (NCT),Electronics,Audio,OnePlus Buds 3,4,5225,20902,19,16930,Credit Card,Delivered,4,3,40477276.30
500032,10732,18-12-2025,23,Female,Mumbai,Maharashtra,Grocery,Snacks,Haldiram's Bhujia,1,173,173,25,130,UPI,Delivered,2,2,40477276.30
500033,10180,20-08-2025,64,Female,Mumbai,Maharashtra,Grocery,Staples,Fortune Sunflower Oil 1L,1,163,163,29,116,UPI,Delivered,5,3,40477276.30
500034,10435,06-02-2026,51,Male,Pune,Maharashtra,Fashion,Accessories,Wildcraft Backpack,3,2027,6081,10,5473,UPI,Returned,5,2,1813400.65
500035,11188,10-06-2025,32,Male,Kolkata,West Bengal,Beauty & Personal Care,Personal Care,Dove Body Wash,2,400,800,23,616,UPI,Delivered,3,3,40477276.30
500036,10140,30-06-2026,20,Male,Surat,Gujarat,Electronics,Smart Devices,Amazon Echo Dot,1,5283,5283,8,4860,UPI,Delivered,4,2,40477276.30
500037,10698,07-09-2025,20,Female,Bengaluru,Karnataka,Grocery,Snacks,Kurkure Masala Munch,4,38,151,15,128,Credit Card,Delivered,5,4,40477276.30
500038,11112,23-07-2025,36,Female,Hyderabad,Telangana,Electronics,Smart Devices,Amazon Echo Dot,2,5661,11323,8,10417,Credit Card,Delivered,4,4,40477276.30
500039,10366,27-06-2025,30,Male,Mumbai,Maharashtra,Grocery,Household,Colin Glass Cleaner,2,156,313,23,241,UPI,Delivered,4,5,40477276.30
500040,10011,26-01-2025,29,Male,Ranchi,Jharkhand,Books,Academic,Data Structures Handbook,1,782,782,7,728,Wallet,Delivered,3,2,40477276.30
500041,10189,12-09-2025,25,Female,Gurugram,Haryana,Fashion,Accessories,Wildcraft Backpack,1,2073,2073,2,2032,UPI,Delivered,4,1,40477276.30
500042,10950,11-10-2025,37,Male,Kolkata,West Bengal,Grocery,Staples,Fortune Sunflower Oil 1L,1,168,168,17,140,Credit Card,Delivered,4,2,40477276.30
500043,11205,29-06-2026,35,Male,Lucknow,Uttar Pradesh,Electronics,Smartphones,OnePlus Nord CE 4,3,25795,77385,9,70420,Debit Card,Delivered,4,1,40477276.30
500044,10307,06-06-2026,48,Male,Nagpur,Maharashtra,Fashion,Accessories,Fastrack Analog Watch,1,2620,2620,13,2280,UPI,Delivered,5,4,40477276.30
500045,11333,25-05-2026,32,Female,Bhubaneswar,Odisha,Electronics,Audio,Sony WH-CH520,1,4368,4368,18,3582,UPI,Delivered,5,3,40477276.30
500046,11093,28-05-2026,42,Female,Pune,Maharashtra,Electronics,Laptops,Dell Inspiron 15,4,55333,221334,27,161574,Credit Card,Delivered,4,1,40477276.30
500047,10919,30-05-2025,29,Female,Kochi,Kerala,Electronics,Audio,boAt Airdopes 141,1,1483,1483,2,1453,Debit Card,Delivered,4,1,40477276.30
500048,11192,14-07-2026,19,Male,Pune,Maharashtra,Fashion,Women Clothing,Biba Printed Kurta,1,1876,1876,14,1613,Credit Card,Delivered,5,3,40477276.30
500049,10478,24-02-2026,37,Female,Mysuru,Karnataka,Grocery,Staples,Aashirvaad Atta 5kg,2,284,568,18,466,UPI,Delivered,5,3,40477276.30
500050,11439,03-09-2025,39,Female,Kochi,Kerala,Home & Kitchen,Furniture,Study Table,1,6751,6751,15,5738,Credit Card,Delivered,5,4,40477276.30
500051,10206,03-03-2025,24,Female,Kolkata,West Bengal,Home & Kitchen,Storage,Wardrobe Organizer,1,929,929,10,836,UPI,Delivered,4,6,40477276.30
500052,10778,11-02-2025,31,Male,Pune,Maharashtra,Fashion,Footwear,Bata Formal Shoes,1,2616,2616,24,1988,Wallet,Delivered,5,2,40477276.30
500053,11102,26-03-2025,15,Male,Pune,Maharashtra,Grocery,Staples,Tata Salt 1kg,2,28,57,7,53,Credit Card,Delivered,2,3,40477276.30
500054,11330,22-03-2026,41,Female,Visakhapatnam,Andhra Pradesh,Home & Kitchen,Kitchen Appliances,Bajaj Air Fryer,1,5291,5291,18,4339,Net Banking,Delivered,5,3,40477276.30
500055,10080,26-08-2025,15,Female,Chennai,Tamil Nadu,Home & Kitchen,Storage,Cloth Organizer,3,703,2109,11,1877,Credit Card,Delivered,5,7,40477276.30
500056,11217,25-08-2025,27,Male,Delhi,Delhi (NCT),Electronics,Smartphones,Apple iPhone 15,1,69094,69094,24,52511,UPI,Delivered,3,1,40477276.30
500057,11208,03-01-2026,27,Female,Bengaluru,Karnataka,Books,Academic,Database Management Systems,1,873,873,26,646,Credit Card,Cancelled,4,0,3077928.23
500058,11142,08-07-2026,49,Male,Pune,Maharashtra,Books,Self-Help,Rich Dad Poor Dad,1,413,413,19,334,Debit Card,Delivered,5,2,40477276.30
500059,10758,22-03-2025,36,Female,Bengaluru,Karnataka,Sports,Accessories,Gym Gloves,4,575,2301,27,1680,Credit Card,Delivered,4,2,40477276.30
500060,10014,26-05-2025,15,Male,Kochi,Kerala,Electronics,Audio,Sony WH-CH520,1,4550,4550,25,3412,UPI,Delivered,4,3,40477276.30
500061,10271,23-02-2026,50,Male,Ahmedabad,Gujarat,Home & Kitchen,Furniture,Office Chair,2,7843,15687,9,14275,Debit Card,Delivered,3,2,40477276.30
500062,10103,26-05-2025,30,Male,Lucknow,Uttar Pradesh,Grocery,Household,Vim Dishwash Liquid,2,201,401,7,373,Credit Card,Delivered,5,4,40477276.30
500063,10932,06-02-2026,55,Female,Indore,Madhya Pradesh,Electronics,Audio,JBL Tune 770NC,2,5923,11846,10,10661,Wallet,Returned,3,5,1813400.65
500064,10158,04-01-2025,39,Female,Lucknow,Uttar Pradesh,Grocery,Household,Colin Glass Cleaner,1,148,148,19,120,Debit Card,Delivered,2,5,40477276.30
500065,10068,08-04-2026,45,Male,Ranchi,Jharkhand,Fashion,Men Clothing,Peter England Formal Shirt,1,1955,1955,29,1388,Debit Card,Delivered,4,5,40477276.30
500066,10450,09-08-2026,22,Male,Nagpur,Maharashtra,Home & Kitchen,Storage,Kitchen Storage Jars,1,1269,1269,23,977,Debit Card,Delivered,5,2,40477276.30
500067,10710,13-05-2026,53,Male,Gurugram,Haryana,Beauty & Personal Care,Haircare,Tresemme Conditioner,1,437,437,23,337,Cash on Delivery,Delivered,5,3,40477276.30
500068,10074,17-07-2026,51,Male,Visakhapatnam,Andhra Pradesh,Electronics,Smart Devices,Samsung Galaxy Watch,1,24950,24950,11,22205,Cash on Delivery,Delivered,4,4,40477276.30
500069,10325,04-10-2025,23,Female,Lucknow,Uttar Pradesh,Fashion,Accessories,Fastrack Analog Watch,1,2606,2606,17,2163,UPI,Delivered,4,3,40477276.30
500070,10473,23-10-2025,17,Female,Jaipur,Rajasthan,Electronics,Laptops,Dell Inspiron 15,1,60390,60390,23,46500,UPI,Delivered,1,4,40477276.30
500071,10180,07-03-2025,64,Female,Mumbai,Maharashtra,Fashion,Footwear,Nike Revolution Running Shoes,1,5215,5215,7,4850,Cash on Delivery,Delivered,5,7,40477276.30
500072,11037,08-05-2026,21,Male,Mumbai,Maharashtra,Beauty & Personal Care,Personal Care,Dove Body Wash,1,397,397,16,333,Credit Card,Delivered,4,3,40477276.30
500073,10839,27-04-2025,45,Male,Jaipur,Rajasthan,Home & Kitchen,Home Decor,Wooden Photo Frame,1,717,717,3,695,Credit Card,Delivered,3,6,40477276.30
500074,10532,17-03-2026,16,Female,Mumbai,Maharashtra,Electronics,Smart Devices,Samsung Galaxy Watch,1,24891,24891,29,17673,Cash on Delivery,Delivered,5,2,40477276.30
500075,10642,02-08-2025,52,Female,Coimbatore,Tamil Nadu,Beauty & Personal Care,Makeup,Maybelline Foundation,2,711,1422,20,1138,Debit Card,Delivered,2,4,40477276.30
500076,11190,09-01-2026,23,Female,Surat,Gujarat,Electronics,Laptops,Dell Inspiron 15,1,57984,57984,11,51606,Credit Card,Returned,2,7,1813400.65
500077,10822,24-12-2025,50,Female,Indore,Madhya Pradesh,Electronics,Smart Devices,Samsung Galaxy Watch,2,25072,50143,11,44627,Net Banking,Delivered,5,2,40477276.30
500078,11213,10-11-2025,26,Male,Pune,Maharashtra,Beauty & Personal Care,Haircare,Tresemme Conditioner,1,436,436,11,388,UPI,Cancelled,4,0,3077928.23
500079,10224,03-06-2025,16,Female,Ahmedabad,Gujarat,Home & Kitchen,Furniture,Bedside Table,1,3598,3598,22,2806,UPI,Returned,4,3,1813400.65
500080,10029,07-01-2026,27,Female,Vadodara,Gujarat,Beauty & Personal Care,Haircare,Dove Hair Mask,2,408,817,27,596,Wallet,Returned,1,3,1813400.65
500081,11135,04-12-2025,31,Female,Pune,Maharashtra,Sports,Outdoor Sports,Nivia Basketball,2,954,1909,30,1336,Net Banking,Delivered,4,1,40477276.30
500082,10210,06-05-2025,75,Female,Hyderabad,Telangana,Beauty & Personal Care,Personal Care,Gillette Shaving Kit,2,622,1245,17,1033,Debit Card,Cancelled,2,0,3077928.23
500083,10676,17-05-2026,25,Male,Delhi,Delhi (NCT),Books,Academic,Database Management Systems,1,950,950,18,779,UPI,Delivered,5,4,40477276.30
500084,10236,26-01-2025,41,Non-Binary,Kolkata,West Bengal,Fashion,Women Clothing,W Women Dress,1,2549,2549,2,2498,UPI,Delivered,5,7,40477276.30
500085,10747,29-05-2025,36,Female,Chennai,Tamil Nadu,Sports,Outdoor Sports,Yonex Badminton Racket,1,2388,2388,16,2006,Cash on Delivery,Delivered,4,2,40477276.30
500086,10832,01-05-2026,24,Female,Mumbai,Maharashtra,Electronics,Audio,boAt Airdopes 141,1,1523,1523,24,1157,Credit Card,Delivered,4,4,40477276.30
500087,11295,29-01-2026,35,Female,Hyderabad,Telangana,Home & Kitchen,Storage,Wardrobe Organizer,1,939,939,15,798,Net Banking,Delivered,4,2,40477276.30
500088,10432,08-06-2025,15,Male,Bengaluru,Karnataka,Grocery,Staples,Tata Salt 1kg,1,30,30,30,21,Wallet,Delivered,5,3,40477276.30
500089,10840,09-08-2025,32,Male,Pune,Maharashtra,Beauty & Personal Care,Makeup,Sugar Mascara,1,817,817,23,629,UPI,Delivered,3,4,40477276.30
500090,11450,05-05-2025,34,Female,Patna,Bihar,Grocery,Staples,Aashirvaad Atta 5kg,2,293,585,4,562,Debit Card,Delivered,4,4,40477276.30
500091,10536,03-01-2026,35,Male,Bhubaneswar,Odisha,Fashion,Men Clothing,Levi's Slim Jeans,4,2443,9773,3,9480,Credit Card,Delivered,3,4,40477276.30
500092,10982,07-05-2026,39,Female,Mumbai,Maharashtra,Electronics,Smartphones,Google Pixel 8a,1,51166,51166,25,38374,Credit Card,Cancelled,2,0,3077928.23
500093,10243,26-07-2025,40,Male,Lucknow,Uttar Pradesh,Electronics,Smartphones,Samsung Galaxy A55,2,38301,76601,18,62813,Net Banking,Cancelled,2,0,3077928.23
500094,11099,27-04-2026,44,Female,Surat,Gujarat,Fashion,Women Clothing,Biba Printed Kurta,2,1703,3406,17,2827,UPI,Delivered,5,2,40477276.30
500095,11026,31-03-2026,39,Male,Surat,Gujarat,Electronics,Smart Devices,Amazon Echo Dot,4,5468,21872,23,16841,UPI,Delivered,3,3,40477276.30
500096,10439,15-08-2026,15,Male,Jaipur,Rajasthan,Fashion,Men Clothing,Levi's Slim Jeans,1,2381,2381,17,1976,Debit Card,Delivered,3,4,40477276.30
500097,10692,30-06-2025,47,Male,Hyderabad,Telangana,Electronics,Smart Devices,Apple Watch SE,1,30459,30459,23,23453,Debit Card,Delivered,2,3,40477276.30
500098,10785,02-12-2025,40,Male,Ranchi,Jharkhand,Home & Kitchen,Furniture,Bedside Table,5,3639,18193,8,16737,Debit Card,Delivered,5,7,40477276.30
500099,10871,10-05-2026,32,Female,Surat,Gujarat,Sports,Sportswear,Nike Dri-FIT T-Shirt,2,1901,3802,28,2737,UPI,Delivered,4,3,40477276.30
500100,11413,03-12-2025,39,Male,Ahmedabad,Gujarat,Electronics,Smart Devices,Mi Smart Band 8,1,3684,3684,28,2653,Debit Card,Delivered,4,1,40477276.30
500101,10697,29-01-2025,38,Male,Pune,Maharashtra,Beauty & Personal Care,Haircare,Dove Hair Mask,1,392,392,26,290,Debit Card,Delivered,3,3,40477276.30
500102,11255,16-03-2025,48,Female,Gurugram,Haryana,Beauty & Personal Care,Makeup,Colorbar Eyeliner,1,521,521,3,505,Credit Card,Cancelled,2,0,3077928.23
500103,10112,09-11-2025,34,Male,Pune,Maharashtra,Electronics,Smart Devices,Samsung Galaxy Watch,2,24740,49480,10,44532,UPI,Delivered,5,4,40477276.30
500104,10557,22-08-2025,29,Female,Ahmedabad,Gujarat,Electronics,Laptops,HP Pavilion 14,1,63154,63154,25,47366,UPI,Delivered,4,2,40477276.30
500105,10515,06-03-2026,28,Female,Nashik,Maharashtra,Home & Kitchen,Furniture,Study Table,5,6239,31195,26,23084,UPI,Delivered,3,1,40477276.30
500106,10047,10-05-2025,29,Female,Bengaluru,Karnataka,Fashion,Men Clothing,Allen Solly Polo T-Shirt,1,1665,1665,24,1265,Debit Card,Delivered,5,3,40477276.30
500107,11095,30-03-2026,42,Female,Chennai,Tamil Nadu,Home & Kitchen,Furniture,Bookshelf,1,6356,6356,26,4704,Credit Card,Delivered,5,4,40477276.30
500108,10450,07-06-2026,22,Male,Nagpur,Maharashtra,Beauty & Personal Care,Haircare,L'Oreal Shampoo,1,574,574,3,557,Debit Card,Delivered,4,3,40477276.30
500109,10381,26-06-2026,25,Female,Mysuru,Karnataka,Home & Kitchen,Kitchen Appliances,Bajaj Air Fryer,1,5274,5274,24,4009,Debit Card,Delivered,5,1,40477276.30
500110,10923,06-07-2026,35,Male,Bengaluru,Karnataka,Beauty & Personal Care,Makeup,Colorbar Eyeliner,1,496,496,2,486,Credit Card,Delivered,5,3,40477276.30
500111,10367,12-06-2026,36,Female,Bhubaneswar,Odisha,Grocery,Snacks,Lays Classic Chips,1,38,38,16,32,UPI,Delivered,5,4,40477276.30
500112,11436,18-01-2025,37,Male,Gurugram,Haryana,Electronics,Laptops,ASUS Vivobook 15,2,58756,117513,18,96360,Credit Card,Delivered,5,3,40477276.30
500113,10050,16-04-2025,15,Male,Indore,Madhya Pradesh,Beauty & Personal Care,Makeup,Maybelline Foundation,1,717,717,5,682,UPI,Delivered,4,5,40477276.30
500114,11123,05-10-2025,41,Male,Bengaluru,Karnataka,Sports,Accessories,Gym Gloves,1,590,590,21,466,Credit Card,Delivered,3,2,40477276.30
500115,10898,14-08-2025,36,Male,Surat,Gujarat,Beauty & Personal Care,Haircare,Tresemme Conditioner,1,429,429,3,416,Cash on Delivery,Delivered,5,4,40477276.30
500116,11234,25-11-2025,62,Male,Bhopal,Madhya Pradesh,Electronics,Smartphones,Samsung Galaxy A55,1,41173,41173,18,33762,Wallet,Delivered,3,3,40477276.30
500117,11321,10-05-2025,35,Male,Chandigarh,Chandigarh (UT),Electronics,Smart Devices,Samsung Galaxy Watch,1,26463,26463,24,20112,Debit Card,Delivered,4,2,40477276.30
500118,10828,17-12-2025,28,Female,Mumbai,Maharashtra,Fashion,Footwear,Puma Sneakers,1,3935,3935,23,3030,UPI,Delivered,5,7,40477276.30
500119,11256,25-06-2026,21,Female,Indore,Madhya Pradesh,Electronics,Laptops,Dell Inspiron 15,1,59674,59674,6,56094,Credit Card,Cancelled,4,0,3077928.23
500120,11173,09-02-2026,35,Male,Ahmedabad,Gujarat,Grocery,Beverages,Real Fruit Juice,2,178,356,18,292,Cash on Delivery,Cancelled,1,0,3077928.23
500121,10899,17-03-2025,47,Female,Ranchi,Jharkhand,Grocery,Snacks,Lays Classic Chips,2,39,77,27,56,UPI,Returned,3,3,1813400.65
500122,10962,27-02-2026,49,Female,Lucknow,Uttar Pradesh,Beauty & Personal Care,Skincare,Cetaphil Face Wash,1,740,740,18,606,UPI,Delivered,2,1,40477276.30
500123,10101,17-06-2026,18,Male,Bhubaneswar,Odisha,Fashion,Accessories,Wildcraft Backpack,1,2009,2009,18,1647,UPI,Delivered,5,3,40477276.30
500124,10454,19-11-2025,40,Male,Lucknow,Uttar Pradesh,Beauty & Personal Care,Makeup,Colorbar Eyeliner,1,521,521,21,411,UPI,Delivered,5,5,40477276.30
500125,11229,22-01-2026,45,Female,Delhi,Delhi (NCT),Beauty & Personal Care,Personal Care,Nivea Body Lotion,1,349,349,25,262,UPI,Delivered,3,4,40477276.30
500126,10332,05-07-2026,24,Female,Bengaluru,Karnataka,Books,Self-Help,The Psychology of Money,1,570,570,28,410,UPI,Delivered,5,2,40477276.30
500127,10507,11-06-2026,27,Female,Pune,Maharashtra,Fashion,Footwear,Bata Formal Shoes,1,2431,2431,25,1823,Cash on Delivery,Delivered,2,3,40477276.30
500128,11335,12-06-2026,36,Male,Bengaluru,Karnataka,Home & Kitchen,Home Decor,Artificial Plant,2,818,1636,6,1538,Credit Card,Delivered,4,6,40477276.30
500129,10186,02-02-2026,42,Female,Mumbai,Maharashtra,Home & Kitchen,Home Decor,Decorative Table Lamp,1,1978,1978,17,1642,Credit Card,Delivered,4,5,40477276.30
500130,10929,17-01-2025,51,Female,Chennai,Tamil Nadu,Sports,Sportswear,Nike Dri-FIT T-Shirt,1,2065,2065,13,1797,UPI,Delivered,4,6,40477276.30
500131,11242,21-03-2026,32,Female,Ranchi,Jharkhand,Home & Kitchen,Furniture,Office Chair,2,7721,15442,28,11118,UPI,Delivered,5,3,40477276.30
500132,10228,15-10-2025,22,Female,Delhi,Delhi (NCT),Fashion,Accessories,Fastrack Analog Watch,2,2428,4856,5,4613,Debit Card,Delivered,4,3,40477276.30
500133,10769,11-04-2025,27,Female,Kolkata,West Bengal,Electronics,Laptops,HP Pavilion 14,1,63621,63621,26,47079,Debit Card,Delivered,4,5,40477276.30
500134,11339,30-09-2025,30,Male,Kolkata,West Bengal,Home & Kitchen,Storage,Wardrobe Organizer,1,854,854,29,606,Wallet,Delivered,4,6,40477276.30
500135,11061,17-05-2025,42,Female,Guwahati,Assam,Beauty & Personal Care,Personal Care,Nivea Body Lotion,2,330,659,19,534,UPI,Delivered,5,3,40477276.30
500136,10433,11-05-2026,31,Male,Bengaluru,Karnataka,Beauty & Personal Care,Haircare,Tresemme Conditioner,1,438,438,12,386,UPI,Delivered,3,4,40477276.30
500137,11154,25-03-2025,19,Female,Chennai,Tamil Nadu,Electronics,Smart Devices,Apple Watch SE,1,30615,30615,27,22349,Credit Card,Delivered,5,7,40477276.30
500138,11163,17-08-2025,19,Male,Mumbai,Maharashtra,Grocery,Snacks,Kurkure Masala Munch,1,40,40,22,31,Net Banking,Delivered,2,4,40477276.30
500139,11102,16-02-2026,15,Male,Pune,Maharashtra,Beauty & Personal Care,Skincare,The Derma Co Sunscreen,2,514,1027,7,955,Cash on Delivery,Delivered,4,3,40477276.30
500140,11165,10-03-2025,45,Male,Coimbatore,Tamil Nadu,Fashion,Women Clothing,Libas Anarkali Kurta,1,1987,1987,20,1590,Debit Card,Delivered,4,3,40477276.30
500141,10849,09-07-2026,27,Female,Kolkata,West Bengal,Electronics,Laptops,ASUS Vivobook 15,1,56171,56171,8,51678,UPI,Delivered,3,4,40477276.30
500142,10647,10-08-2025,15,Female,Gurugram,Haryana,Books,Self-Help,Rich Dad Poor Dad,1,387,387,14,332,UPI,Delivered,3,2,40477276.30
500143,11314,16-02-2025,40,Male,Indore,Madhya Pradesh,Electronics,Laptops,Dell Inspiron 15,1,55595,55595,27,40584,UPI,Delivered,4,4,40477276.30
500144,10746,26-04-2025,26,Male,Visakhapatnam,Andhra Pradesh,Books,Self-Help,The 7 Habits of Highly Effective People,1,698,698,26,516,Debit Card,Cancelled,4,0,3077928.23
500145,10100,18-09-2025,31,Female,Mumbai,Maharashtra,Electronics,Laptops,ASUS Vivobook 15,1,53661,53661,15,45612,UPI,Delivered,3,4,40477276.30
500146,11214,21-04-2026,44,Male,Surat,Gujarat,Electronics,Smartphones,Apple iPhone 15,5,66819,334093,25,250570,UPI,Delivered,4,6,40477276.30
500147,10367,07-09-2025,36,Female,Bhubaneswar,Odisha,Grocery,Household,Colin Glass Cleaner,1,146,146,15,124,Debit Card,Delivered,5,2,40477276.30
500148,10521,31-10-2025,16,Female,Delhi,Delhi (NCT),Fashion,Men Clothing,Peter England Formal Shirt,2,1823,3646,24,2771,UPI,Delivered,4,2,40477276.30
500149,11098,10-07-2025,15,Male,Noida,Uttar Pradesh,Fashion,Footwear,Nike Revolution Running Shoes,2,5067,10133,27,7397,UPI,Delivered,3,5,40477276.30
500150,10105,11-04-2026,32,Female,Dehradun,Uttarakhand,Grocery,Snacks,Lays Classic Chips,2,38,76,14,65,Cash on Delivery,Cancelled,4,0,3077928.23
500151,11391,15-12-2025,39,Female,Ahmedabad,Gujarat,Home & Kitchen,Home Decor,Decorative Table Lamp,2,2004,4008,21,3167,Credit Card,Delivered,5,4,40477276.30
500152,10155,14-09-2025,37,Male,Ahmedabad,Gujarat,Beauty & Personal Care,Skincare,Cetaphil Face Wash,1,694,694,6,653,Credit Card,Delivered,5,3,40477276.30
500153,11223,08-04-2026,41,Female,Mumbai,Maharashtra,Fashion,Accessories,Wildcraft Backpack,1,2047,2047,23,1576,Debit Card,Delivered,5,1,40477276.30
500154,10807,23-08-2025,36,Male,Hyderabad,Telangana,Beauty & Personal Care,Haircare,L'Oreal Shampoo,1,591,591,15,502,UPI,Delivered,4,5,40477276.30
500155,10308,09-01-2026,27,Male,Delhi,Delhi (NCT),Fashion,Men Clothing,Levi's Slim Jeans,1,2452,2452,20,1961,UPI,Delivered,5,4,40477276.30
500156,10065,03-10-2025,43,Male,Mumbai,Maharashtra,Fashion,Women Clothing,W Women Dress,2,2482,4963,13,4318,Debit Card,Delivered,5,2,40477276.30
500157,10630,13-06-2025,46,Female,Delhi,Delhi (NCT),Home & Kitchen,Home Decor,Wall Art Set,1,1236,1236,16,1038,Debit Card,Cancelled,4,0,3077928.23
500158,10803,29-06-2025,35,Male,Bhopal,Madhya Pradesh,Beauty & Personal Care,Makeup,Maybelline Foundation,2,725,1449,28,1043,UPI,Delivered,5,3,40477276.30
500159,11127,31-01-2026,37,Female,Pune,Maharashtra,Electronics,Audio,Sony WH-CH520,3,4527,13582,30,9507,Credit Card,Delivered,5,6,40477276.30
500160,11316,11-12-2025,20,Female,Patna,Bihar,Home & Kitchen,Kitchen Appliances,Philips Mixer Grinder,1,3315,3315,11,2951,Cash on Delivery,Delivered,3,3,40477276.30
500161,11164,23-12-2025,16,Non-Binary,Chennai,Tamil Nadu,Fashion,Accessories,Fastrack Analog Watch,2,2527,5054,19,4093,Debit Card,Delivered,2,6,40477276.30
500162,10822,24-01-2026,50,Female,Indore,Madhya Pradesh,Electronics,Audio,Sony WH-CH520,1,4236,4236,17,3516,Credit Card,Delivered,4,5,40477276.30
500163,11010,21-08-2026,28,Male,Indore,Madhya Pradesh,Electronics,Smartphones,Apple iPhone 15,1,71908,71908,7,66874,Credit Card,Delivered,4,5,40477276.30
500164,11386,16-01-2026,37,Female,Indore,Madhya Pradesh,Beauty & Personal Care,Makeup,Maybelline Foundation,1,724,724,30,507,Debit Card,Delivered,4,1,40477276.30
500165,10861,20-03-2026,36,Female,Delhi,Delhi (NCT),Sports,Fitness Equipment,Adjustable Dumbbells,1,2387,2387,28,1718,Debit Card,Delivered,4,5,40477276.30
500166,10236,03-03-2026,41,Non-Binary,Kolkata,West Bengal,Electronics,Laptops,Lenovo IdeaPad Slim 5,1,63136,63136,8,58085,Net Banking,Delivered,5,3,40477276.30
500167,11110,19-02-2026,55,Female,Nashik,Maharashtra,Books,Self-Help,The Power of Habit,1,498,498,21,394,Debit Card,Delivered,5,7,40477276.30
500168,11070,11-07-2025,38,Female,Mumbai,Maharashtra,Fashion,Accessories,Lavie Handbag,1,2170,2170,19,1758,Wallet,Delivered,4,1,40477276.30
500169,11058,30-08-2025,47,Female,Mumbai,Maharashtra,Books,Fiction,Atomic Habits,1,565,565,21,447,UPI,Delivered,5,2,40477276.30
500170,11137,13-02-2025,47,Female,Pune,Maharashtra,Beauty & Personal Care,Haircare,Dove Hair Mask,1,420,420,26,311,UPI,Delivered,5,1,40477276.30
500171,10228,24-09-2025,22,Female,Delhi,Delhi (NCT),Beauty & Personal Care,Makeup,Lakme Lipstick,2,602,1205,25,904,Credit Card,Delivered,5,5,40477276.30
500172,10323,17-08-2026,25,Male,Ahmedabad,Gujarat,Fashion,Accessories,Titan Wallet,1,1411,1411,18,1157,Net Banking,Delivered,5,3,40477276.30
500173,10396,18-05-2025,29,Female,Hyderabad,Telangana,Beauty & Personal Care,Makeup,Colorbar Eyeliner,4,482,1928,7,1793,UPI,Delivered,5,2,40477276.30
500174,10094,23-11-2025,30,Male,Indore,Madhya Pradesh,Electronics,Laptops,Dell Inspiron 15,1,60364,60364,22,47084,UPI,Delivered,4,3,40477276.30
500175,10229,10-12-2025,26,Male,Lucknow,Uttar Pradesh,Grocery,Household,Surf Excel Detergent,1,660,660,27,482,Credit Card,Delivered,4,2,40477276.30
500176,10196,29-01-2025,38,Male,Bengaluru,Karnataka,Grocery,Household,Surf Excel Detergent,3,714,2141,24,1627,Debit Card,Delivered,5,3,40477276.30
500177,11321,25-05-2026,35,Male,Chandigarh,Chandigarh (UT),Electronics,Laptops,ASUS Vivobook 15,1,52692,52692,11,46896,Debit Card,Cancelled,3,0,3077928.23
500178,10324,22-11-2025,57,Female,Pune,Maharashtra,Grocery,Staples,Fortune Sunflower Oil 1L,1,156,156,30,109,Debit Card,Delivered,5,2,40477276.30
500179,10139,26-04-2026,43,Female,Surat,Gujarat,Fashion,Men Clothing,Peter England Formal Shirt,1,1919,1919,25,1439,Debit Card,Delivered,5,1,40477276.30
500180,10997,21-08-2026,54,Female,Lucknow,Uttar Pradesh,Beauty & Personal Care,Haircare,Dove Hair Mask,1,403,403,14,346,Debit Card,Delivered,4,3,40477276.30
500181,10468,10-06-2025,42,Male,Mumbai,Maharashtra,Electronics,Smart Devices,Mi Smart Band 8,4,3556,14226,26,10527,UPI,Delivered,4,6,40477276.30
500182,10275,19-12-2025,23,Male,Chennai,Tamil Nadu,Sports,Sportswear,Nike Dri-FIT T-Shirt,2,1896,3792,16,3185,Credit Card,Delivered,5,2,40477276.30
500183,11408,01-06-2025,51,Male,Mumbai,Maharashtra,Beauty & Personal Care,Makeup,Maybelline Foundation,2,729,1457,11,1297,UPI,Delivered,5,6,40477276.30
500184,10177,07-12-2025,34,Male,Hyderabad,Telangana,Beauty & Personal Care,Personal Care,Nivea Body Lotion,1,337,337,17,280,UPI,Delivered,5,6,40477276.30
500185,10887,23-01-2025,40,Male,Delhi,Delhi (NCT),Electronics,Smartphones,Google Pixel 8a,1,51395,51395,6,48311,Debit Card,Delivered,4,3,40477276.30
500186,10051,25-06-2025,38,Female,Patna,Bihar,Home & Kitchen,Home Decor,Artificial Plant,1,798,798,26,590,UPI,Delivered,4,4,40477276.30
500187,10551,31-03-2026,35,Male,Mumbai,Maharashtra,Fashion,Accessories,Fastrack Analog Watch,3,2510,7529,29,5346,UPI,Delivered,4,4,40477276.30
500188,10700,21-01-2026,32,Male,Bhubaneswar,Odisha,Grocery,Beverages,Nescafe Classic,2,404,808,5,767,Credit Card,Delivered,3,4,40477276.30
500189,11081,16-07-2026,30,Female,Gurugram,Haryana,Home & Kitchen,Furniture,Office Chair,1,8349,8349,8,7681,UPI,Delivered,4,2,40477276.30
500190,10810,13-05-2025,24,Male,Surat,Gujarat,Fashion,Women Clothing,W Women Dress,2,2457,4913,15,4176,Debit Card,Delivered,5,1,40477276.30
500191,11428,23-03-2025,22,Non-Binary,Kolkata,West Bengal,Grocery,Snacks,Kurkure Masala Munch,2,39,79,11,70,UPI,Delivered,5,5,40477276.30
500192,10664,14-03-2026,28,Male,Kolkata,West Bengal,Home & Kitchen,Storage,Cloth Organizer,2,679,1358,25,1018,UPI,Delivered,4,4,40477276.30
500193,10042,12-10-2025,36,Female,Indore,Madhya Pradesh,Home & Kitchen,Storage,Wardrobe Organizer,2,931,1863,16,1565,UPI,Delivered,5,3,40477276.30
500194,10385,25-02-2025,26,Male,Hyderabad,Telangana,Beauty & Personal Care,Haircare,Tresemme Conditioner,1,438,438,25,328,UPI,Delivered,5,3,40477276.30
500195,10585,06-12-2025,36,Male,Lucknow,Uttar Pradesh,Home & Kitchen,Storage,Kitchen Storage Jars,1,1160,1160,18,951,Credit Card,Delivered,1,2,40477276.30
500196,10646,17-02-2025,31,Female,Pune,Maharashtra,Home & Kitchen,Furniture,Bedside Table,1,3486,3486,28,2510,Cash on Delivery,Delivered,4,1,40477276.30
500197,10214,28-07-2026,41,Female,Chennai,Tamil Nadu,Electronics,Smartphones,OnePlus Nord CE 4,2,26384,52767,17,43797,UPI,Cancelled,3,0,3077928.23
500198,10037,12-08-2026,36,Male,Coimbatore,Tamil Nadu,Books,Non-Fiction,Sapiens,1,732,732,7,680,Debit Card,Delivered,5,4,40477276.30
500199,10394,11-02-2025,54,Female,Mumbai,Maharashtra,Beauty & Personal Care,Personal Care,Himalaya Face Scrub,5,308,1539,24,1170,UPI,Delivered,3,4,40477276.30
500200,10236,08-10-2025,41,Non-Binary,Kolkata,West Bengal,Electronics,Laptops,HP Pavilion 14,5,63537,317683,12,279561,UPI,Delivered,4,2,40477276.30
500201,10169,03-03-2025,31,Female,Guwahati,Assam,Sports,Sportswear,Nike Dri-FIT T-Shirt,1,2000,2000,11,1780,UPI,Delivered,2,5,40477276.30
500202,10716,14-04-2025,46,Female,Lucknow,Uttar Pradesh,Electronics,Smartphones,Samsung Galaxy A55,5,38781,193905,4,186149,UPI,Delivered,4,3,40477276.30
500203,11341,18-05-2025,36,Male,Bhubaneswar,Odisha,Grocery,Snacks,Haldiram's Bhujia,2,187,373,20,299,Cash on Delivery,Delivered,4,3,40477276.30
500204,10592,24-06-2026,29,Male,Pune,Maharashtra,Books,Self-Help,Rich Dad Poor Dad,1,384,384,5,365,Credit Card,Delivered,4,3,40477276.30
500205,11344,16-08-2026,47,Male,Visakhapatnam,Andhra Pradesh,Grocery,Snacks,Lays Classic Chips,1,42,42,8,38,UPI,Delivered,5,4,40477276.30
500206,11154,20-10-2025,19,Female,Chennai,Tamil Nadu,Electronics,Smart Devices,Mi Smart Band 8,2,3681,7361,24,5595,Credit Card,Delivered,5,7,40477276.30
500207,11154,16-12-2025,19,Female,Chennai,Tamil Nadu,Electronics,Laptops,ASUS Vivobook 15,4,53467,213867,12,188203,Cash on Delivery,Delivered,5,3,40477276.30
500208,11349,24-04-2025,19,Male,Nagpur,Maharashtra,Fashion,Women Clothing,Aurelia Palazzo Set,1,2332,2332,30,1632,Net Banking,Delivered,3,2,40477276.30
500209,11225,25-04-2025,32,Male,Indore,Madhya Pradesh,Grocery,Beverages,Nescafe Classic,1,397,397,4,381,UPI,Cancelled,5,0,3077928.23
500210,10509,28-06-2025,35,Female,Bhubaneswar,Odisha,Electronics,Audio,OnePlus Buds 3,2,5504,11009,30,7706,Credit Card,Delivered,5,2,40477276.30
500211,10159,22-06-2026,21,Male,Hyderabad,Telangana,Fashion,Accessories,Fastrack Analog Watch,1,2436,2436,8,2241,Credit Card,Returned,3,3,1813400.65
500212,10799,26-03-2025,34,Female,Bhopal,Madhya Pradesh,Fashion,Women Clothing,W Women Dress,1,2606,2606,9,2371,UPI,Delivered,5,3,40477276.30
500213,10330,15-03-2026,41,Male,Delhi,Delhi (NCT),Home & Kitchen,Home Decor,Wooden Photo Frame,3,736,2209,9,2010,UPI,Delivered,4,3,40477276.30
500214,11309,01-10-2025,46,Male,Patna,Bihar,Grocery,Snacks,Haldiram's Bhujia,3,180,539,26,399,UPI,Delivered,4,3,40477276.30
500215,10019,16-05-2025,24,Female,Surat,Gujarat,Beauty & Personal Care,Makeup,Colorbar Eyeliner,1,515,515,11,458,Cash on Delivery,Delivered,3,6,40477276.30
500216,11163,03-10-2025,19,Male,Mumbai,Maharashtra,Electronics,Audio,boAt Airdopes 141,2,1477,2955,23,2275,Credit Card,Delivered,5,5,40477276.30
500217,10213,12-03-2026,44,Male,Bengaluru,Karnataka,Home & Kitchen,Storage,Wardrobe Organizer,2,904,1809,15,1537,UPI,Delivered,5,5,40477276.30
500218,10551,21-04-2026,35,Male,Mumbai,Maharashtra,Electronics,Smart Devices,Samsung Galaxy Watch,1,26342,26342,13,22917,Debit Card,Delivered,5,3,40477276.30
500219,10142,03-01-2026,48,Male,Chandigarh,Chandigarh (UT),Electronics,Smart Devices,Mi Smart Band 8,3,3411,10233,7,9517,Debit Card,Returned,2,2,1813400.65
500220,10043,21-09-2025,33,Female,Chennai,Tamil Nadu,Electronics,Smartphones,Google Pixel 8a,1,55030,55030,19,44575,Debit Card,Delivered,4,7,40477276.30
500221,11313,28-11-2025,49,Male,Chennai,Tamil Nadu,Beauty & Personal Care,Makeup,Lakme Lipstick,2,593,1187,28,854,Cash on Delivery,Delivered,3,2,40477276.30
500222,10064,18-08-2025,21,Female,Jaipur,Rajasthan,Beauty & Personal Care,Skincare,The Derma Co Sunscreen,1,502,502,25,376,Cash on Delivery,Delivered,3,1,40477276.30
500223,11044,02-02-2025,34,Female,Kolkata,West Bengal,Books,Non-Fiction,Think Like a Monk,1,391,391,28,281,UPI,Delivered,5,3,40477276.30
500224,11341,11-05-2025,36,Male,Bhubaneswar,Odisha,Electronics,Laptops,Dell Inspiron 15,1,60748,60748,17,50421,Debit Card,Delivered,5,2,40477276.30
500225,10971,13-05-2025,35,Female,Pune,Maharashtra,Grocery,Staples,India Gate Basmati Rice 5kg,1,690,690,27,503,UPI,Delivered,1,2,40477276.30
500226,10041,16-06-2025,42,Male,Mysuru,Karnataka,Beauty & Personal Care,Makeup,Maybelline Foundation,2,699,1399,10,1259,UPI,Delivered,4,5,40477276.30
500227,11426,10-07-2025,15,Female,Patna,Bihar,Sports,Fitness Equipment,Resistance Bands Set,1,708,708,3,686,Wallet,Delivered,5,2,40477276.30
500228,11380,28-05-2025,54,Male,Lucknow,Uttar Pradesh,Beauty & Personal Care,Skincare,Cetaphil Face Wash,2,694,1389,11,1236,Credit Card,Delivered,5,4,40477276.30
500229,11035,16-11-2025,29,Male,Lucknow,Uttar Pradesh,Electronics,Laptops,HP Pavilion 14,1,66260,66260,24,50358,UPI,Delivered,5,3,40477276.30
500230,10389,28-04-2026,44,Female,Chandigarh,Chandigarh (UT),Home & Kitchen,Kitchen Appliances,Havells OTG Oven,1,6991,6991,26,5173,UPI,Cancelled,5,0,3077928.23
500231,11424,26-07-2025,25,Male,Mumbai,Maharashtra,Home & Kitchen,Storage,Cloth Organizer,1,694,694,17,576,UPI,Delivered,5,2,40477276.30
500232,10497,24-11-2025,23,Female,Chennai,Tamil Nadu,Home & Kitchen,Storage,Plastic Storage Box Set,1,1056,1056,26,781,UPI,Cancelled,5,0,3077928.23
500233,10346,13-04-2025,37,Male,Kolkata,West Bengal,Fashion,Accessories,Fastrack Analog Watch,1,2467,2467,12,2171,UPI,Delivered,4,4,40477276.30
500234,10778,24-10-2025,31,Male,Pune,Maharashtra,Books,Fiction,Atomic Habits,2,629,1259,6,1183,UPI,Delivered,2,5,40477276.30
500235,11318,05-08-2026,31,Female,Hyderabad,Telangana,Electronics,Smartphones,Samsung Galaxy A55,5,41331,206653,9,188055,UPI,Delivered,4,4,40477276.30
500236,10253,22-10-2025,57,Female,Bengaluru,Karnataka,Beauty & Personal Care,Skincare,Cetaphil Face Wash,1,734,734,9,668,Credit Card,Cancelled,4,0,3077928.23
500237,10393,16-01-2026,19,Female,Chennai,Tamil Nadu,Home & Kitchen,Furniture,Office Chair,1,8261,8261,26,6113,Credit Card,Delivered,3,5,40477276.30
500238,10569,28-07-2026,15,Female,Bhopal,Madhya Pradesh,Electronics,Laptops,ASUS Vivobook 15,1,54530,54530,23,41988,UPI,Delivered,5,5,40477276.30
500239,10905,26-09-2025,36,Male,Kolkata,West Bengal,Grocery,Beverages,Tata Tea Gold,2,263,526,11,468,Net Banking,Delivered,3,5,40477276.30
500240,10365,19-12-2025,42,Male,Mumbai,Maharashtra,Fashion,Footwear,Puma Sneakers,4,3809,15236,28,10970,UPI,Delivered,4,4,40477276.30
500241,10244,08-08-2026,44,Female,Indore,Madhya Pradesh,Home & Kitchen,Home Decor,Wall Art Set,2,1232,2464,18,2020,Credit Card,Delivered,3,4,40477276.30
500242,10860,05-07-2025,41,Female,Hyderabad,Telangana,Fashion,Men Clothing,Roadster Casual Shirt,1,1349,1349,26,998,UPI,Delivered,5,7,40477276.30
500243,10082,07-05-2026,38,Female,Patna,Bihar,Fashion,Men Clothing,Peter England Formal Shirt,1,1838,1838,25,1379,Debit Card,Delivered,5,6,40477276.30
500244,11113,09-03-2026,44,Male,Chennai,Tamil Nadu,Fashion,Accessories,Wildcraft Backpack,1,2013,2013,18,1651,UPI,Delivered,3,4,40477276.30
500245,10271,04-06-2026,50,Male,Ahmedabad,Gujarat,Fashion,Footwear,Bata Formal Shoes,1,2460,2460,19,1992,UPI,Cancelled,2,0,3077928.23
500246,10887,18-07-2025,40,Male,Delhi,Delhi (NCT),Grocery,Household,Vim Dishwash Liquid,1,206,206,8,190,UPI,Delivered,5,2,40477276.30
500247,10203,21-11-2025,46,Male,Gurugram,Haryana,Beauty & Personal Care,Personal Care,Dove Body Wash,1,376,376,30,263,Credit Card,Delivered,4,7,40477276.30
500248,11245,14-03-2025,27,Male,Delhi,Delhi (NCT),Home & Kitchen,Kitchen Appliances,Philips Mixer Grinder,1,3476,3476,2,3407,Credit Card,Delivered,4,4,40477276.30
500249,10060,18-03-2026,45,Female,Hyderabad,Telangana,Grocery,Snacks,Parle-G Biscuits,3,52,156,6,146,Credit Card,Delivered,5,1,40477276.30
500250,10959,26-07-2025,40,Male,Bengaluru,Karnataka,Electronics,Smart Devices,Mi Smart Band 8,1,3424,3424,27,2500,Net Banking,Delivered,4,3,40477276.30
500251,10623,28-08-2025,55,Female,Indore,Madhya Pradesh,Sports,Fitness Equipment,Adjustable Dumbbells,1,2426,2426,23,1868,UPI,Delivered,3,1,40477276.30
500252,10882,07-03-2026,28,Male,Kolkata,West Bengal,Sports,Sportswear,Puma Training Shorts,2,1899,3798,2,3722,Credit Card,Delivered,3,3,40477276.30
500253,10257,31-07-2026,48,Male,Ahmedabad,Gujarat,Beauty & Personal Care,Haircare,Dove Hair Mask,1,377,377,28,272,Credit Card,Delivered,5,5,40477276.30
500254,10433,07-03-2026,31,Male,Bengaluru,Karnataka,Home & Kitchen,Storage,Kitchen Storage Jars,1,1231,1231,6,1157,Credit Card,Delivered,3,7,40477276.30
500255,10316,17-02-2026,34,Female,Bengaluru,Karnataka,Books,Fiction,The Alchemist,1,381,381,11,339,Cash on Delivery,Delivered,5,6,40477276.30
500256,10057,16-07-2026,25,Female,Chennai,Tamil Nadu,Grocery,Snacks,Haldiram's Bhujia,1,172,172,25,129,UPI,Delivered,5,4,40477276.30
500257,11104,06-03-2025,32,Male,Delhi,Delhi (NCT),Fashion,Men Clothing,Peter England Formal Shirt,1,1841,1841,18,1510,Debit Card,Delivered,3,2,40477276.30
500258,10698,27-06-2026,20,Female,Bengaluru,Karnataka,Electronics,Laptops,HP Pavilion 14,1,63566,63566,9,57845,UPI,Delivered,5,7,40477276.30
500259,10987,18-04-2026,51,Female,Hyderabad,Telangana,Home & Kitchen,Storage,Plastic Storage Box Set,2,1000,2000,14,1720,Credit Card,Delivered,5,2,40477276.30
500260,10117,09-07-2026,34,Female,Chennai,Tamil Nadu,Grocery,Beverages,Nescafe Classic,1,391,391,18,320,Credit Card,Delivered,5,5,40477276.30
500261,10685,10-01-2026,21,Male,Bhopal,Madhya Pradesh,Sports,Accessories,Gym Gloves,2,582,1165,15,990,UPI,Delivered,5,2,40477276.30
500262,10459,08-07-2025,28,Female,Mumbai,Maharashtra,Electronics,Audio,JBL Tune 770NC,1,6124,6124,5,5818,Credit Card,Delivered,4,1,40477276.30
500263,11012,02-10-2025,36,Female,Mumbai,Maharashtra,Beauty & Personal Care,Makeup,Sugar Mascara,1,792,792,30,555,Credit Card,Delivered,3,3,40477276.30
500264,11104,07-06-2026,32,Male,Delhi,Delhi (NCT),Fashion,Accessories,Fastrack Analog Watch,1,2561,2561,8,2356,Credit Card,Delivered,5,5,40477276.30
500265,10123,19-04-2026,49,Female,Patna,Bihar,Beauty & Personal Care,Skincare,The Derma Co Sunscreen,1,487,487,7,453,Credit Card,Delivered,4,4,40477276.30
500266,10826,04-08-2025,50,Female,Coimbatore,Tamil Nadu,Electronics,Smartphones,Apple iPhone 15,1,66551,66551,14,57234,Credit Card,Delivered,5,4,40477276.30
500267,11091,27-10-2025,33,Female,Pune,Maharashtra,Electronics,Smart Devices,Samsung Galaxy Watch,2,24088,48175,15,40949,UPI,Delivered,3,3,40477276.30
500268,10586,03-07-2025,37,Male,Chennai,Tamil Nadu,Beauty & Personal Care,Skincare,The Derma Co Sunscreen,1,497,497,9,452,UPI,Cancelled,2,0,3077928.23
500269,10285,21-02-2026,57,Male,Nashik,Maharashtra,Electronics,Smartphones,Google Pixel 8a,1,53885,53885,7,50113,Debit Card,Delivered,4,4,40477276.30
500270,10663,28-03-2026,34,Female,Delhi,Delhi (NCT),Beauty & Personal Care,Makeup,Sugar Mascara,3,770,2309,17,1917,Debit Card,Delivered,4,2,40477276.30
500271,10451,25-03-2026,33,Female,Indore,Madhya Pradesh,Books,Non-Fiction,Sapiens,1,679,679,14,584,Net Banking,Delivered,4,3,40477276.30
500272,11420,24-02-2025,40,Female,Gurugram,Haryana,Grocery,Beverages,Real Fruit Juice,2,176,353,3,342,Cash on Delivery,Delivered,4,3,40477276.30
500273,10472,15-03-2025,15,Female,Indore,Madhya Pradesh,Home & Kitchen,Kitchen Appliances,Prestige Electric Kettle,1,1788,1788,7,1662,Credit Card,Delivered,5,3,40477276.30
500274,10248,04-08-2026,27,Female,Jaipur,Rajasthan,Books,Fiction,Atomic Habits,1,621,621,15,528,UPI,Delivered,3,5,40477276.30
500275,10775,07-04-2025,41,Male,Hyderabad,Telangana,Sports,Accessories,Gym Gloves,1,632,632,18,518,Wallet,Delivered,4,5,40477276.30
500276,10897,08-02-2025,32,Male,Hyderabad,Telangana,Fashion,Women Clothing,Biba Printed Kurta,1,1812,1812,10,1631,Credit Card,Returned,3,2,1813400.65
500277,11086,15-05-2026,39,Female,Jaipur,Rajasthan,Home & Kitchen,Kitchen Appliances,Prestige Electric Kettle,1,1861,1861,14,1600,Credit Card,Delivered,4,4,40477276.30
500278,10387,14-08-2025,38,Female,Mumbai,Maharashtra,Home & Kitchen,Storage,Cloth Organizer,1,728,728,11,648,UPI,Delivered,4,2,40477276.30
500279,10085,16-06-2025,25,Female,Bengaluru,Karnataka,Electronics,Smart Devices,Samsung Galaxy Watch,1,24713,24713,9,22489,UPI,Delivered,3,7,40477276.30
500280,10326,13-06-2026,21,Male,Gurugram,Haryana,Grocery,Snacks,Parle-G Biscuits,1,53,53,6,49,Credit Card,Delivered,4,5,40477276.30
500281,10421,08-05-2026,57,Male,Mumbai,Maharashtra,Beauty & Personal Care,Makeup,Lakme Lipstick,1,600,600,26,444,Debit Card,Delivered,5,2,40477276.30
500282,10381,25-09-2025,25,Female,Mysuru,Karnataka,Fashion,Accessories,Wildcraft Backpack,2,1892,3785,3,3671,UPI,Delivered,5,2,40477276.30
500283,10192,16-11-2025,43,Female,Mysuru,Karnataka,Electronics,Audio,JBL Tune 770NC,1,6310,6310,22,4922,Debit Card,Delivered,5,4,40477276.30
500284,10273,08-01-2025,47,Male,Bengaluru,Karnataka,Electronics,Smartphones,Apple iPhone 15,1,70183,70183,9,63866,Cash on Delivery,Delivered,3,6,40477276.30
500285,10339,14-03-2026,39,Male,Mumbai,Maharashtra,Electronics,Audio,OnePlus Buds 3,2,5322,10643,12,9366,UPI,Delivered,5,3,40477276.30
500286,10893,19-08-2025,46,Female,Mumbai,Maharashtra,Electronics,Smart Devices,Samsung Galaxy Watch,2,26142,52283,21,41304,UPI,Cancelled,5,0,3077928.23
500287,10820,25-06-2026,46,Male,Bhubaneswar,Odisha,Fashion,Men Clothing,Roadster Casual Shirt,4,1365,5462,9,4970,Debit Card,Delivered,4,4,40477276.30
500288,11238,16-07-2026,28,Male,Hyderabad,Telangana,Fashion,Men Clothing,Roadster Casual Shirt,3,1290,3869,25,2902,Credit Card,Delivered,5,3,40477276.30
500289,10835,23-01-2025,34,Male,Noida,Uttar Pradesh,Sports,Sportswear,Decathlon Sports T-Shirt,1,811,811,2,795,Credit Card,Delivered,4,3,40477276.30
500290,10317,21-08-2026,42,Male,Bengaluru,Karnataka,Beauty & Personal Care,Makeup,Sugar Mascara,1,763,763,23,587,Debit Card,Delivered,4,6,40477276.30
500291,11083,10-04-2026,30,Female,Mysuru,Karnataka,Electronics,Smartphones,Samsung Galaxy A55,1,39792,39792,22,31038,UPI,Delivered,4,5,40477276.30
500292,11286,30-03-2025,19,Male,Chennai,Tamil Nadu,Electronics,Smartphones,Samsung Galaxy A55,2,39901,79803,14,68630,Debit Card,Delivered,4,6,40477276.30
500293,10888,24-02-2026,30,Male,Lucknow,Uttar Pradesh,Home & Kitchen,Furniture,Bookshelf,1,6015,6015,11,5354,Net Banking,Delivered,4,4,40477276.30
500294,10195,26-06-2026,36,Male,Mumbai,Maharashtra,Grocery,Beverages,Nescafe Classic,1,383,383,24,291,Credit Card,Delivered,5,2,40477276.30
500295,10143,31-12-2025,16,Male,Kolkata,West Bengal,Beauty & Personal Care,Personal Care,Dove Body Wash,2,388,775,5,737,UPI,Delivered,5,4,40477276.30
500296,10339,20-07-2026,39,Male,Mumbai,Maharashtra,Grocery,Beverages,Nescafe Classic,1,376,376,13,327,Credit Card,Delivered,2,4,40477276.30
500297,11303,27-01-2025,32,Female,Chennai,Tamil Nadu,Beauty & Personal Care,Haircare,Dove Hair Mask,5,395,1977,20,1582,Net Banking,Delivered,5,5,40477276.30
500298,10552,04-07-2026,32,Female,Pune,Maharashtra,Electronics,Audio,OnePlus Buds 3,1,5636,5636,26,4171,UPI,Returned,4,1,1813400.65
500299,10336,14-04-2026,32,Female,Vadodara,Gujarat,Home & Kitchen,Furniture,Study Table,1,6628,6628,21,5236,UPI,Delivered,4,3,40477276.30
500300,10793,07-05-2026,37,Male,Nashik,Maharashtra,Electronics,Laptops,HP Pavilion 14,1,64217,64217,23,49447,UPI,Delivered,5,2,40477276.30
500301,10470,11-12-2025,28,Male,Nagpur,Maharashtra,Sports,Sportswear,Nike Dri-FIT T-Shirt,1,2009,2009,5,1909,Credit Card,Cancelled,5,0,3077928.23
500302,10711,13-06-2026,36,Female,Delhi,Delhi (NCT),Home & Kitchen,Home Decor,Decorative Table Lamp,1,1871,1871,24,1422,Credit Card,Delivered,4,2,40477276.30
500303,10762,18-05-2026,35,Female,Mumbai,Maharashtra,Grocery,Staples,India Gate Basmati Rice 5kg,3,724,2173,19,1760,Credit Card,Delivered,1,6,40477276.30
500304,11064,03-06-2026,15,Female,Mumbai,Maharashtra,Home & Kitchen,Furniture,Bookshelf,1,6253,6253,23,4815,UPI,Delivered,5,7,40477276.30
500305,11332,11-03-2025,47,Female,Delhi,Delhi (NCT),Sports,Fitness Equipment,Adjustable Dumbbells,1,2419,2419,3,2347,UPI,Returned,2,5,1813400.65
500306,10325,14-12-2025,23,Female,Lucknow,Uttar Pradesh,Sports,Accessories,Sports Cap,1,415,415,16,349,Credit Card,Delivered,4,3,40477276.30
500307,11083,19-12-2025,30,Female,Mysuru,Karnataka,Beauty & Personal Care,Makeup,Lakme Lipstick,1,604,604,15,513,UPI,Delivered,5,3,40477276.30
500308,10547,24-09-2025,40,Male,Pune,Maharashtra,Fashion,Men Clothing,Roadster Casual Shirt,1,1282,1282,6,1205,Cash on Delivery,Delivered,5,4,40477276.30
500309,10741,27-03-2025,15,Male,Dehradun,Uttarakhand,Beauty & Personal Care,Skincare,Minimalist Niacinamide Serum,1,597,597,10,537,Debit Card,Delivered,5,4,40477276.30
500310,11280,03-11-2025,31,Male,Chennai,Tamil Nadu,Sports,Sportswear,Puma Training Shorts,1,1717,1717,12,1511,Debit Card,Delivered,4,3,40477276.30
500311,10706,22-08-2025,41,Female,Chennai,Tamil Nadu,Fashion,Men Clothing,Roadster Casual Shirt,3,1324,3973,16,3337,UPI,Delivered,4,4,40477276.30
500312,10732,30-12-2025,23,Female,Mumbai,Maharashtra,Electronics,Laptops,Lenovo IdeaPad Slim 5,1,68768,68768,21,54327,Debit Card,Delivered,5,3,40477276.30
500313,10975,20-04-2025,29,Female,Pune,Maharashtra,Electronics,Smart Devices,Apple Watch SE,2,29495,58989,3,57220,UPI,Delivered,5,4,40477276.30
500314,10543,24-07-2025,40,Male,Pune,Maharashtra,Grocery,Household,Vim Dishwash Liquid,4,196,785,18,644,Credit Card,Delivered,3,3,40477276.30
500315,11197,17-05-2026,34,Female,Dehradun,Uttarakhand,Home & Kitchen,Furniture,Study Table,1,6660,6660,11,5927,Cash on Delivery,Delivered,4,2,40477276.30
500316,10333,07-05-2025,35,Male,Chennai,Tamil Nadu,Electronics,Audio,boAt Airdopes 141,1,1465,1465,26,1084,UPI,Delivered,5,4,40477276.30
500317,10647,01-01-2025,15,Female,Gurugram,Haryana,Beauty & Personal Care,Skincare,Neutrogena Moisturizer,1,816,816,6,767,UPI,Delivered,3,4,40477276.30
500318,10916,20-02-2025,37,Non-Binary,Chennai,Tamil Nadu,Fashion,Footwear,Puma Sneakers,2,4169,8337,25,6253,UPI,Delivered,5,5,40477276.30
500319,10902,15-03-2026,30,Male,Nagpur,Maharashtra,Electronics,Smartphones,OnePlus Nord CE 4,1,25255,25255,17,20961,UPI,Delivered,3,6,40477276.30
500320,10497,16-03-2026,23,Female,Chennai,Tamil Nadu,Electronics,Laptops,Dell Inspiron 15,2,61413,122826,23,94576,UPI,Delivered,5,1,40477276.30
500321,10550,12-09-2025,27,Male,Bhubaneswar,Odisha,Sports,Outdoor Sports,Yonex Badminton Racket,1,2390,2390,3,2319,Cash on Delivery,Delivered,4,2,40477276.30
500322,10133,24-02-2025,22,Male,Ahmedabad,Gujarat,Fashion,Women Clothing,Aurelia Palazzo Set,3,2328,6983,10,6285,UPI,Delivered,2,1,40477276.30
500323,11405,15-07-2026,45,Male,Nagpur,Maharashtra,Sports,Fitness Equipment,Decathlon Yoga Mat,1,941,941,26,697,Credit Card,Delivered,4,3,40477276.30
500324,10320,29-01-2026,33,Female,Kolkata,West Bengal,Fashion,Men Clothing,Levi's Slim Jeans,2,2485,4970,27,3628,Debit Card,Delivered,4,3,40477276.30
500325,10194,27-04-2026,20,Male,Pune,Maharashtra,Beauty & Personal Care,Makeup,Sugar Mascara,3,795,2384,6,2241,Debit Card,Delivered,5,2,40477276.30
500326,11273,06-10-2025,22,Female,Nagpur,Maharashtra,Fashion,Accessories,Titan Wallet,1,1557,1557,23,1199,UPI,Delivered,4,5,40477276.30
500327,11260,08-05-2025,33,Female,Kochi,Kerala,Grocery,Snacks,Lays Classic Chips,1,41,41,24,32,UPI,Delivered,5,3,40477276.30
500328,11385,04-11-2025,42,Male,Patna,Bihar,Grocery,Snacks,Parle-G Biscuits,1,52,52,19,42,Cash on Delivery,Delivered,4,4,40477276.30
500329,11245,18-04-2026,27,Male,Delhi,Delhi (NCT),Grocery,Snacks,Lays Classic Chips,1,41,41,26,31,Credit Card,Delivered,5,3,40477276.30
500330,10026,14-05-2026,35,Female,Bengaluru,Karnataka,Home & Kitchen,Home Decor,Wall Art Set,1,1347,1347,17,1118,Debit Card,Delivered,5,2,40477276.30
500331,11036,15-11-2025,51,Male,Bengaluru,Karnataka,Grocery,Staples,Tata Salt 1kg,1,29,29,22,23,UPI,Delivered,4,2,40477276.30
500332,10175,21-01-2025,37,Female,Bengaluru,Karnataka,Books,Fiction,The Alchemist,1,376,376,26,278,UPI,Delivered,5,2,40477276.30
500333,10319,28-03-2025,38,Female,Kolkata,West Bengal,Fashion,Women Clothing,Aurelia Palazzo Set,1,2329,2329,14,2003,Credit Card,Delivered,3,2,40477276.30
500334,10292,09-04-2026,29,Female,Mumbai,Maharashtra,Home & Kitchen,Furniture,Office Chair,2,8432,16863,4,16189,Cash on Delivery,Delivered,5,3,40477276.30
500335,11286,14-02-2026,19,Male,Chennai,Tamil Nadu,Home & Kitchen,Kitchen Appliances,Philips Mixer Grinder,1,3463,3463,25,2597,UPI,Delivered,5,5,40477276.30
500336,11369,07-08-2026,29,Female,Chennai,Tamil Nadu,Books,Self-Help,The Power of Habit,1,505,505,18,414,Debit Card,Delivered,4,3,40477276.30
500337,10427,11-02-2025,23,Female,Ranchi,Jharkhand,Beauty & Personal Care,Haircare,Mamaearth Hair Serum,2,489,978,13,851,Cash on Delivery,Delivered,5,5,40477276.30
500338,10597,08-02-2025,31,Male,Mysuru,Karnataka,Beauty & Personal Care,Skincare,Minimalist Niacinamide Serum,1,587,587,11,523,Cash on Delivery,Delivered,4,4,40477276.30
500339,10486,01-06-2026,18,Male,Mumbai,Maharashtra,Home & Kitchen,Storage,Cloth Organizer,1,714,714,15,607,Wallet,Delivered,3,3,40477276.30
500340,10307,23-09-2025,48,Male,Nagpur,Maharashtra,Fashion,Men Clothing,Levi's Slim Jeans,1,2562,2562,12,2254,Debit Card,Delivered,5,2,40477276.30
500341,10132,14-07-2026,35,Female,Delhi,Delhi (NCT),Electronics,Audio,Sony WH-CH520,2,4318,8637,15,7341,UPI,Delivered,3,7,40477276.30
500342,11119,24-10-2025,36,Female,Bengaluru,Karnataka,Books,Non-Fiction,Educated,1,589,589,23,454,Credit Card,Delivered,5,5,40477276.30
500343,10360,08-01-2025,25,Female,Bengaluru,Karnataka,Electronics,Audio,OnePlus Buds 3,1,5196,5196,2,5092,UPI,Delivered,4,7,40477276.30
500344,11441,06-08-2026,41,Male,Jaipur,Rajasthan,Electronics,Smartphones,Apple iPhone 15,1,70168,70168,28,50521,UPI,Delivered,4,2,40477276.30
500345,10464,20-02-2026,36,Male,Kolkata,West Bengal,Home & Kitchen,Furniture,Bookshelf,1,6131,6131,29,4353,UPI,Delivered,4,5,40477276.30
500346,10319,05-08-2025,38,Female,Kolkata,West Bengal,Fashion,Women Clothing,Biba Printed Kurta,5,1866,9331,29,6625,Cash on Delivery,Delivered,3,3,40477276.30
500347,10723,13-01-2026,19,Male,Chennai,Tamil Nadu,Books,Fiction,The Silent Patient,2,513,1026,9,934,UPI,Cancelled,3,0,3077928.23
500348,10739,21-06-2026,52,Male,Kochi,Kerala,Fashion,Footwear,Bata Formal Shoes,1,2577,2577,2,2526,UPI,Delivered,3,3,40477276.30
500349,10864,05-11-2025,54,Female,Lucknow,Uttar Pradesh,Beauty & Personal Care,Skincare,Neutrogena Moisturizer,1,761,761,2,746,UPI,Delivered,4,5,40477276.30
500350,10399,20-10-2025,33,Male,Mysuru,Karnataka,Beauty & Personal Care,Makeup,Sugar Mascara,2,839,1677,29,1191,Wallet,Delivered,4,4,40477276.30
500351,11178,28-02-2026,33,Male,Ahmedabad,Gujarat,Electronics,Audio,Sony WH-CH520,2,4551,9103,5,8647,UPI,Delivered,5,1,40477276.30
500352,10447,09-08-2026,38,Female,Jaipur,Rajasthan,Beauty & Personal Care,Personal Care,Nivea Body Lotion,2,348,696,4,668,Cash on Delivery,Delivered,5,2,40477276.30
500353,10868,26-11-2025,38,Male,Guwahati,Assam,Home & Kitchen,Furniture,Bookshelf,1,5741,5741,8,5281,UPI,Delivered,5,4,40477276.30
500354,10139,27-07-2026,43,Female,Surat,Gujarat,Electronics,Smartphones,OnePlus Nord CE 4,1,26192,26192,16,22001,Debit Card,Delivered,5,4,40477276.30
500355,10867,20-07-2026,37,Male,Kochi,Kerala,Electronics,Smartphones,Apple iPhone 15,1,65969,65969,19,53435,UPI,Delivered,5,4,40477276.30
500356,10243,19-02-2026,40,Male,Lucknow,Uttar Pradesh,Grocery,Beverages,Tata Tea Gold,1,274,274,3,266,Credit Card,Delivered,5,3,40477276.30
500357,10475,24-07-2026,52,Female,Delhi,Delhi (NCT),Sports,Outdoor Sports,Cosco Football,1,856,856,14,737,Credit Card,Delivered,5,2,40477276.30
500358,10664,07-05-2026,28,Male,Kolkata,West Bengal,Home & Kitchen,Storage,Wardrobe Organizer,2,895,1790,21,1414,Cash on Delivery,Delivered,4,5,40477276.30
500359,10584,04-04-2026,59,Female,Hyderabad,Telangana,Fashion,Men Clothing,Allen Solly Polo T-Shirt,2,1654,3307,20,2646,UPI,Delivered,5,7,40477276.30
500360,10559,18-04-2025,38,Non-Binary,Noida,Uttar Pradesh,Sports,Sportswear,Puma Training Shorts,2,1831,3661,3,3551,Cash on Delivery,Delivered,4,2,40477276.30
500361,10235,07-07-2026,58,Male,Mumbai,Maharashtra,Home & Kitchen,Home Decor,Wooden Photo Frame,5,701,3507,27,2560,UPI,Delivered,5,4,40477276.30
500362,10348,15-06-2025,19,Female,Mumbai,Maharashtra,Books,Fiction,The Alchemist,1,405,405,7,376,Credit Card,Delivered,5,5,40477276.30
500363,10158,08-07-2026,39,Female,Lucknow,Uttar Pradesh,Fashion,Accessories,Titan Wallet,1,1513,1513,19,1225,UPI,Delivered,4,5,40477276.30
500364,10092,22-01-2025,45,Female,Lucknow,Uttar Pradesh,Books,Self-Help,Rich Dad Poor Dad,1,389,389,30,272,Debit Card,Returned,4,3,1813400.65
500365,11136,09-08-2025,45,Male,Jaipur,Rajasthan,Sports,Outdoor Sports,SG Cricket Bat,1,3443,3443,27,2513,Cash on Delivery,Delivered,5,5,40477276.30
500366,10565,14-06-2026,47,Female,Surat,Gujarat,Home & Kitchen,Home Decor,Wall Art Set,1,1303,1303,30,912,Debit Card,Delivered,5,7,40477276.30
500367,11032,27-07-2025,16,Male,Surat,Gujarat,Grocery,Household,Colin Glass Cleaner,1,150,150,10,135,UPI,Delivered,3,3,40477276.30
500368,10005,12-08-2026,31,Male,Delhi,Delhi (NCT),Fashion,Men Clothing,Roadster Casual Shirt,2,1226,2452,3,2378,UPI,Delivered,3,3,40477276.30
500369,11252,20-04-2026,43,Female,Hyderabad,Telangana,Beauty & Personal Care,Makeup,Lakme Lipstick,1,582,582,22,454,UPI,Delivered,4,4,40477276.30
500370,10176,25-03-2026,43,Male,Nagpur,Maharashtra,Grocery,Beverages,Real Fruit Juice,1,189,189,24,143,Net Banking,Cancelled,4,0,3077928.23
500371,10419,29-03-2025,47,Male,Kochi,Kerala,Books,Self-Help,The Power of Habit,2,514,1027,25,770,Credit Card,Delivered,3,7,40477276.30
500372,11407,04-06-2025,18,Male,Delhi,Delhi (NCT),Beauty & Personal Care,Makeup,Maybelline Foundation,1,658,658,12,579,Credit Card,Delivered,5,6,40477276.30
500373,10730,05-10-2025,25,Male,Jaipur,Rajasthan,Beauty & Personal Care,Skincare,Minimalist Niacinamide Serum,1,574,574,18,471,UPI,Delivered,2,3,40477276.30
500374,11351,30-04-2026,21,Male,Pune,Maharashtra,Electronics,Laptops,Lenovo IdeaPad Slim 5,2,62504,125008,7,116257,Credit Card,Cancelled,2,0,3077928.23
500375,10674,09-03-2025,30,Male,Pune,Maharashtra,Fashion,Men Clothing,Roadster Casual Shirt,1,1248,1248,16,1048,UPI,Delivered,3,7,40477276.30
500376,10187,08-01-2026,39,Male,Chennai,Tamil Nadu,Fashion,Accessories,Wildcraft Backpack,1,1948,1948,22,1520,Debit Card,Delivered,4,3,40477276.30
500377,10057,04-10-2025,25,Female,Chennai,Tamil Nadu,Sports,Accessories,Gym Gloves,1,589,589,18,483,Debit Card,Delivered,4,2,40477276.30
500378,11032,31-05-2026,16,Male,Surat,Gujarat,Fashion,Men Clothing,Peter England Formal Shirt,3,1930,5789,2,5674,Credit Card,Delivered,4,4,40477276.30
500379,10317,02-02-2026,42,Male,Bengaluru,Karnataka,Sports,Accessories,Gym Gloves,2,616,1232,26,911,UPI,Delivered,4,4,40477276.30
500380,10976,21-02-2025,15,Male,Lucknow,Uttar Pradesh,Grocery,Beverages,Paper Boat Aamras,1,148,148,29,105,UPI,Delivered,4,3,40477276.30
500381,11004,09-04-2026,27,Male,Gurugram,Haryana,Electronics,Audio,boAt Airdopes 141,1,1461,1461,23,1125,UPI,Returned,4,1,1813400.65
500382,10875,12-02-2025,34,Female,Kolkata,West Bengal,Home & Kitchen,Home Decor,Decorative Table Lamp,1,1896,1896,9,1726,Net Banking,Delivered,3,2,40477276.30
500383,10242,29-05-2025,33,Male,Nagpur,Maharashtra,Fashion,Men Clothing,Levi's Slim Jeans,1,2401,2401,4,2305,UPI,Delivered,4,6,40477276.30
500384,10561,04-03-2025,37,Female,Ranchi,Jharkhand,Electronics,Laptops,ASUS Vivobook 15,1,57756,57756,23,44472,Cash on Delivery,Delivered,5,3,40477276.30
500385,10813,27-11-2025,50,Male,Nagpur,Maharashtra,Home & Kitchen,Kitchen Appliances,Havells OTG Oven,1,6887,6887,2,6749,Credit Card,Delivered,5,5,40477276.30
500386,11241,16-11-2025,30,Male,Bengaluru,Karnataka,Beauty & Personal Care,Makeup,Lakme Lipstick,2,581,1162,28,837,UPI,Cancelled,5,0,3077928.23
500387,10314,27-05-2025,43,Female,Mumbai,Maharashtra,Fashion,Accessories,Wildcraft Backpack,2,2114,4229,18,3468,Debit Card,Delivered,5,5,40477276.30
500388,10771,18-07-2026,42,Male,Chennai,Tamil Nadu,Grocery,Household,Colin Glass Cleaner,2,145,290,12,255,Debit Card,Delivered,2,2,40477276.30
500389,11152,25-08-2025,15,Male,Ahmedabad,Gujarat,Fashion,Footwear,Nike Revolution Running Shoes,4,5028,20114,18,16493,Cash on Delivery,Delivered,4,3,40477276.30
500390,10132,13-01-2025,35,Female,Delhi,Delhi (NCT),Home & Kitchen,Kitchen Appliances,Bajaj Air Fryer,1,4969,4969,5,4720,Debit Card,Delivered,4,2,40477276.30
500391,11068,19-03-2025,47,Female,Jaipur,Rajasthan,Electronics,Smartphones,Apple iPhone 15,1,69570,69570,9,63309,UPI,Cancelled,3,0,3077928.23
500392,10275,06-07-2025,23,Male,Chennai,Tamil Nadu,Sports,Outdoor Sports,Yonex Badminton Racket,1,2314,2314,24,1759,UPI,Delivered,5,5,40477276.30
500393,11290,24-06-2025,15,Female,Delhi,Delhi (NCT),Home & Kitchen,Home Decor,Wooden Photo Frame,1,660,660,18,541,Credit Card,Delivered,5,3,40477276.30
500394,11293,29-11-2025,34,Female,Patna,Bihar,Books,Self-Help,The 7 Habits of Highly Effective People,1,708,708,20,566,UPI,Delivered,3,2,40477276.30
500395,11324,23-10-2025,39,Female,Bengaluru,Karnataka,Grocery,Snacks,Kurkure Masala Munch,1,38,38,21,30,Wallet,Delivered,4,3,40477276.30
500396,11372,21-08-2025,53,Male,Guwahati,Assam,Grocery,Household,Colin Glass Cleaner,2,154,308,25,231,Net Banking,Delivered,3,4,40477276.30
500397,10364,01-03-2025,38,Male,Pune,Maharashtra,Beauty & Personal Care,Personal Care,Himalaya Face Scrub,3,296,889,27,649,Credit Card,Delivered,4,6,40477276.30
500398,10849,13-10-2025,27,Female,Kolkata,West Bengal,Sports,Accessories,Sports Water Bottle,2,506,1013,9,922,Debit Card,Delivered,5,2,40477276.30
500399,10448,12-03-2025,24,Female,Vadodara,Gujarat,Home & Kitchen,Home Decor,Wooden Photo Frame,1,664,664,21,524,Credit Card,Delivered,2,3,40477276.30
500400,11139,05-04-2026,41,Male,Gurugram,Haryana,Home & Kitchen,Storage,Cloth Organizer,1,721,721,29,512,Debit Card,Delivered,5,2,40477276.30
500401,10284,20-04-2026,20,Male,Hyderabad,Telangana,Fashion,Footwear,Nike Revolution Running Shoes,1,4833,4833,9,4398,Credit Card,Delivered,4,4,40477276.30
500402,10889,23-08-2025,40,Female,Jaipur,Rajasthan,Grocery,Staples,Fortune Sunflower Oil 1L,1,150,150,19,121,Net Banking,Delivered,2,3,40477276.30
500403,10704,18-05-2026,19,Female,Delhi,Delhi (NCT),Beauty & Personal Care,Personal Care,Dove Body Wash,1,422,422,25,316,UPI,Delivered,4,5,40477276.30
500404,10541,19-01-2025,43,Female,Delhi,Delhi (NCT),Home & Kitchen,Furniture,Study Table,2,6496,12991,5,12342,Debit Card,Cancelled,1,0,3077928.23
500405,10870,12-08-2025,56,Male,Nagpur,Maharashtra,Fashion,Accessories,Lavie Handbag,1,2272,2272,18,1863,UPI,Delivered,4,5,40477276.30
500406,11388,16-07-2026,51,Female,Kolkata,West Bengal,Home & Kitchen,Storage,Kitchen Storage Jars,1,1248,1248,25,936,UPI,Delivered,4,2,40477276.30
500407,11179,13-08-2026,23,Male,Hyderabad,Telangana,Fashion,Men Clothing,Levi's Slim Jeans,1,2437,2437,25,1828,UPI,Delivered,5,2,40477276.30
500408,10070,04-08-2025,27,Female,Chennai,Tamil Nadu,Electronics,Laptops,Dell Inspiron 15,1,55462,55462,15,47143,Credit Card,Delivered,3,4,40477276.30
500409,10696,27-01-2025,31,Female,Bengaluru,Karnataka,Electronics,Laptops,Dell Inspiron 15,1,61077,61077,18,50083,Credit Card,Cancelled,1,0,3077928.23
500410,11442,22-12-2025,47,Female,Gurugram,Haryana,Fashion,Men Clothing,Roadster Casual Shirt,1,1234,1234,9,1123,Credit Card,Returned,1,5,1813400.65
500411,11366,13-01-2025,32,Female,Gurugram,Haryana,Electronics,Smartphones,Samsung Galaxy A55,1,40966,40966,30,28676,Credit Card,Delivered,4,2,40477276.30
500412,10763,15-02-2025,62,Female,Delhi,Delhi (NCT),Beauty & Personal Care,Haircare,Tresemme Conditioner,2,461,922,9,839,Credit Card,Delivered,5,4,40477276.30
500413,10687,24-04-2025,31,Female,Mumbai,Maharashtra,Electronics,Audio,OnePlus Buds 3,1,5539,5539,26,4099,Net Banking,Delivered,5,5,40477276.30
500414,10801,07-04-2025,44,Female,Coimbatore,Tamil Nadu,Fashion,Accessories,Fastrack Analog Watch,1,2452,2452,4,2354,Credit Card,Delivered,4,2,40477276.30
500415,10607,22-07-2026,25,Male,Mysuru,Karnataka,Home & Kitchen,Furniture,Bedside Table,1,3540,3540,4,3399,Net Banking,Delivered,3,3,40477276.30
500416,10371,14-07-2026,34,Female,Chennai,Tamil Nadu,Beauty & Personal Care,Haircare,Dove Hair Mask,1,408,408,7,379,Credit Card,Delivered,5,1,40477276.30
500417,10104,05-04-2025,25,Male,Surat,Gujarat,Electronics,Smartphones,OnePlus Nord CE 4,1,25987,25987,20,20789,Credit Card,Delivered,5,4,40477276.30
500418,11190,28-03-2025,23,Female,Surat,Gujarat,Beauty & Personal Care,Skincare,Neutrogena Moisturizer,5,763,3815,15,3242,UPI,Delivered,5,4,40477276.30
500419,11278,29-06-2025,38,Male,Coimbatore,Tamil Nadu,Electronics,Smartphones,Google Pixel 8a,1,54186,54186,25,40639,Wallet,Delivered,5,3,40477276.30
500420,11197,15-03-2026,34,Female,Dehradun,Uttarakhand,Electronics,Smartphones,Google Pixel 8a,1,55739,55739,20,44591,UPI,Delivered,4,1,40477276.30
500421,10293,24-05-2026,28,Female,Jaipur,Rajasthan,Fashion,Women Clothing,W Women Dress,1,2518,2518,14,2165,Debit Card,Delivered,5,4,40477276.30
500422,11433,05-05-2025,43,Male,Mumbai,Maharashtra,Grocery,Staples,Aashirvaad Atta 5kg,1,307,307,4,295,UPI,Delivered,3,3,40477276.30
500423,10532,16-10-2025,16,Female,Mumbai,Maharashtra,Home & Kitchen,Storage,Plastic Storage Box Set,2,1016,2033,15,1728,UPI,Delivered,4,5,40477276.30
500424,11036,13-08-2026,51,Male,Bengaluru,Karnataka,Grocery,Household,Surf Excel Detergent,1,726,726,11,646,UPI,Delivered,4,3,40477276.30
500425,10844,17-06-2025,38,Female,Delhi,Delhi (NCT),Electronics,Laptops,ASUS Vivobook 15,1,52949,52949,11,47124,Debit Card,Delivered,4,4,40477276.30
500426,10505,16-06-2026,27,Male,Visakhapatnam,Andhra Pradesh,Electronics,Smartphones,OnePlus Nord CE 4,1,25238,25238,14,21704,UPI,Delivered,3,2,40477276.30
500427,10699,02-06-2026,44,Male,Indore,Madhya Pradesh,Grocery,Snacks,Lays Classic Chips,2,39,78,26,58,UPI,Delivered,5,2,40477276.30
500428,10738,15-07-2025,45,Male,Bengaluru,Karnataka,Grocery,Snacks,Kurkure Masala Munch,1,42,42,14,36,Debit Card,Delivered,4,5,40477276.30
500429,10749,09-04-2026,27,Male,Lucknow,Uttar Pradesh,Home & Kitchen,Home Decor,Wall Art Set,1,1336,1336,7,1242,UPI,Returned,3,2,1813400.65
500430,10265,26-01-2025,31,Male,Delhi,Delhi (NCT),Home & Kitchen,Storage,Cloth Organizer,1,737,737,26,545,Credit Card,Delivered,4,3,40477276.30
500431,10081,11-02-2026,32,Non-Binary,Nagpur,Maharashtra,Electronics,Audio,Sony WH-CH520,4,4534,18135,26,13420,Debit Card,Delivered,5,2,40477276.30
500432,11165,23-03-2026,45,Male,Coimbatore,Tamil Nadu,Sports,Outdoor Sports,Nivia Basketball,1,1001,1001,22,781,Cash on Delivery,Delivered,2,4,40477276.30
500433,11377,12-01-2026,27,Female,Bengaluru,Karnataka,Beauty & Personal Care,Haircare,Tresemme Conditioner,1,447,447,25,336,UPI,Delivered,5,3,40477276.30
500434,11376,17-06-2026,32,Female,Gurugram,Haryana,Fashion,Accessories,Titan Wallet,1,1422,1422,23,1095,Credit Card,Delivered,3,3,40477276.30
500435,10919,30-05-2025,29,Female,Kochi,Kerala,Fashion,Accessories,Wildcraft Backpack,1,2004,2004,6,1884,UPI,Delivered,5,6,40477276.30
500436,11350,04-08-2026,32,Male,Delhi,Delhi (NCT),Home & Kitchen,Storage,Wardrobe Organizer,1,947,947,19,767,Credit Card,Delivered,5,3,40477276.30
500437,10403,21-07-2026,34,Female,Mumbai,Maharashtra,Sports,Sportswear,Decathlon Sports T-Shirt,1,789,789,28,568,Wallet,Cancelled,4,0,3077928.23
500438,11392,19-03-2026,27,Male,Hyderabad,Telangana,Beauty & Personal Care,Makeup,Colorbar Eyeliner,1,526,526,25,394,Credit Card,Delivered,4,5,40477276.30
500439,11178,30-08-2025,33,Male,Ahmedabad,Gujarat,Grocery,Beverages,Nescafe Classic,1,405,405,9,368,Wallet,Delivered,4,5,40477276.30
500440,10607,22-03-2026,25,Male,Mysuru,Karnataka,Fashion,Men Clothing,Peter England Formal Shirt,2,1975,3950,9,3595,Credit Card,Delivered,4,4,40477276.30
500441,10559,18-09-2025,38,Non-Binary,Noida,Uttar Pradesh,Fashion,Accessories,Titan Wallet,3,1481,4444,22,3466,Debit Card,Delivered,5,7,40477276.30
500442,10379,17-04-2025,58,Female,Hyderabad,Telangana,Fashion,Men Clothing,Allen Solly Polo T-Shirt,1,1558,1558,27,1137,UPI,Delivered,3,3,40477276.30
500443,10911,03-11-2025,31,Female,Mumbai,Maharashtra,Books,Fiction,Atomic Habits,1,563,563,16,473,UPI,Delivered,5,4,40477276.30
500444,10627,09-06-2026,23,Female,Mumbai,Maharashtra,Electronics,Smartphones,Apple iPhone 15,2,74067,148133,17,122950,Credit Card,Delivered,3,3,40477276.30
500445,10248,14-11-2025,27,Female,Jaipur,Rajasthan,Books,Academic,Operating Systems Guide,1,750,750,28,540,UPI,Delivered,4,4,40477276.30
500446,10370,02-08-2026,25,Non-Binary,Bengaluru,Karnataka,Beauty & Personal Care,Makeup,Lakme Lipstick,1,590,590,20,472,Debit Card,Delivered,5,4,40477276.30
500447,10998,20-06-2026,41,Female,Mysuru,Karnataka,Home & Kitchen,Home Decor,Artificial Plant,1,832,832,5,791,Credit Card,Delivered,5,3,40477276.30
500448,10659,11-01-2025,36,Male,Bengaluru,Karnataka,Sports,Accessories,Sports Cap,1,387,387,5,368,Debit Card,Delivered,5,1,40477276.30
500449,11448,14-05-2025,40,Male,Pune,Maharashtra,Beauty & Personal Care,Personal Care,Nivea Body Lotion,2,349,698,13,607,Debit Card,Delivered,4,4,40477276.30
500450,10658,08-06-2025,34,Female,Patna,Bihar,Home & Kitchen,Home Decor,Artificial Plant,1,777,777,27,567,UPI,Delivered,3,6,40477276.30
500451,10542,25-04-2025,22,Female,Chennai,Tamil Nadu,Grocery,Snacks,Lays Classic Chips,2,38,77,7,71,Credit Card,Delivered,5,4,40477276.30
500452,10976,08-05-2025,15,Male,Lucknow,Uttar Pradesh,Grocery,Household,Harpic Toilet Cleaner,1,194,194,12,171,UPI,Delivered,4,4,40477276.30
500453,10869,22-07-2026,41,Male,Ahmedabad,Gujarat,Fashion,Accessories,Wildcraft Backpack,1,2034,2034,30,1424,Cash on Delivery,Delivered,5,5,40477276.30
500454,11072,10-01-2025,39,Male,Visakhapatnam,Andhra Pradesh,Grocery,Staples,Fortune Sunflower Oil 1L,2,161,322,15,274,UPI,Delivered,4,4,40477276.30
500455,11301,09-04-2026,27,Male,Mysuru,Karnataka,Books,Fiction,The Alchemist,1,405,405,19,328,UPI,Delivered,4,5,40477276.30
500456,10987,07-08-2026,51,Female,Hyderabad,Telangana,Electronics,Laptops,Dell Inspiron 15,1,55478,55478,24,42163,UPI,Delivered,4,3,40477276.30
500457,10395,28-05-2026,47,Male,Kolkata,West Bengal,Fashion,Accessories,Lavie Handbag,1,2327,2327,26,1722,Net Banking,Delivered,5,2,40477276.30
500458,10272,05-01-2025,18,Female,Indore,Madhya Pradesh,Fashion,Footwear,Puma Sneakers,4,3795,15179,27,11081,UPI,Cancelled,3,0,3077928.23
500459,10303,22-04-2025,42,Male,Mumbai,Maharashtra,Sports,Outdoor Sports,Nivia Basketball,1,1025,1025,9,933,Credit Card,Returned,4,2,1813400.65
500460,10427,22-07-2026,23,Female,Ranchi,Jharkhand,Home & Kitchen,Kitchen Appliances,Philips Mixer Grinder,1,3288,3288,11,2926,Credit Card,Delivered,4,3,40477276.30
500461,11075,03-01-2026,45,Male,Delhi,Delhi (NCT),Home & Kitchen,Storage,Cloth Organizer,1,731,731,5,694,Debit Card,Delivered,5,2,40477276.30
500462,10945,25-01-2025,54,Male,Patna,Bihar,Fashion,Accessories,Fastrack Analog Watch,1,2360,2360,26,1747,Cash on Delivery,Delivered,4,4,40477276.30
500463,10168,11-02-2025,55,Female,Surat,Gujarat,Electronics,Smartphones,Google Pixel 8a,1,54767,54767,20,43814,Debit Card,Cancelled,1,0,3077928.23
500464,10831,18-02-2025,19,Female,Bengaluru,Karnataka,Electronics,Smartphones,Google Pixel 8a,1,53496,53496,19,43331,Cash on Delivery,Cancelled,2,0,3077928.23
500465,10967,01-08-2025,27,Male,Jaipur,Rajasthan,Books,Fiction,The Silent Patient,1,512,512,22,399,UPI,Delivered,3,4,40477276.30
500466,10663,25-06-2025,34,Female,Delhi,Delhi (NCT),Fashion,Footwear,Skechers Walking Shoes,1,5851,5851,12,5149,UPI,Delivered,4,2,40477276.30
500467,11333,18-08-2025,32,Female,Bhubaneswar,Odisha,Electronics,Laptops,ASUS Vivobook 15,2,57139,114277,6,107421,Credit Card,Delivered,4,4,40477276.30
500468,11382,13-05-2025,29,Male,Pune,Maharashtra,Electronics,Laptops,HP Pavilion 14,1,63617,63617,29,45168,Debit Card,Delivered,4,5,40477276.30
500469,10389,20-03-2026,44,Female,Chandigarh,Chandigarh (UT),Electronics,Smartphones,OnePlus Nord CE 4,5,25484,127420,11,113404,Credit Card,Delivered,3,2,40477276.30
500470,10112,06-01-2025,34,Male,Pune,Maharashtra,Electronics,Laptops,ASUS Vivobook 15,4,53098,212390,2,208143,Credit Card,Delivered,3,2,40477276.30
500471,10377,17-06-2025,44,Male,Surat,Gujarat,Fashion,Accessories,Titan Wallet,2,1443,2886,11,2569,UPI,Delivered,4,4,40477276.30
500472,11429,02-07-2026,32,Female,Bhopal,Madhya Pradesh,Grocery,Household,Surf Excel Detergent,1,695,695,24,529,Debit Card,Delivered,4,5,40477276.30
500473,10997,07-08-2026,54,Female,Lucknow,Uttar Pradesh,Electronics,Smartphones,Google Pixel 8a,3,51135,153406,26,113521,Wallet,Cancelled,2,0,3077928.23
500474,11325,13-01-2026,35,Male,Guwahati,Assam,Electronics,Smart Devices,Mi Smart Band 8,1,3356,3356,25,2517,UPI,Delivered,4,1,40477276.30
500475,11320,26-05-2026,32,Male,Delhi,Delhi (NCT),Fashion,Footwear,Nike Revolution Running Shoes,1,4904,4904,22,3825,Credit Card,Delivered,5,3,40477276.30
500476,10405,17-08-2026,29,Female,Delhi,Delhi (NCT),Books,Non-Fiction,Think Like a Monk,1,420,420,17,348,UPI,Delivered,3,3,40477276.30
500477,11101,17-02-2025,45,Male,Hyderabad,Telangana,Electronics,Audio,boAt Airdopes 141,1,1557,1557,10,1401,Debit Card,Delivered,4,2,40477276.30
500478,10781,04-03-2026,36,Female,Hyderabad,Telangana,Books,Self-Help,The Power of Habit,1,509,509,17,423,Cash on Delivery,Delivered,5,7,40477276.30
500479,10983,27-02-2025,23,Male,Kolkata,West Bengal,Books,Fiction,Ikigai,1,386,386,2,378,Credit Card,Delivered,3,4,40477276.30
500480,10221,13-06-2025,59,Male,Dehradun,Uttarakhand,Fashion,Footwear,Puma Sneakers,1,4137,4137,3,4012,UPI,Delivered,5,3,40477276.30
500481,10531,16-02-2025,41,Female,Indore,Madhya Pradesh,Beauty & Personal Care,Makeup,Colorbar Eyeliner,1,513,513,22,400,Cash on Delivery,Delivered,5,3,40477276.30
500482,11365,10-11-2025,47,Female,Jaipur,Rajasthan,Grocery,Household,Vim Dishwash Liquid,1,201,201,22,157,Debit Card,Delivered,5,3,40477276.30
500483,11217,28-09-2025,27,Male,Delhi,Delhi (NCT),Fashion,Footwear,Bata Formal Shoes,1,2396,2396,23,1845,UPI,Delivered,4,2,40477276.30
500484,10739,05-07-2025,52,Male,Kochi,Kerala,Books,Self-Help,The Power of Habit,1,502,502,7,467,Net Banking,Delivered,4,2,40477276.30
500485,10790,12-02-2026,16,Female,Mumbai,Maharashtra,Grocery,Snacks,Kurkure Masala Munch,1,40,40,24,30,Debit Card,Delivered,3,6,40477276.30
500486,10906,11-01-2026,35,Male,Bengaluru,Karnataka,Electronics,Smart Devices,Amazon Echo Dot,2,5182,10363,8,9534,UPI,Delivered,5,5,40477276.30
500487,10564,08-01-2025,30,Male,Surat,Gujarat,Beauty & Personal Care,Personal Care,Himalaya Face Scrub,1,296,296,30,207,Cash on Delivery,Delivered,3,3,40477276.30
500488,10792,05-07-2026,36,Male,Chennai,Tamil Nadu,Fashion,Women Clothing,Libas Anarkali Kurta,1,1896,1896,24,1441,UPI,Delivered,5,4,40477276.30
500489,10379,20-11-2025,58,Female,Hyderabad,Telangana,Fashion,Footwear,Skechers Walking Shoes,2,6246,12493,12,10993,Net Banking,Delivered,5,5,40477276.30
500490,11450,27-06-2025,34,Female,Patna,Bihar,Grocery,Household,Vim Dishwash Liquid,1,199,199,7,185,UPI,Delivered,4,5,40477276.30
500491,10775,09-08-2025,41,Male,Hyderabad,Telangana,Electronics,Audio,OnePlus Buds 3,4,5506,22026,18,18061,Debit Card,Cancelled,3,0,3077928.23
500492,10949,22-10-2025,33,Female,Delhi,Delhi (NCT),Beauty & Personal Care,Haircare,Tresemme Conditioner,1,437,437,28,314,UPI,Delivered,2,2,40477276.30
500493,10044,01-04-2025,31,Female,Hyderabad,Telangana,Home & Kitchen,Home Decor,Wall Art Set,1,1343,1343,23,1034,UPI,Delivered,4,3,40477276.30
500494,10620,18-02-2026,36,Male,Pune,Maharashtra,Home & Kitchen,Storage,Wardrobe Organizer,1,881,881,2,863,UPI,Delivered,4,4,40477276.30
500495,10978,12-08-2025,15,Male,Mysuru,Karnataka,Fashion,Footwear,Nike Revolution Running Shoes,1,4701,4701,6,4419,Debit Card,Delivered,3,5,40477276.30
500496,10691,06-07-2026,30,Male,Indore,Madhya Pradesh,Home & Kitchen,Furniture,Study Table,2,6524,13048,25,9786,UPI,Delivered,4,5,40477276.30
500497,11110,09-04-2026,55,Female,Nashik,Maharashtra,Electronics,Smartphones,Google Pixel 8a,1,55321,55321,7,51448,UPI,Delivered,3,3,40477276.30
500498,10178,06-01-2025,50,Male,Patna,Bihar,Electronics,Smart Devices,Apple Watch SE,1,28370,28370,26,20994,UPI,Delivered,4,5,40477276.30
500499,10378,22-06-2026,36,Female,Bhopal,Madhya Pradesh,Electronics,Smart Devices,Mi Smart Band 8,1,3481,3481,27,2541,UPI,Delivered,5,3,40477276.30
500500,10329,12-09-2025,41,Male,Bhubaneswar,Odisha,Fashion,Footwear,Puma Sneakers,1,3764,3764,27,2747,Debit Card,Delivered,5,4,40477276.30
500501,10511,18-01-2026,37,Male,Kolkata,West Bengal,Electronics,Audio,Sony WH-CH520,2,4674,9348,14,8039,Debit Card,Delivered,4,7,40477276.30
500502,10830,14-09-2025,31,Male,Chennai,Tamil Nadu,Electronics,Smartphones,Apple iPhone 15,3,70633,211900,7,197067,Wallet,Cancelled,5,0,3077928.23
500503,11291,04-06-2026,38,Male,Bengaluru,Karnataka,Beauty & Personal Care,Haircare,Dove Hair Mask,1,411,411,18,337,Cash on Delivery,Delivered,5,2,40477276.30
500504,10327,19-02-2026,47,Female,Kochi,Kerala,Home & Kitchen,Home Decor,Artificial Plant,1,846,846,21,669,UPI,Delivered,5,4,40477276.30
500505,10348,19-02-2025,19,Female,Mumbai,Maharashtra,Grocery,Household,Vim Dishwash Liquid,1,203,203,2,198,UPI,Delivered,2,4,40477276.30
500506,11289,26-06-2026,22,Male,Ahmedabad,Gujarat,Beauty & Personal Care,Personal Care,Himalaya Face Scrub,2,314,629,16,528,Net Banking,Delivered,3,2,40477276.30
500507,10217,15-07-2025,25,Female,Bengaluru,Karnataka,Fashion,Footwear,Bata Formal Shoes,1,2571,2571,30,1799,Credit Card,Delivered,4,5,40477276.30
500508,10640,16-04-2025,20,Female,Lucknow,Uttar Pradesh,Sports,Outdoor Sports,SG Cricket Bat,1,3539,3539,14,3044,UPI,Delivered,5,5,40477276.30
500509,10272,07-02-2026,18,Female,Indore,Madhya Pradesh,Books,Academic,Operating Systems Guide,1,747,747,25,560,Debit Card,Delivered,3,6,40477276.30
500510,10618,05-10-2025,42,Male,Ranchi,Jharkhand,Electronics,Laptops,Lenovo IdeaPad Slim 5,2,62302,124603,14,107159,UPI,Returned,5,7,1813400.65
500511,10501,29-07-2026,44,Female,Bengaluru,Karnataka,Electronics,Smartphones,Google Pixel 8a,1,55004,55004,21,43453,UPI,Delivered,4,6,40477276.30
500512,10652,12-03-2025,46,Male,Vadodara,Gujarat,Grocery,Beverages,Real Fruit Juice,1,180,180,20,144,UPI,Delivered,4,5,40477276.30
500513,11001,01-09-2025,49,Female,Patna,Bihar,Books,Academic,Data Structures Handbook,1,752,752,9,684,Net Banking,Delivered,4,3,40477276.30
500514,11107,15-10-2025,41,Male,Bhopal,Madhya Pradesh,Electronics,Smart Devices,Mi Smart Band 8,1,3326,3326,14,2861,Debit Card,Delivered,4,3,40477276.30
500515,10639,21-11-2025,20,Male,Mumbai,Maharashtra,Electronics,Audio,Sony WH-CH520,3,4583,13750,26,10175,UPI,Delivered,3,4,40477276.30
500516,10786,15-02-2026,46,Female,Lucknow,Uttar Pradesh,Beauty & Personal Care,Personal Care,Nivea Body Lotion,4,361,1445,20,1156,UPI,Delivered,4,5,40477276.30
500517,10462,03-11-2025,34,Male,Delhi,Delhi (NCT),Fashion,Women Clothing,Libas Anarkali Kurta,1,2099,2099,27,1532,UPI,Delivered,4,1,40477276.30
500518,11297,09-04-2026,44,Female,Dehradun,Uttarakhand,Electronics,Audio,JBL Tune 770NC,1,5979,5979,11,5321,Net Banking,Delivered,4,6,40477276.30
500519,10205,23-04-2025,19,Non-Binary,Noida,Uttar Pradesh,Beauty & Personal Care,Skincare,Cetaphil Face Wash,1,710,710,20,568,Debit Card,Delivered,4,5,40477276.30
500520,11185,10-06-2025,23,Male,Lucknow,Uttar Pradesh,Books,Non-Fiction,Sapiens,1,657,657,6,618,Credit Card,Delivered,5,6,40477276.30
500521,11361,07-10-2025,34,Male,Coimbatore,Tamil Nadu,Beauty & Personal Care,Personal Care,Nivea Body Lotion,1,332,332,7,309,Net Banking,Delivered,5,4,40477276.30
500522,11203,16-02-2025,35,Female,Nagpur,Maharashtra,Fashion,Women Clothing,W Women Dress,1,2399,2399,24,1823,Debit Card,Delivered,5,2,40477276.30
500523,10923,07-03-2025,35,Male,Bengaluru,Karnataka,Electronics,Smart Devices,Apple Watch SE,2,30135,60270,6,56654,Debit Card,Delivered,5,1,40477276.30
500524,10386,15-01-2025,36,Male,Noida,Uttar Pradesh,Electronics,Smartphones,Samsung Galaxy A55,1,40604,40604,15,34513,UPI,Delivered,4,2,40477276.30
500525,11447,14-12-2025,28,Female,Mumbai,Maharashtra,Home & Kitchen,Kitchen Appliances,Philips Mixer Grinder,1,3446,3446,13,2998,UPI,Delivered,4,5,40477276.30
500526,10350,11-02-2025,32,Male,Delhi,Delhi (NCT),Home & Kitchen,Home Decor,Decorative Table Lamp,2,1813,3627,28,2611,Net Banking,Delivered,4,2,40477276.30
500527,10548,06-02-2025,32,Male,Bengaluru,Karnataka,Sports,Outdoor Sports,Yonex Badminton Racket,2,2293,4585,3,4448,Debit Card,Delivered,5,5,40477276.30
500528,11156,10-04-2026,45,Female,Lucknow,Uttar Pradesh,Sports,Outdoor Sports,Nivia Basketball,1,943,943,16,792,Credit Card,Delivered,5,7,40477276.30
500529,10987,08-01-2025,51,Female,Hyderabad,Telangana,Beauty & Personal Care,Makeup,Maybelline Foundation,1,719,719,29,510,Cash on Delivery,Delivered,1,4,40477276.30
500530,10753,08-08-2025,23,Male,Pune,Maharashtra,Electronics,Smartphones,OnePlus Nord CE 4,1,24374,24374,5,23155,Net Banking,Delivered,4,2,40477276.30
500531,10328,09-07-2026,43,Male,Pune,Maharashtra,Beauty & Personal Care,Personal Care,Himalaya Face Scrub,1,294,294,22,230,Cash on Delivery,Cancelled,4,0,3077928.23
500532,10276,01-06-2025,39,Female,Indore,Madhya Pradesh,Electronics,Laptops,Lenovo IdeaPad Slim 5,2,64582,129163,19,104622,UPI,Delivered,5,1,40477276.30
500533,10072,07-08-2025,51,Female,Gurugram,Haryana,Electronics,Smartphones,Apple iPhone 15,2,67843,135685,25,101764,Cash on Delivery,Delivered,3,7,40477276.30
500534,10518,14-01-2025,23,Male,Mumbai,Maharashtra,Fashion,Footwear,Puma Sneakers,1,3891,3891,17,3229,UPI,Returned,1,2,1813400.65
500535,10975,24-01-2025,29,Female,Pune,Maharashtra,Home & Kitchen,Home Decor,Wall Art Set,1,1286,1286,21,1016,UPI,Delivered,4,4,40477276.30
500536,10288,04-05-2025,40,Female,Delhi,Delhi (NCT),Home & Kitchen,Furniture,Office Chair,1,8314,8314,21,6568,Debit Card,Delivered,5,2,40477276.30
500537,11122,24-11-2025,47,Female,Gurugram,Haryana,Books,Fiction,The Silent Patient,1,482,482,14,414,Credit Card,Delivered,4,4,40477276.30
500538,10941,10-08-2025,20,Female,Indore,Madhya Pradesh,Beauty & Personal Care,Makeup,Maybelline Foundation,1,709,709,23,546,Debit Card,Cancelled,5,0,3077928.23
500539,11051,29-05-2026,27,Male,Ahmedabad,Gujarat,Fashion,Footwear,Nike Revolution Running Shoes,1,5081,5081,27,3709,UPI,Delivered,5,1,40477276.30
500540,10722,03-07-2025,15,Female,Pune,Maharashtra,Beauty & Personal Care,Personal Care,Dove Body Wash,1,381,381,22,297,Cash on Delivery,Delivered,4,1,40477276.30
500541,10136,02-07-2025,51,Male,Indore,Madhya Pradesh,Sports,Fitness Equipment,Skipping Rope,2,303,607,26,449,Credit Card,Delivered,5,3,40477276.30
500542,10053,08-03-2026,27,Female,Kochi,Kerala,Electronics,Smart Devices,Mi Smart Band 8,1,3515,3515,14,3023,Credit Card,Delivered,5,3,40477276.30
500543,10560,14-01-2026,29,Male,Bengaluru,Karnataka,Electronics,Smartphones,OnePlus Nord CE 4,1,24754,24754,18,20299,Credit Card,Delivered,4,2,40477276.30
500544,10198,04-04-2025,36,Female,Kolkata,West Bengal,Electronics,Smartphones,Samsung Galaxy A55,2,39196,78392,17,65066,Credit Card,Delivered,4,3,40477276.30
500545,10135,09-01-2026,24,Male,Bhopal,Madhya Pradesh,Beauty & Personal Care,Personal Care,Gillette Shaving Kit,1,574,574,2,562,Credit Card,Delivered,4,1,40477276.30
500546,10754,04-06-2026,46,Female,Hyderabad,Telangana,Electronics,Smartphones,Samsung Galaxy A55,2,41008,82016,25,61512,UPI,Delivered,3,4,40477276.30
500547,11396,17-07-2026,36,Female,Nashik,Maharashtra,Fashion,Men Clothing,Allen Solly Polo T-Shirt,2,1688,3375,22,2633,Debit Card,Delivered,5,3,40477276.30
500548,11327,13-03-2025,24,Female,Mumbai,Maharashtra,Sports,Sportswear,Nike Dri-FIT T-Shirt,2,2092,4185,21,3306,UPI,Delivered,5,2,40477276.30
500549,11155,23-12-2025,52,Female,Lucknow,Uttar Pradesh,Books,Fiction,The Alchemist,1,417,417,17,346,Debit Card,Delivered,4,3,40477276.30
500550,10293,07-08-2026,28,Female,Jaipur,Rajasthan,Sports,Outdoor Sports,SG Cricket Bat,4,3479,13915,5,13219,UPI,Delivered,4,1,40477276.30
500551,10618,17-04-2025,42,Male,Ranchi,Jharkhand,Fashion,Women Clothing,Aurelia Palazzo Set,1,2302,2302,25,1726,UPI,Delivered,4,6,40477276.30
500552,10245,27-10-2025,21,Male,Coimbatore,Tamil Nadu,Fashion,Accessories,Wildcraft Backpack,1,2039,2039,28,1468,UPI,Delivered,4,3,40477276.30
500553,10016,14-02-2025,28,Non-Binary,Indore,Madhya Pradesh,Books,Non-Fiction,Sapiens,4,664,2658,29,1887,UPI,Delivered,5,5,40477276.30
500554,10851,18-03-2026,27,Male,Guwahati,Assam,Electronics,Audio,boAt Airdopes 141,1,1416,1416,3,1374,Credit Card,Delivered,5,4,40477276.30
500555,10695,03-12-2025,41,Female,Hyderabad,Telangana,Grocery,Staples,India Gate Basmati Rice 5kg,1,666,666,16,560,UPI,Delivered,4,2,40477276.30
500556,10646,24-09-2025,31,Female,Pune,Maharashtra,Fashion,Accessories,Titan Wallet,2,1473,2945,25,2209,Credit Card,Delivered,5,2,40477276.30
500557,10792,26-05-2026,36,Male,Chennai,Tamil Nadu,Electronics,Laptops,ASUS Vivobook 15,2,53152,106304,2,104178,UPI,Delivered,4,4,40477276.30
500558,10009,12-05-2026,29,Female,Delhi,Delhi (NCT),Books,Fiction,The Alchemist,4,394,1575,16,1323,Credit Card,Delivered,4,5,40477276.30
500559,10049,07-04-2026,38,Female,Hyderabad,Telangana,Books,Fiction,Ikigai,4,413,1651,4,1585,Cash on Delivery,Delivered,4,4,40477276.30
500560,10828,12-02-2026,28,Female,Mumbai,Maharashtra,Fashion,Footwear,Bata Formal Shoes,2,2399,4798,11,4270,UPI,Delivered,3,5,40477276.30
500561,10606,24-10-2025,55,Female,Delhi,Delhi (NCT),Electronics,Laptops,ASUS Vivobook 15,4,58204,232816,28,167628,UPI,Delivered,4,3,40477276.30
500562,11217,24-02-2025,27,Male,Delhi,Delhi (NCT),Fashion,Women Clothing,W Women Dress,1,2595,2595,4,2491,Debit Card,Delivered,5,2,40477276.30
500563,10478,30-04-2025,37,Female,Mysuru,Karnataka,Electronics,Audio,OnePlus Buds 3,1,5742,5742,15,4880,Cash on Delivery,Delivered,5,4,40477276.30
500564,11116,06-01-2025,38,Female,Bengaluru,Karnataka,Home & Kitchen,Furniture,Office Chair,1,7645,7645,22,5963,UPI,Delivered,2,5,40477276.30
500565,11024,06-06-2026,58,Male,Jaipur,Rajasthan,Fashion,Men Clothing,Allen Solly Polo T-Shirt,1,1570,1570,26,1161,UPI,Delivered,4,4,40477276.30
500566,10231,20-07-2025,26,Female,Delhi,Delhi (NCT),Grocery,Staples,Tata Salt 1kg,1,30,30,25,23,Credit Card,Delivered,4,3,40477276.30
500567,10044,19-05-2026,31,Female,Hyderabad,Telangana,Fashion,Men Clothing,Peter England Formal Shirt,1,2007,2007,11,1786,Credit Card,Delivered,5,2,40477276.30
500568,10621,12-07-2025,25,Female,Delhi,Delhi (NCT),Fashion,Accessories,Titan Wallet,1,1444,1444,15,1227,UPI,Delivered,4,4,40477276.30
500569,10931,16-08-2025,28,Female,Delhi,Delhi (NCT),Grocery,Staples,Fortune Sunflower Oil 1L,2,164,329,13,286,Cash on Delivery,Delivered,3,5,40477276.30
500570,10336,02-06-2025,32,Female,Vadodara,Gujarat,Beauty & Personal Care,Skincare,Minimalist Niacinamide Serum,1,628,628,12,553,Credit Card,Delivered,5,3,40477276.30
500571,11254,28-02-2025,38,Male,Bengaluru,Karnataka,Sports,Sportswear,Adidas Track Pants,1,2395,2395,11,2132,Credit Card,Cancelled,1,0,3077928.23
500572,11170,08-06-2026,43,Male,Coimbatore,Tamil Nadu,Books,Fiction,The Alchemist,1,417,417,12,367,UPI,Delivered,3,4,40477276.30
500573,10191,22-05-2025,29,Male,Visakhapatnam,Andhra Pradesh,Electronics,Smart Devices,Samsung Galaxy Watch,1,26233,26233,14,22561,Credit Card,Delivered,4,5,40477276.30
500574,10562,25-05-2026,57,Male,Nashik,Maharashtra,Sports,Accessories,Sports Cap,1,408,408,17,338,Net Banking,Delivered,5,3,40477276.30
500575,10761,27-05-2025,28,Female,Bengaluru,Karnataka,Grocery,Beverages,Nescafe Classic,1,412,412,4,395,Cash on Delivery,Delivered,5,6,40477276.30
500576,10666,01-10-2025,35,Female,Dehradun,Uttarakhand,Fashion,Accessories,Titan Wallet,1,1552,1552,24,1180,UPI,Delivered,4,5,40477276.30
500577,10279,28-02-2025,35,Female,Bengaluru,Karnataka,Grocery,Household,Colin Glass Cleaner,2,141,281,13,245,Debit Card,Delivered,4,3,40477276.30
500578,10720,04-03-2025,33,Female,Surat,Gujarat,Fashion,Footwear,Bata Formal Shoes,1,2591,2591,23,1995,Debit Card,Delivered,4,3,40477276.30
500579,10710,28-01-2025,53,Male,Gurugram,Haryana,Home & Kitchen,Home Decor,Wall Art Set,1,1376,1376,6,1293,Cash on Delivery,Delivered,5,3,40477276.30
500580,11054,07-02-2025,37,Non-Binary,Visakhapatnam,Andhra Pradesh,Grocery,Snacks,Kurkure Masala Munch,1,42,42,12,37,Debit Card,Delivered,5,1,40477276.30
500581,10887,25-02-2026,40,Male,Delhi,Delhi (NCT),Grocery,Household,Harpic Toilet Cleaner,2,202,403,25,303,Net Banking,Delivered,5,7,40477276.30
500582,10339,08-05-2026,39,Male,Mumbai,Maharashtra,Fashion,Women Clothing,W Women Dress,1,2470,2470,20,1976,Debit Card,Delivered,5,2,40477276.30
500583,10860,11-08-2025,41,Female,Hyderabad,Telangana,Books,Self-Help,The Power of Habit,1,470,470,29,333,Credit Card,Returned,4,4,1813400.65
500584,10079,28-06-2026,35,Female,Gurugram,Haryana,Beauty & Personal Care,Haircare,Tresemme Conditioner,1,447,447,10,402,UPI,Delivered,5,4,40477276.30
500585,10198,25-03-2025,36,Female,Kolkata,West Bengal,Electronics,Smart Devices,Samsung Galaxy Watch,1,26471,26471,20,21177,Credit Card,Delivered,5,1,40477276.30
500586,10380,23-04-2026,25,Female,Visakhapatnam,Andhra Pradesh,Grocery,Beverages,Real Fruit Juice,1,182,182,18,149,UPI,Delivered,5,2,40477276.30
500587,10570,02-07-2026,30,Female,Pune,Maharashtra,Home & Kitchen,Home Decor,Artificial Plant,2,771,1542,28,1110,UPI,Delivered,5,4,40477276.30
500588,10559,27-09-2025,38,Non-Binary,Noida,Uttar Pradesh,Sports,Fitness Equipment,Resistance Bands Set,1,732,732,29,520,Credit Card,Delivered,3,3,40477276.30
500589,10372,14-06-2026,39,Female,Mumbai,Maharashtra,Electronics,Smart Devices,Samsung Galaxy Watch,1,23519,23519,20,18815,UPI,Delivered,5,3,40477276.30
500590,10576,08-06-2026,15,Male,Visakhapatnam,Andhra Pradesh,Home & Kitchen,Home Decor,Wall Art Set,1,1317,1317,12,1159,Debit Card,Delivered,5,4,40477276.30
500591,11311,18-06-2025,34,Female,Delhi,Delhi (NCT),Grocery,Beverages,Nescafe Classic,3,402,1207,17,1002,Net Banking,Delivered,5,1,40477276.30
500592,10659,16-06-2025,36,Male,Bengaluru,Karnataka,Grocery,Beverages,Tata Tea Gold,1,288,288,21,228,UPI,Delivered,5,3,40477276.30
500593,11006,12-12-2025,38,Male,Patna,Bihar,Beauty & Personal Care,Skincare,The Derma Co Sunscreen,1,522,522,21,412,UPI,Delivered,5,2,40477276.30
500594,10023,28-08-2025,35,Female,Hyderabad,Telangana,Fashion,Accessories,Titan Wallet,1,1446,1446,2,1417,Debit Card,Delivered,3,4,40477276.30
500595,10647,30-03-2026,15,Female,Gurugram,Haryana,Home & Kitchen,Furniture,Bedside Table,1,3437,3437,29,2440,UPI,Delivered,5,2,40477276.30
500596,10256,13-12-2025,29,Male,Ahmedabad,Gujarat,Electronics,Audio,JBL Tune 770NC,1,6271,6271,3,6083,Debit Card,Delivered,2,2,40477276.30
500597,11411,17-01-2025,49,Male,Pune,Maharashtra,Books,Self-Help,The Power of Habit,2,491,982,13,855,Debit Card,Delivered,4,4,40477276.30
500598,10230,05-01-2026,41,Female,Ahmedabad,Gujarat,Grocery,Snacks,Kurkure Masala Munch,1,39,39,29,28,Credit Card,Delivered,4,6,40477276.30
500599,10618,08-07-2025,42,Male,Ranchi,Jharkhand,Books,Non-Fiction,Deep Work,1,511,511,14,439,Credit Card,Delivered,4,4,40477276.30
500600,11413,11-02-2026,39,Male,Ahmedabad,Gujarat,Beauty & Personal Care,Skincare,Cetaphil Face Wash,1,729,729,25,547,UPI,Delivered,5,3,40477276.30
500601,10865,08-11-2025,27,Female,Bhopal,Madhya Pradesh,Home & Kitchen,Furniture,Study Table,2,6123,12247,8,11267,Credit Card,Delivered,4,4,40477276.30
500602,11268,09-04-2026,24,Female,Bengaluru,Karnataka,Electronics,Laptops,Lenovo IdeaPad Slim 5,1,61329,61329,18,50290,UPI,Delivered,5,6,40477276.30
500603,10192,15-01-2026,43,Female,Mysuru,Karnataka,Beauty & Personal Care,Skincare,The Derma Co Sunscreen,4,476,1904,10,1714,Wallet,Delivered,1,5,40477276.30
500604,10611,16-12-2025,41,Male,Hyderabad,Telangana,Fashion,Footwear,Skechers Walking Shoes,2,5856,11711,26,8666,UPI,Returned,5,5,1813400.65
500605,10459,13-02-2026,28,Female,Mumbai,Maharashtra,Beauty & Personal Care,Haircare,Tresemme Conditioner,1,434,434,24,330,UPI,Delivered,5,3,40477276.30
500606,10203,16-04-2025,46,Male,Gurugram,Haryana,Fashion,Women Clothing,Libas Anarkali Kurta,1,1940,1940,23,1493,Debit Card,Delivered,5,4,40477276.30
500607,10495,04-09-2025,51,Male,Bhubaneswar,Odisha,Electronics,Smart Devices,Samsung Galaxy Watch,1,23997,23997,19,19438,Debit Card,Delivered,4,3,40477276.30
500608,10933,15-03-2026,18,Female,Gurugram,Haryana,Home & Kitchen,Furniture,Bedside Table,2,3355,6709,24,5099,Debit Card,Delivered,3,3,40477276.30
500609,10649,15-08-2026,31,Male,Hyderabad,Telangana,Beauty & Personal Care,Skincare,Minimalist Niacinamide Serum,3,565,1695,27,1237,Credit Card,Delivered,4,2,40477276.30
500610,10498,12-06-2026,32,Female,Chennai,Tamil Nadu,Books,Academic,Operating Systems Guide,1,755,755,25,566,UPI,Delivered,4,5,40477276.30
500611,11246,02-08-2025,21,Male,Dehradun,Uttarakhand,Sports,Outdoor Sports,SG Cricket Bat,2,3573,7147,30,5003,Debit Card,Delivered,3,5,40477276.30
500612,11285,23-04-2025,25,Female,Noida,Uttar Pradesh,Grocery,Household,Harpic Toilet Cleaner,1,207,207,29,147,UPI,Delivered,3,3,40477276.30
500613,11017,29-07-2025,27,Male,Kolkata,West Bengal,Electronics,Smartphones,Google Pixel 8a,2,53926,107852,17,89517,Debit Card,Returned,2,7,1813400.65
500614,10522,04-08-2026,40,Male,Indore,Madhya Pradesh,Fashion,Footwear,Bata Formal Shoes,1,2599,2599,30,1819,UPI,Delivered,4,4,40477276.30
500615,11172,17-04-2026,37,Female,Surat,Gujarat,Beauty & Personal Care,Makeup,Sugar Mascara,1,756,756,26,560,UPI,Delivered,5,2,40477276.30
500616,10246,02-02-2025,30,Female,Dehradun,Uttarakhand,Fashion,Women Clothing,Libas Anarkali Kurta,1,1931,1931,13,1680,Credit Card,Delivered,5,5,40477276.30
500617,11029,24-10-2025,41,Male,Pune,Maharashtra,Home & Kitchen,Storage,Cloth Organizer,1,735,735,8,676,Credit Card,Delivered,4,3,40477276.30
500618,11139,24-08-2025,41,Male,Gurugram,Haryana,Electronics,Audio,Sony WH-CH520,2,4265,8529,17,7079,Wallet,Delivered,4,1,40477276.30
500619,10660,26-06-2025,32,Male,Bengaluru,Karnataka,Electronics,Audio,JBL Tune 770NC,1,5942,5942,28,4278,Cash on Delivery,Delivered,5,2,40477276.30
500620,10032,03-04-2025,54,Male,Mumbai,Maharashtra,Electronics,Smartphones,Apple iPhone 15,2,70767,141534,18,116058,UPI,Delivered,5,3,40477276.30
500621,10331,11-01-2025,34,Female,Mumbai,Maharashtra,Electronics,Audio,Sony WH-CH520,5,4709,23543,14,20247,UPI,Delivered,2,2,40477276.30
500622,10955,08-07-2026,33,Male,Delhi,Delhi (NCT),Home & Kitchen,Storage,Cloth Organizer,1,713,713,25,534,Cash on Delivery,Cancelled,3,0,3077928.23
500623,10288,24-06-2026,40,Female,Delhi,Delhi (NCT),Electronics,Audio,JBL Tune 770NC,1,5919,5919,8,5446,Net Banking,Delivered,5,6,40477276.30
500624,10924,30-11-2025,26,Female,Delhi,Delhi (NCT),Home & Kitchen,Home Decor,Decorative Table Lamp,1,1958,1958,12,1723,UPI,Delivered,3,6,40477276.30
500625,10186,13-02-2026,42,Female,Mumbai,Maharashtra,Beauty & Personal Care,Skincare,Neutrogena Moisturizer,2,758,1516,8,1394,Credit Card,Delivered,5,5,40477276.30
500626,10677,24-03-2025,22,Male,Lucknow,Uttar Pradesh,Sports,Outdoor Sports,SG Cricket Bat,1,3513,3513,21,2775,UPI,Delivered,5,6,40477276.30
500627,10579,03-03-2025,18,Female,Vadodara,Gujarat,Beauty & Personal Care,Skincare,Minimalist Niacinamide Serum,1,570,570,28,410,UPI,Delivered,4,5,40477276.30
500628,10541,18-12-2025,43,Female,Delhi,Delhi (NCT),Sports,Fitness Equipment,Decathlon Yoga Mat,2,1053,2107,3,2043,Net Banking,Delivered,4,3,40477276.30
500629,10193,14-08-2026,36,Male,Mumbai,Maharashtra,Home & Kitchen,Home Decor,Decorative Table Lamp,1,1946,1946,9,1771,UPI,Delivered,3,2,40477276.30
500630,11422,08-12-2025,46,Male,Mumbai,Maharashtra,Beauty & Personal Care,Personal Care,Dove Body Wash,2,419,839,20,671,Debit Card,Cancelled,4,0,3077928.23
500631,10674,10-02-2025,30,Male,Pune,Maharashtra,Fashion,Men Clothing,Levi's Slim Jeans,1,2465,2465,8,2268,UPI,Delivered,5,4,40477276.30
500632,11406,26-04-2026,26,Female,Delhi,Delhi (NCT),Books,Fiction,The Silent Patient,1,491,491,11,437,UPI,Delivered,5,1,40477276.30
500633,10498,02-06-2025,32,Female,Chennai,Tamil Nadu,Electronics,Audio,JBL Tune 770NC,1,6006,6006,11,5345,Net Banking,Delivered,4,1,40477276.30
500634,10404,17-10-2025,35,Female,Delhi,Delhi (NCT),Fashion,Men Clothing,Allen Solly Polo T-Shirt,1,1646,1646,4,1580,UPI,Delivered,4,3,40477276.30
500635,11060,08-01-2026,30,Female,Lucknow,Uttar Pradesh,Sports,Sportswear,Nike Dri-FIT T-Shirt,2,1900,3801,23,2927,Debit Card,Delivered,3,3,40477276.30
500636,10783,03-11-2025,38,Female,Noida,Uttar Pradesh,Books,Non-Fiction,Educated,2,622,1245,30,871,UPI,Delivered,4,5,40477276.30
500637,10483,26-07-2025,16,Female,Pune,Maharashtra,Fashion,Footwear,Bata Formal Shoes,1,2509,2509,22,1957,Debit Card,Delivered,4,1,40477276.30
500638,10300,13-01-2025,41,Female,Guwahati,Assam,Grocery,Staples,India Gate Basmati Rice 5kg,2,701,1403,16,1178,Debit Card,Delivered,5,3,40477276.30
500639,10021,17-01-2026,50,Female,Kolkata,West Bengal,Beauty & Personal Care,Skincare,Cetaphil Face Wash,1,691,691,27,504,Debit Card,Delivered,5,3,40477276.30
500640,10006,10-07-2025,31,Female,Indore,Madhya Pradesh,Electronics,Laptops,Lenovo IdeaPad Slim 5,2,63087,126174,14,108510,Debit Card,Delivered,3,2,40477276.30
500641,11102,25-02-2026,15,Male,Pune,Maharashtra,Beauty & Personal Care,Skincare,The Derma Co Sunscreen,1,497,497,27,363,Cash on Delivery,Delivered,4,4,40477276.30
500642,10626,26-07-2025,28,Male,Bengaluru,Karnataka,Electronics,Audio,OnePlus Buds 3,2,5288,10575,23,8143,UPI,Delivered,5,5,40477276.30
500643,10168,27-03-2025,55,Female,Surat,Gujarat,Home & Kitchen,Kitchen Appliances,Prestige Electric Kettle,1,1736,1736,5,1649,Cash on Delivery,Delivered,5,6,40477276.30
500644,11258,25-10-2025,39,Female,Hyderabad,Telangana,Home & Kitchen,Furniture,Study Table,1,6327,6327,8,5821,UPI,Delivered,4,4,40477276.30
500645,11032,01-06-2025,16,Male,Surat,Gujarat,Books,Academic,Database Management Systems,3,903,2708,23,2086,Debit Card,Delivered,3,3,40477276.30
500646,10904,20-01-2026,48,Male,Indore,Madhya Pradesh,Electronics,Audio,OnePlus Buds 3,1,5720,5720,18,4691,Net Banking,Delivered,5,3,40477276.30
500647,11110,06-03-2026,55,Female,Nashik,Maharashtra,Electronics,Laptops,ASUS Vivobook 15,1,57849,57849,3,56113,UPI,Delivered,5,4,40477276.30
500648,10437,31-12-2025,52,Female,Delhi,Delhi (NCT),Fashion,Men Clothing,Peter England Formal Shirt,1,1797,1797,29,1276,UPI,Delivered,4,2,40477276.30
500649,10156,24-02-2025,26,Female,Pune,Maharashtra,Fashion,Men Clothing,Allen Solly Polo T-Shirt,1,1665,1665,22,1298,UPI,Delivered,5,4,40477276.30
500650,10301,03-11-2025,25,Male,Bengaluru,Karnataka,Home & Kitchen,Furniture,Office Chair,1,7963,7963,23,6132,UPI,Delivered,4,4,40477276.30
500651,10988,10-09-2025,44,Male,Mysuru,Karnataka,Fashion,Men Clothing,Roadster Casual Shirt,1,1276,1276,27,931,Credit Card,Delivered,5,6,40477276.30
500652,10839,18-01-2026,45,Male,Jaipur,Rajasthan,Books,Fiction,The Silent Patient,2,491,982,15,835,UPI,Delivered,4,4,40477276.30
500653,10926,05-02-2025,17,Male,Noida,Uttar Pradesh,Sports,Outdoor Sports,Nivia Basketball,1,978,978,28,704,Credit Card,Delivered,5,5,40477276.30
500654,10759,04-09-2025,25,Male,Surat,Gujarat,Sports,Fitness Equipment,Decathlon Yoga Mat,1,973,973,26,720,Debit Card,Delivered,5,2,40477276.30
500655,11318,26-12-2025,31,Female,Hyderabad,Telangana,Electronics,Laptops,HP Pavilion 14,1,66371,66371,16,55752,Debit Card,Delivered,4,3,40477276.30
500656,10811,16-11-2025,32,Male,Lucknow,Uttar Pradesh,Fashion,Men Clothing,Peter England Formal Shirt,2,1815,3630,9,3303,Credit Card,Delivered,3,4,40477276.30
500657,11216,22-05-2025,48,Male,Mumbai,Maharashtra,Electronics,Laptops,ASUS Vivobook 15,5,58980,294900,17,244767,Cash on Delivery,Delivered,2,3,40477276.30
500658,10283,14-04-2025,51,Male,Bhubaneswar,Odisha,Grocery,Beverages,Tata Tea Gold,1,278,278,14,239,Net Banking,Delivered,4,4,40477276.30
500659,10869,27-12-2025,41,Male,Ahmedabad,Gujarat,Books,Non-Fiction,Sapiens,1,710,710,25,533,UPI,Delivered,5,3,40477276.30
500660,10317,25-05-2025,42,Male,Bengaluru,Karnataka,Home & Kitchen,Home Decor,Decorative Table Lamp,1,1856,1856,27,1355,UPI,Delivered,4,2,40477276.30
500661,10012,16-03-2025,29,Male,Nagpur,Maharashtra,Fashion,Men Clothing,Levi's Slim Jeans,1,2384,2384,27,1740,Credit Card,Delivered,5,2,40477276.30
500662,10591,01-04-2025,35,Female,Noida,Uttar Pradesh,Grocery,Household,Harpic Toilet Cleaner,2,190,380,30,266,UPI,Delivered,1,3,40477276.30
500663,11259,22-01-2026,26,Female,Coimbatore,Tamil Nadu,Fashion,Footwear,Nike Revolution Running Shoes,1,4748,4748,11,4225,UPI,Delivered,3,4,40477276.30
500664,10805,03-06-2025,29,Male,Hyderabad,Telangana,Electronics,Smart Devices,Apple Watch SE,2,29721,59442,17,49337,UPI,Delivered,5,3,40477276.30
500665,10790,18-08-2026,16,Female,Mumbai,Maharashtra,Beauty & Personal Care,Skincare,Cetaphil Face Wash,1,697,697,26,516,Wallet,Delivered,3,1,40477276.30
500666,10095,08-05-2026,30,Male,Bengaluru,Karnataka,Beauty & Personal Care,Haircare,Dove Hair Mask,1,405,405,24,308,UPI,Delivered,5,6,40477276.30
500667,10456,14-06-2026,25,Male,Ranchi,Jharkhand,Grocery,Beverages,Nescafe Classic,1,415,415,9,378,Credit Card,Delivered,3,3,40477276.30
500668,10836,18-08-2025,37,Male,Lucknow,Uttar Pradesh,Electronics,Smartphones,Google Pixel 8a,1,54115,54115,23,41668,Credit Card,Delivered,4,3,40477276.30
500669,10085,06-06-2026,25,Female,Bengaluru,Karnataka,Fashion,Footwear,Skechers Walking Shoes,2,6021,12041,14,10356,UPI,Delivered,4,1,40477276.30
500670,11321,25-08-2025,35,Male,Chandigarh,Chandigarh (UT),Home & Kitchen,Kitchen Appliances,Havells OTG Oven,3,7112,21337,16,17923,UPI,Cancelled,1,0,3077928.23
500671,11366,24-01-2026,32,Female,Gurugram,Haryana,Electronics,Audio,boAt Airdopes 141,1,1523,1523,24,1157,UPI,Delivered,5,3,40477276.30
500672,10842,01-02-2025,41,Male,Pune,Maharashtra,Fashion,Men Clothing,Peter England Formal Shirt,5,1876,9381,5,8911,Credit Card,Delivered,5,6,40477276.30
500673,10884,16-06-2025,45,Female,Jaipur,Rajasthan,Electronics,Smartphones,Apple iPhone 15,1,69096,69096,29,49058,Debit Card,Delivered,5,4,40477276.30
500674,11227,26-04-2025,34,Male,Nashik,Maharashtra,Electronics,Smartphones,Samsung Galaxy A55,1,40510,40510,10,36459,UPI,Returned,2,4,1813400.65
500675,10508,10-04-2026,24,Female,Patna,Bihar,Beauty & Personal Care,Personal Care,Nivea Body Lotion,1,339,339,19,275,Cash on Delivery,Delivered,4,2,40477276.30
500676,11364,21-05-2026,23,Female,Mumbai,Maharashtra,Books,Academic,Python Programming,2,738,1477,7,1373,UPI,Returned,3,3,1813400.65
500677,10278,16-11-2025,27,Male,Lucknow,Uttar Pradesh,Beauty & Personal Care,Skincare,The Derma Co Sunscreen,2,522,1044,14,898,Credit Card,Delivered,3,6,40477276.30
500678,11001,06-10-2025,49,Female,Patna,Bihar,Electronics,Laptops,Lenovo IdeaPad Slim 5,1,68352,68352,15,58099,UPI,Delivered,5,5,40477276.30
500679,10421,23-04-2025,57,Male,Mumbai,Maharashtra,Fashion,Footwear,Nike Revolution Running Shoes,1,4706,4706,4,4518,Credit Card,Delivered,5,2,40477276.30
500680,10721,16-06-2026,37,Male,Pune,Maharashtra,Electronics,Smartphones,OnePlus Nord CE 4,1,23877,23877,27,17430,Net Banking,Delivered,5,4,40477276.30
500681,11050,08-10-2025,49,Male,Pune,Maharashtra,Electronics,Laptops,Dell Inspiron 15,1,55019,55019,12,48417,Credit Card,Delivered,5,2,40477276.30
500682,11127,02-07-2025,37,Female,Pune,Maharashtra,Beauty & Personal Care,Skincare,The Derma Co Sunscreen,2,497,994,19,805,UPI,Delivered,4,3,40477276.30
500683,11173,15-04-2025,35,Male,Ahmedabad,Gujarat,Fashion,Women Clothing,Biba Printed Kurta,1,1709,1709,6,1607,UPI,Delivered,5,2,40477276.30
500684,11082,28-07-2025,30,Female,Bhopal,Madhya Pradesh,Electronics,Audio,JBL Tune 770NC,3,5666,16997,6,15977,Net Banking,Delivered,4,3,40477276.30
500685,11114,17-12-2025,39,Female,Coimbatore,Tamil Nadu,Grocery,Snacks,Haldiram's Bhujia,1,184,184,3,178,Debit Card,Delivered,5,3,40477276.30
500686,11295,04-08-2026,35,Female,Hyderabad,Telangana,Sports,Accessories,Sports Cap,1,388,388,23,299,UPI,Cancelled,2,0,3077928.23
500687,10713,17-04-2025,28,Male,Gurugram,Haryana,Electronics,Audio,OnePlus Buds 3,2,5418,10836,14,9319,UPI,Delivered,5,3,40477276.30
500688,10416,02-03-2026,26,Male,Lucknow,Uttar Pradesh,Electronics,Smartphones,Google Pixel 8a,1,52123,52123,29,37007,UPI,Delivered,4,4,40477276.30
500689,11185,21-06-2026,23,Male,Lucknow,Uttar Pradesh,Electronics,Audio,boAt Airdopes 141,1,1517,1517,17,1259,UPI,Delivered,5,3,40477276.30
500690,10136,09-04-2026,51,Male,Indore,Madhya Pradesh,Beauty & Personal Care,Makeup,Maybelline Foundation,1,716,716,27,522,Debit Card,Delivered,3,5,40477276.30
500691,10118,03-07-2025,21,Male,Jaipur,Rajasthan,Sports,Sportswear,Adidas Track Pants,1,2430,2430,14,2090,UPI,Delivered,4,5,40477276.30
500692,10238,22-06-2025,36,Male,Bhubaneswar,Odisha,Electronics,Laptops,Lenovo IdeaPad Slim 5,1,67034,67034,4,64353,UPI,Delivered,4,5,40477276.30
500693,10671,10-11-2025,48,Male,Ahmedabad,Gujarat,Grocery,Staples,Fortune Sunflower Oil 1L,1,150,150,23,116,Net Banking,Delivered,5,1,40477276.30
500694,10731,14-09-2025,36,Male,Coimbatore,Tamil Nadu,Books,Self-Help,The Power of Habit,1,471,471,13,410,Credit Card,Delivered,3,2,40477276.30
500695,10986,17-12-2025,21,Male,Coimbatore,Tamil Nadu,Home & Kitchen,Storage,Plastic Storage Box Set,2,973,1946,6,1829,Debit Card,Delivered,5,3,40477276.30
500696,10549,28-11-2025,38,Female,Delhi,Delhi (NCT),Sports,Accessories,Sports Water Bottle,1,485,485,17,402,Net Banking,Cancelled,1,0,3077928.23
500697,10113,31-03-2026,35,Female,Bengaluru,Karnataka,Electronics,Audio,boAt Airdopes 141,1,1528,1528,15,1299,Credit Card,Delivered,3,2,40477276.30
500698,11180,11-06-2025,22,Male,Mumbai,Maharashtra,Fashion,Men Clothing,Levi's Slim Jeans,2,2430,4859,7,4519,Credit Card,Delivered,5,2,40477276.30
500699,11347,19-08-2026,15,Female,Chennai,Tamil Nadu,Home & Kitchen,Home Decor,Wooden Photo Frame,1,739,739,26,547,Credit Card,Delivered,4,2,40477276.30
500700,10181,14-04-2026,41,Female,Ranchi,Jharkhand,Sports,Outdoor Sports,Cosco Football,1,922,922,22,719,Debit Card,Delivered,4,3,40477276.30
500701,10934,14-09-2025,15,Male,Kolkata,West Bengal,Electronics,Smartphones,OnePlus Nord CE 4,1,23516,23516,10,21164,UPI,Delivered,5,5,40477276.30
500702,10455,06-11-2025,28,Female,Indore,Madhya Pradesh,Grocery,Snacks,Lays Classic Chips,1,42,42,4,40,Cash on Delivery,Delivered,4,4,40477276.30
500703,10931,25-05-2025,28,Female,Delhi,Delhi (NCT),Beauty & Personal Care,Makeup,Sugar Mascara,1,752,752,2,737,UPI,Delivered,5,2,40477276.30
500704,10650,01-06-2026,42,Male,Chandigarh,Chandigarh (UT),Electronics,Smartphones,OnePlus Nord CE 4,2,26073,52146,12,45888,Credit Card,Delivered,5,4,40477276.30
500705,11132,25-06-2025,39,Female,Mumbai,Maharashtra,Fashion,Accessories,Fastrack Analog Watch,2,2472,4944,23,3807,Debit Card,Delivered,5,3,40477276.30
500706,10106,15-07-2025,38,Female,Lucknow,Uttar Pradesh,Grocery,Household,Surf Excel Detergent,1,688,688,30,481,Wallet,Delivered,2,4,40477276.30
500707,10484,07-01-2026,36,Male,Chennai,Tamil Nadu,Books,Academic,Python Programming,1,736,736,8,677,UPI,Delivered,4,4,40477276.30
500708,10100,22-04-2025,31,Female,Mumbai,Maharashtra,Home & Kitchen,Furniture,Bookshelf,2,5953,11906,26,8811,UPI,Delivered,3,6,40477276.30
500709,10727,27-02-2025,34,Female,Nashik,Maharashtra,Grocery,Snacks,Parle-G Biscuits,3,52,155,19,125,UPI,Delivered,3,5,40477276.30
500710,11000,15-03-2025,40,Male,Ahmedabad,Gujarat,Beauty & Personal Care,Haircare,Dove Hair Mask,1,395,395,14,340,Credit Card,Delivered,5,7,40477276.30
500711,11416,24-04-2026,44,Male,Surat,Gujarat,Fashion,Footwear,Nike Revolution Running Shoes,2,5223,10446,20,8357,UPI,Delivered,5,3,40477276.30
500712,10376,30-03-2025,26,Male,Hyderabad,Telangana,Sports,Fitness Equipment,Skipping Rope,1,306,306,20,245,Wallet,Delivered,5,5,40477276.30
500713,10917,26-06-2026,41,Female,Bhopal,Madhya Pradesh,Beauty & Personal Care,Personal Care,Dove Body Wash,1,394,394,22,307,Cash on Delivery,Cancelled,4,0,3077928.23
500714,10399,08-05-2025,33,Male,Mysuru,Karnataka,Beauty & Personal Care,Skincare,Neutrogena Moisturizer,2,763,1525,2,1495,Credit Card,Delivered,5,5,40477276.30
500715,10340,17-05-2026,28,Female,Mumbai,Maharashtra,Beauty & Personal Care,Makeup,Sugar Mascara,1,816,816,6,767,Credit Card,Delivered,3,3,40477276.30
500716,10516,06-05-2026,42,Female,Bhopal,Madhya Pradesh,Beauty & Personal Care,Haircare,Dove Hair Mask,2,408,816,19,661,UPI,Delivered,5,7,40477276.30
500717,11332,11-01-2026,47,Female,Delhi,Delhi (NCT),Electronics,Smart Devices,Mi Smart Band 8,2,3649,7297,28,5254,Credit Card,Delivered,2,2,40477276.30
500718,10268,11-09-2025,18,Female,Bengaluru,Karnataka,Grocery,Beverages,Tata Tea Gold,1,269,269,6,253,Debit Card,Delivered,5,3,40477276.30
500719,10311,01-10-2025,32,Female,Delhi,Delhi (NCT),Beauty & Personal Care,Skincare,Cetaphil Face Wash,2,725,1451,16,1219,UPI,Delivered,5,4,40477276.30
500720,11226,01-01-2026,33,Male,Patna,Bihar,Sports,Accessories,Sports Cap,1,381,381,27,278,Net Banking,Delivered,4,3,40477276.30
500721,10470,11-04-2026,28,Male,Nagpur,Maharashtra,Beauty & Personal Care,Makeup,Sugar Mascara,2,756,1512,27,1103,Cash on Delivery,Delivered,4,7,40477276.30
500722,11090,05-04-2026,32,Female,Indore,Madhya Pradesh,Books,Fiction,The Silent Patient,1,477,477,28,344,Debit Card,Delivered,5,3,40477276.30
500723,11354,15-07-2026,42,Male,Noida,Uttar Pradesh,Electronics,Laptops,HP Pavilion 14,1,65811,65811,27,48042,Credit Card,Delivered,5,1,40477276.30
500724,11109,02-04-2026,27,Female,Kolkata,West Bengal,Beauty & Personal Care,Makeup,Maybelline Foundation,1,657,657,6,618,UPI,Delivered,3,3,40477276.30
500725,10007,07-07-2025,51,Female,Surat,Gujarat,Books,Fiction,Atomic Habits,2,612,1225,24,931,UPI,Delivered,5,7,40477276.30
500726,11054,18-06-2026,37,Non-Binary,Visakhapatnam,Andhra Pradesh,Fashion,Women Clothing,Biba Printed Kurta,2,1884,3767,24,2863,UPI,Delivered,5,2,40477276.30
500727,11268,04-08-2026,24,Female,Bengaluru,Karnataka,Grocery,Staples,Fortune Sunflower Oil 1L,1,168,168,28,121,Cash on Delivery,Delivered,3,4,40477276.30
500728,11131,22-06-2025,38,Female,Dehradun,Uttarakhand,Electronics,Laptops,HP Pavilion 14,2,61697,123395,23,95014,Cash on Delivery,Delivered,5,4,40477276.30
500729,11090,25-04-2026,32,Female,Indore,Madhya Pradesh,Fashion,Women Clothing,W Women Dress,1,2442,2442,13,2124,Debit Card,Delivered,4,6,40477276.30
500730,11004,12-01-2025,27,Male,Gurugram,Haryana,Sports,Accessories,Sports Cap,1,385,385,22,300,Credit Card,Delivered,5,1,40477276.30
500731,10555,29-04-2026,38,Male,Jaipur,Rajasthan,Books,Academic,Operating Systems Guide,1,777,777,12,684,UPI,Delivered,5,5,40477276.30
500732,10823,20-03-2026,59,Female,Delhi,Delhi (NCT),Home & Kitchen,Home Decor,Artificial Plant,1,753,753,9,685,UPI,Delivered,2,2,40477276.30
500733,10210,11-03-2026,75,Female,Hyderabad,Telangana,Home & Kitchen,Furniture,Office Chair,1,8359,8359,19,6771,UPI,Delivered,5,4,40477276.30
500734,11143,17-01-2026,32,Female,Delhi,Delhi (NCT),Electronics,Laptops,ASUS Vivobook 15,1,58056,58056,4,55734,Credit Card,Delivered,5,5,40477276.30
500735,10234,10-01-2026,27,Female,Ahmedabad,Gujarat,Grocery,Staples,Tata Salt 1kg,1,29,29,28,21,Debit Card,Delivered,4,3,40477276.30
500736,10257,16-05-2025,48,Male,Ahmedabad,Gujarat,Home & Kitchen,Furniture,Study Table,2,6770,13540,12,11915,Credit Card,Delivered,5,2,40477276.30
500737,10039,20-09-2025,19,Non-Binary,Bhopal,Madhya Pradesh,Sports,Sportswear,Decathlon Sports T-Shirt,1,758,758,26,561,Debit Card,Delivered,4,3,40477276.30
500738,10190,13-08-2025,17,Male,Patna,Bihar,Books,Self-Help,The 7 Habits of Highly Effective People,1,701,701,20,560,Credit Card,Delivered,5,5,40477276.30
500739,10185,06-06-2026,32,Female,Visakhapatnam,Andhra Pradesh,Fashion,Men Clothing,Peter England Formal Shirt,1,1811,1811,25,1358,Credit Card,Delivered,5,5,40477276.30
500740,10394,17-08-2026,54,Female,Mumbai,Maharashtra,Grocery,Staples,Fortune Sunflower Oil 1L,2,159,317,3,307,UPI,Delivered,4,2,40477276.30
500741,11159,21-04-2025,45,Female,Jaipur,Rajasthan,Beauty & Personal Care,Makeup,Sugar Mascara,1,772,772,19,625,Debit Card,Delivered,4,4,40477276.30
500742,10903,11-05-2025,34,Male,Chennai,Tamil Nadu,Fashion,Women Clothing,Biba Printed Kurta,1,1765,1765,27,1289,Debit Card,Delivered,4,3,40477276.30
500743,11343,25-05-2026,39,Male,Delhi,Delhi (NCT),Beauty & Personal Care,Skincare,The Derma Co Sunscreen,2,509,1018,3,987,Credit Card,Delivered,4,2,40477276.30
500744,10627,13-03-2026,23,Female,Mumbai,Maharashtra,Fashion,Men Clothing,Allen Solly Polo T-Shirt,3,1661,4983,22,3887,Cash on Delivery,Delivered,3,6,40477276.30
500745,10646,18-06-2026,31,Female,Pune,Maharashtra,Home & Kitchen,Storage,Wardrobe Organizer,3,937,2811,27,2052,Credit Card,Cancelled,5,0,3077928.23
500746,10680,05-01-2025,48,Female,Delhi,Delhi (NCT),Grocery,Household,Colin Glass Cleaner,2,156,311,29,221,Cash on Delivery,Delivered,4,4,40477276.30
500747,10954,30-05-2026,50,Male,Chennai,Tamil Nadu,Home & Kitchen,Storage,Kitchen Storage Jars,1,1218,1218,18,999,Debit Card,Delivered,3,3,40477276.30
500748,11369,04-12-2025,29,Female,Chennai,Tamil Nadu,Electronics,Smart Devices,Mi Smart Band 8,1,3619,3619,13,3148,UPI,Delivered,5,3,40477276.30
500749,10473,25-04-2025,17,Female,Jaipur,Rajasthan,Electronics,Laptops,HP Pavilion 14,1,59721,59721,21,47180,Credit Card,Delivered,2,5,40477276.30
500750,10484,16-01-2025,36,Male,Chennai,Tamil Nadu,Sports,Fitness Equipment,Skipping Rope,2,286,572,18,469,UPI,Delivered,5,1,40477276.30
500751,11219,06-03-2025,25,Male,Bengaluru,Karnataka,Electronics,Smartphones,Samsung Galaxy A55,2,39163,78326,21,61878,UPI,Delivered,5,4,40477276.30
500752,10396,28-07-2025,29,Female,Hyderabad,Telangana,Fashion,Women Clothing,Libas Anarkali Kurta,2,1984,3968,17,3293,UPI,Delivered,5,5,40477276.30
500753,11302,21-08-2026,45,Male,Bhopal,Madhya Pradesh,Electronics,Smartphones,Apple iPhone 15,2,73611,147222,13,128083,UPI,Delivered,5,4,40477276.30
500754,10727,03-01-2026,34,Female,Nashik,Maharashtra,Home & Kitchen,Furniture,Bookshelf,2,6164,12327,30,8629,UPI,Delivered,4,5,40477276.30
500755,10099,29-08-2025,34,Male,Kochi,Kerala,Fashion,Women Clothing,Biba Printed Kurta,3,1826,5478,9,4985,Wallet,Delivered,4,3,40477276.30
500756,11356,29-03-2026,15,Male,Surat,Gujarat,Books,Self-Help,The Power of Habit,1,487,487,17,405,Wallet,Cancelled,3,0,3077928.23
500757,11333,13-01-2026,32,Female,Bhubaneswar,Odisha,Beauty & Personal Care,Haircare,L'Oreal Shampoo,2,626,1253,15,1065,Credit Card,Delivered,4,3,40477276.30
500758,10082,21-06-2026,38,Female,Patna,Bihar,Books,Fiction,Ikigai,1,382,382,9,347,Debit Card,Delivered,5,2,40477276.30
500759,11367,07-04-2025,34,Male,Chennai,Tamil Nadu,Books,Non-Fiction,Deep Work,1,475,475,23,365,Cash on Delivery,Delivered,3,4,40477276.30
500760,10845,24-01-2025,36,Female,Hyderabad,Telangana,Fashion,Footwear,Nike Revolution Running Shoes,2,5262,10524,4,10103,Debit Card,Delivered,2,1,40477276.30
500761,10242,10-01-2026,33,Male,Nagpur,Maharashtra,Sports,Outdoor Sports,Yonex Badminton Racket,1,2231,2231,19,1807,UPI,Delivered,3,5,40477276.30
500762,10904,10-08-2025,48,Male,Indore,Madhya Pradesh,Home & Kitchen,Storage,Kitchen Storage Jars,1,1218,1218,21,962,UPI,Delivered,4,3,40477276.30
500763,11243,04-10-2025,28,Female,Bengaluru,Karnataka,Grocery,Beverages,Paper Boat Aamras,1,148,148,29,105,Debit Card,Delivered,4,4,40477276.30
500764,10495,08-02-2025,51,Male,Bhubaneswar,Odisha,Grocery,Staples,Tata Salt 1kg,1,30,30,17,25,UPI,Delivered,5,3,40477276.30
500765,11089,06-08-2025,31,Male,Indore,Madhya Pradesh,Books,Fiction,The Alchemist,2,407,814,27,594,UPI,Delivered,4,2,40477276.30
500766,10048,13-11-2025,46,Male,Lucknow,Uttar Pradesh,Home & Kitchen,Furniture,Office Chair,1,7914,7914,30,5540,UPI,Delivered,5,2,40477276.30
500767,10581,29-06-2025,38,Female,Visakhapatnam,Andhra Pradesh,Beauty & Personal Care,Makeup,Sugar Mascara,1,777,777,15,660,UPI,Delivered,5,5,40477276.30
500768,10658,26-02-2025,34,Female,Patna,Bihar,Beauty & Personal Care,Skincare,The Derma Co Sunscreen,1,478,478,23,368,Cash on Delivery,Delivered,4,4,40477276.30
500769,10267,29-03-2025,52,Female,Noida,Uttar Pradesh,Electronics,Smartphones,Apple iPhone 15,1,73246,73246,11,65189,Net Banking,Delivered,3,3,40477276.30
500770,10902,07-03-2025,30,Male,Nagpur,Maharashtra,Electronics,Smart Devices,Mi Smart Band 8,1,3673,3673,6,3452,UPI,Delivered,5,7,40477276.30
500771,10690,16-06-2026,39,Male,Bengaluru,Karnataka,Sports,Outdoor Sports,Nivia Basketball,1,995,995,26,736,Credit Card,Delivered,5,2,40477276.30
500772,10238,11-05-2025,36,Male,Bhubaneswar,Odisha,Books,Academic,Data Structures Handbook,5,824,4121,25,3091,UPI,Delivered,3,2,40477276.30
500773,11356,31-07-2025,15,Male,Surat,Gujarat,Home & Kitchen,Home Decor,Wall Art Set,1,1327,1327,13,1155,Debit Card,Delivered,4,2,40477276.30
500774,10399,19-08-2025,33,Male,Mysuru,Karnataka,Sports,Accessories,Sports Water Bottle,1,470,470,3,456,Credit Card,Delivered,5,5,40477276.30
500775,10642,31-08-2025,52,Female,Coimbatore,Tamil Nadu,Home & Kitchen,Home Decor,Decorative Table Lamp,1,1862,1862,4,1787,Wallet,Delivered,5,4,40477276.30
500776,11004,03-03-2026,27,Male,Gurugram,Haryana,Grocery,Beverages,Real Fruit Juice,2,176,352,24,267,Net Banking,Delivered,4,3,40477276.30
500777,10894,11-03-2026,47,Male,Ahmedabad,Gujarat,Fashion,Footwear,Nike Revolution Running Shoes,1,5288,5288,19,4284,Debit Card,Delivered,5,3,40477276.30
500778,10695,04-01-2025,41,Female,Hyderabad,Telangana,Sports,Fitness Equipment,Skipping Rope,2,311,623,15,529,UPI,Delivered,1,1,40477276.30
500779,10687,26-06-2026,31,Female,Mumbai,Maharashtra,Electronics,Smart Devices,Amazon Echo Dot,1,5799,5799,20,4639,UPI,Delivered,4,2,40477276.30
500780,11359,31-07-2025,18,Male,Mysuru,Karnataka,Electronics,Audio,JBL Tune 770NC,1,6118,6118,22,4772,UPI,Delivered,4,5,40477276.30
500781,10984,20-01-2025,33,Male,Surat,Gujarat,Grocery,Household,Surf Excel Detergent,1,668,668,22,521,Credit Card,Delivered,5,4,40477276.30
500782,10523,23-06-2026,27,Male,Noida,Uttar Pradesh,Home & Kitchen,Home Decor,Wooden Photo Frame,1,689,689,23,531,Debit Card,Delivered,4,6,40477276.30
500783,10369,26-02-2026,35,Female,Coimbatore,Tamil Nadu,Electronics,Smartphones,Samsung Galaxy A55,1,39222,39222,13,34123,Credit Card,Delivered,3,3,40477276.30
500784,10504,02-10-2025,40,Female,Ahmedabad,Gujarat,Electronics,Audio,JBL Tune 770NC,3,6216,18649,25,13987,Cash on Delivery,Delivered,3,3,40477276.30
500785,10632,22-01-2026,51,Male,Dehradun,Uttarakhand,Books,Academic,Operating Systems Guide,1,725,725,15,616,UPI,Delivered,4,3,40477276.30
500786,10048,15-08-2026,46,Male,Lucknow,Uttar Pradesh,Home & Kitchen,Storage,Kitchen Storage Jars,1,1221,1221,20,976,UPI,Delivered,4,3,40477276.30
500787,11166,12-03-2026,61,Female,Lucknow,Uttar Pradesh,Electronics,Audio,boAt Airdopes 141,1,1415,1415,12,1246,Net Banking,Delivered,3,2,40477276.30
500788,10999,12-02-2026,28,Female,Indore,Madhya Pradesh,Beauty & Personal Care,Personal Care,Himalaya Face Scrub,1,304,304,24,231,UPI,Delivered,4,1,40477276.30
500789,11093,18-08-2025,42,Female,Pune,Maharashtra,Fashion,Women Clothing,Aurelia Palazzo Set,1,2169,2169,19,1757,Debit Card,Delivered,5,4,40477276.30
500790,11255,09-02-2026,48,Female,Gurugram,Haryana,Grocery,Snacks,Kurkure Masala Munch,1,42,42,8,39,UPI,Delivered,3,4,40477276.30
500791,11344,09-06-2025,47,Male,Visakhapatnam,Andhra Pradesh,Electronics,Audio,JBL Tune 770NC,1,5844,5844,12,5143,UPI,Delivered,4,1,40477276.30
500792,11332,30-06-2026,47,Female,Delhi,Delhi (NCT),Fashion,Women Clothing,Aurelia Palazzo Set,1,2403,2403,19,1946,Net Banking,Delivered,3,5,40477276.30
500793,11055,08-05-2025,28,Female,Delhi,Delhi (NCT),Home & Kitchen,Kitchen Appliances,Philips Mixer Grinder,1,3122,3122,25,2341,UPI,Delivered,4,5,40477276.30
500794,10163,14-07-2026,47,Male,Chennai,Tamil Nadu,Home & Kitchen,Furniture,Bedside Table,1,3377,3377,29,2398,Credit Card,Delivered,4,4,40477276.30
500795,11002,06-09-2025,44,Male,Noida,Uttar Pradesh,Beauty & Personal Care,Personal Care,Gillette Shaving Kit,1,607,607,27,443,Net Banking,Delivered,4,3,40477276.30
500796,10136,15-03-2025,51,Male,Indore,Madhya Pradesh,Electronics,Audio,JBL Tune 770NC,1,6270,6270,26,4640,Credit Card,Delivered,3,2,40477276.30
500797,10202,26-07-2025,40,Female,Delhi,Delhi (NCT),Home & Kitchen,Home Decor,Wall Art Set,2,1364,2728,4,2619,Credit Card,Delivered,5,5,40477276.30
500798,10069,31-05-2026,38,Female,Ranchi,Jharkhand,Electronics,Smartphones,Apple iPhone 15,3,71664,214992,26,159094,Cash on Delivery,Delivered,3,3,40477276.30
500799,10355,16-04-2026,34,Male,Patna,Bihar,Beauty & Personal Care,Haircare,Dove Hair Mask,3,421,1264,20,1011,Debit Card,Returned,4,5,1813400.65
500800,11287,06-01-2025,15,Male,Chennai,Tamil Nadu,Home & Kitchen,Kitchen Appliances,Bajaj Air Fryer,3,4811,14433,11,12845,UPI,Delivered,4,2,40477276.30
500801,10217,19-12-2025,25,Female,Bengaluru,Karnataka,Electronics,Audio,boAt Airdopes 141,2,1540,3080,23,2371,Debit Card,Delivered,4,4,40477276.30
500802,10932,14-06-2025,55,Female,Indore,Madhya Pradesh,Fashion,Men Clothing,Roadster Casual Shirt,1,1289,1289,30,902,UPI,Delivered,5,2,40477276.30
500803,10273,06-07-2025,47,Male,Bengaluru,Karnataka,Beauty & Personal Care,Haircare,Mamaearth Hair Serum,1,492,492,16,413,UPI,Cancelled,4,0,3077928.23
500804,10725,11-01-2026,36,Male,Visakhapatnam,Andhra Pradesh,Beauty & Personal Care,Makeup,Sugar Mascara,1,811,811,2,795,UPI,Delivered,4,4,40477276.30
500805,10818,19-09-2025,44,Female,Delhi,Delhi (NCT),Books,Non-Fiction,Deep Work,4,516,2066,16,1735,Net Banking,Delivered,5,3,40477276.30
500806,11121,13-06-2026,46,Male,Pune,Maharashtra,Beauty & Personal Care,Skincare,The Derma Co Sunscreen,1,515,515,21,407,Cash on Delivery,Delivered,5,3,40477276.30
500807,10557,24-04-2025,29,Female,Ahmedabad,Gujarat,Electronics,Smart Devices,Mi Smart Band 8,1,3312,3312,5,3147,Debit Card,Returned,2,1,1813400.65
500808,11418,12-08-2025,37,Female,Delhi,Delhi (NCT),Home & Kitchen,Kitchen Appliances,Havells OTG Oven,2,6824,13648,30,9553,UPI,Delivered,5,5,40477276.30
500809,10954,31-05-2025,50,Male,Chennai,Tamil Nadu,Books,Academic,Database Management Systems,1,885,885,12,779,Debit Card,Cancelled,3,0,3077928.23
500810,11098,18-02-2025,15,Male,Noida,Uttar Pradesh,Home & Kitchen,Kitchen Appliances,Bajaj Air Fryer,2,5282,10563,19,8556,Net Banking,Delivered,4,3,40477276.30
500811,11054,07-04-2025,37,Non-Binary,Visakhapatnam,Andhra Pradesh,Grocery,Beverages,Paper Boat Aamras,1,157,157,13,136,UPI,Delivered,4,4,40477276.30
500812,10918,27-07-2026,36,Non-Binary,Pune,Maharashtra,Books,Fiction,Ikigai,1,412,412,27,301,UPI,Delivered,5,4,40477276.30
500813,10411,27-01-2025,42,Male,Bengaluru,Karnataka,Sports,Fitness Equipment,Resistance Bands Set,4,671,2686,19,2175,Credit Card,Cancelled,4,0,3077928.23
500814,11058,13-05-2026,47,Female,Mumbai,Maharashtra,Fashion,Accessories,Lavie Handbag,1,2383,2383,18,1954,UPI,Delivered,4,3,40477276.30
500815,11112,14-11-2025,36,Female,Hyderabad,Telangana,Grocery,Beverages,Nescafe Classic,1,402,402,24,305,Credit Card,Delivered,5,3,40477276.30
500816,10515,26-07-2025,28,Female,Nashik,Maharashtra,Fashion,Men Clothing,Peter England Formal Shirt,1,1987,1987,3,1927,Cash on Delivery,Delivered,4,4,40477276.30
500817,10602,16-11-2025,24,Female,Mumbai,Maharashtra,Beauty & Personal Care,Personal Care,Gillette Shaving Kit,4,603,2411,30,1688,UPI,Delivered,4,3,40477276.30
500818,10619,04-07-2026,39,Female,Mumbai,Maharashtra,Books,Fiction,Ikigai,1,417,417,16,350,Net Banking,Delivered,4,3,40477276.30
500819,10852,16-02-2025,28,Male,Gurugram,Haryana,Beauty & Personal Care,Personal Care,Nivea Body Lotion,3,352,1055,26,781,Credit Card,Delivered,4,3,40477276.30
500820,10901,14-03-2026,38,Female,Lucknow,Uttar Pradesh,Electronics,Smart Devices,Samsung Galaxy Watch,1,24355,24355,23,18753,UPI,Delivered,4,3,40477276.30
500821,10309,03-02-2025,40,Male,Kolkata,West Bengal,Electronics,Smartphones,Google Pixel 8a,1,51023,51023,3,49492,UPI,Delivered,3,3,40477276.30
500822,10689,25-10-2025,42,Male,Bhopal,Madhya Pradesh,Home & Kitchen,Home Decor,Wooden Photo Frame,1,741,741,3,719,Cash on Delivery,Delivered,4,1,40477276.30
500823,11215,03-01-2025,31,Female,Mumbai,Maharashtra,Books,Academic,Operating Systems Guide,1,725,725,29,515,Cash on Delivery,Delivered,5,7,40477276.30
500824,10761,17-09-2025,28,Female,Bengaluru,Karnataka,Electronics,Laptops,Dell Inspiron 15,1,60921,60921,4,58484,Credit Card,Delivered,4,1,40477276.30
500825,11218,17-03-2026,37,Female,Ahmedabad,Gujarat,Electronics,Smart Devices,Mi Smart Band 8,3,3299,9898,19,8018,UPI,Delivered,5,3,40477276.30
500826,11284,12-08-2026,45,Male,Bengaluru,Karnataka,Home & Kitchen,Kitchen Appliances,Prestige Electric Kettle,1,1901,1901,29,1350,UPI,Delivered,5,4,40477276.30
500827,10746,27-01-2026,26,Male,Visakhapatnam,Andhra Pradesh,Grocery,Household,Vim Dishwash Liquid,2,202,405,8,372,Net Banking,Delivered,4,5,40477276.30
500828,11087,08-02-2026,45,Male,Mumbai,Maharashtra,Books,Non-Fiction,Think Like a Monk,2,414,828,20,662,Credit Card,Delivered,4,3,40477276.30
500829,10567,09-08-2026,15,Female,Kochi,Kerala,Fashion,Accessories,Fastrack Analog Watch,1,2471,2471,3,2397,Debit Card,Delivered,5,3,40477276.30
500830,11057,17-09-2025,34,Female,Mumbai,Maharashtra,Fashion,Accessories,Titan Wallet,1,1585,1585,9,1442,Net Banking,Delivered,3,5,40477276.30
500831,10128,23-06-2025,28,Male,Bhopal,Madhya Pradesh,Electronics,Smartphones,Samsung Galaxy A55,5,38565,192827,20,154261,UPI,Delivered,2,3,40477276.30
500832,10292,10-07-2025,29,Female,Mumbai,Maharashtra,Electronics,Smart Devices,Mi Smart Band 8,1,3698,3698,21,2921,Credit Card,Delivered,5,6,40477276.30
500833,10977,20-05-2026,29,Female,Mumbai,Maharashtra,Sports,Sportswear,Nike Dri-FIT T-Shirt,4,2006,8022,22,6257,Cash on Delivery,Delivered,5,5,40477276.30
500834,10716,07-09-2025,46,Female,Lucknow,Uttar Pradesh,Electronics,Smart Devices,Apple Watch SE,1,31273,31273,26,23142,UPI,Delivered,5,5,40477276.30
500835,11431,30-11-2025,37,Male,Dehradun,Uttarakhand,Books,Academic,Operating Systems Guide,3,714,2141,30,1499,UPI,Delivered,4,3,40477276.30
500836,10580,05-01-2026,47,Male,Bengaluru,Karnataka,Fashion,Women Clothing,W Women Dress,1,2579,2579,20,2063,Cash on Delivery,Delivered,5,5,40477276.30
500837,10369,10-06-2026,35,Female,Coimbatore,Tamil Nadu,Home & Kitchen,Furniture,Study Table,1,6178,6178,24,4695,Credit Card,Delivered,5,4,40477276.30
500838,10839,21-12-2025,45,Male,Jaipur,Rajasthan,Electronics,Smartphones,Google Pixel 8a,1,53009,53009,8,48768,Cash on Delivery,Delivered,5,6,40477276.30
500839,10064,06-08-2025,21,Female,Jaipur,Rajasthan,Home & Kitchen,Home Decor,Artificial Plant,2,791,1581,30,1107,Net Banking,Delivered,3,6,40477276.30
500840,11127,21-05-2025,37,Female,Pune,Maharashtra,Fashion,Footwear,Bata Formal Shoes,2,2635,5271,19,4269,Credit Card,Delivered,5,3,40477276.30
500841,10600,28-04-2026,38,Female,Hyderabad,Telangana,Electronics,Smartphones,Google Pixel 8a,1,52579,52579,6,49424,Credit Card,Delivered,5,3,40477276.30
500842,10441,22-04-2025,38,Non-Binary,Ahmedabad,Gujarat,Fashion,Accessories,Fastrack Analog Watch,1,2508,2508,13,2182,UPI,Delivered,4,2,40477276.30
500843,11037,26-05-2025,21,Male,Mumbai,Maharashtra,Home & Kitchen,Furniture,Bookshelf,2,6239,12478,26,9234,UPI,Delivered,4,4,40477276.30
500844,10044,04-07-2026,31,Female,Hyderabad,Telangana,Fashion,Men Clothing,Peter England Formal Shirt,1,1810,1810,18,1485,Cash on Delivery,Delivered,5,6,40477276.30
500845,10747,22-07-2025,36,Female,Chennai,Tamil Nadu,Fashion,Accessories,Wildcraft Backpack,2,1974,3949,5,3751,UPI,Returned,2,1,1813400.65
500846,10293,16-01-2026,28,Female,Jaipur,Rajasthan,Home & Kitchen,Home Decor,Wooden Photo Frame,1,683,683,10,614,Credit Card,Delivered,5,4,40477276.30
500847,11364,23-06-2026,23,Female,Mumbai,Maharashtra,Electronics,Smartphones,Samsung Galaxy A55,1,39615,39615,18,32484,UPI,Delivered,5,6,40477276.30
500848,10784,05-06-2025,41,Female,Mumbai,Maharashtra,Fashion,Women Clothing,Biba Printed Kurta,3,1860,5581,16,4688,UPI,Delivered,3,4,40477276.30
500849,11158,05-11-2025,59,Male,Kolkata,West Bengal,Home & Kitchen,Home Decor,Decorative Table Lamp,1,1951,1951,16,1639,Debit Card,Delivered,5,3,40477276.30
500850,10457,29-10-2025,33,Male,Pune,Maharashtra,Electronics,Smartphones,Apple iPhone 15,1,69148,69148,16,58084,Credit Card,Delivered,4,3,40477276.30
500851,10392,24-11-2025,39,Female,Hyderabad,Telangana,Books,Academic,Python Programming,1,682,682,11,607,UPI,Delivered,3,1,40477276.30
500852,10264,20-04-2025,23,Female,Kochi,Kerala,Fashion,Accessories,Fastrack Analog Watch,1,2400,2400,11,2136,Debit Card,Delivered,5,4,40477276.30
500853,11374,28-06-2026,16,Male,Ahmedabad,Gujarat,Electronics,Smart Devices,Mi Smart Band 8,2,3465,6930,29,4920,Credit Card,Delivered,3,6,40477276.30
500854,11013,12-12-2025,57,Female,Surat,Gujarat,Home & Kitchen,Storage,Plastic Storage Box Set,4,1006,4024,28,2897,UPI,Delivered,4,2,40477276.30
500855,10744,19-01-2026,34,Male,Gurugram,Haryana,Beauty & Personal Care,Haircare,L'Oreal Shampoo,1,586,586,30,410,Debit Card,Delivered,4,2,40477276.30
500856,11336,21-10-2025,30,Female,Chandigarh,Chandigarh (UT),Home & Kitchen,Kitchen Appliances,Havells OTG Oven,1,6776,6776,24,5150,UPI,Delivered,3,1,40477276.30
500857,10124,01-08-2025,19,Male,Chandigarh,Chandigarh (UT),Electronics,Smart Devices,Apple Watch SE,1,28923,28923,16,24295,UPI,Delivered,5,5,40477276.30
500858,10554,30-03-2025,37,Female,Guwahati,Assam,Sports,Sportswear,Puma Training Shorts,1,1833,1833,18,1503,UPI,Delivered,3,7,40477276.30
500859,11223,03-05-2026,41,Female,Mumbai,Maharashtra,Electronics,Smartphones,Samsung Galaxy A55,2,38609,77218,27,56369,UPI,Delivered,5,3,40477276.30
500860,10230,17-06-2025,41,Female,Ahmedabad,Gujarat,Fashion,Accessories,Fastrack Analog Watch,2,2640,5280,20,4224,UPI,Delivered,5,3,40477276.30
500861,10066,25-07-2026,49,Male,Indore,Madhya Pradesh,Sports,Fitness Equipment,Resistance Bands Set,2,659,1318,3,1278,Wallet,Delivered,4,3,40477276.30
500862,10540,02-01-2025,28,Male,Bengaluru,Karnataka,Electronics,Smart Devices,Amazon Echo Dot,1,5579,5579,27,4073,Cash on Delivery,Delivered,4,5,40477276.30
500863,10895,27-12-2025,49,Female,Bhopal,Madhya Pradesh,Beauty & Personal Care,Personal Care,Dove Body Wash,2,386,772,8,711,Cash on Delivery,Cancelled,3,0,3077928.23
500864,10290,18-01-2025,27,Female,Patna,Bihar,Beauty & Personal Care,Haircare,Mamaearth Hair Serum,1,495,495,13,431,Credit Card,Delivered,3,4,40477276.30
500865,10351,22-08-2026,37,Male,Surat,Gujarat,Fashion,Accessories,Wildcraft Backpack,1,2092,2092,8,1925,Credit Card,Delivered,1,1,40477276.30
500866,11359,15-01-2025,18,Male,Mysuru,Karnataka,Beauty & Personal Care,Personal Care,Himalaya Face Scrub,1,298,298,14,256,Debit Card,Cancelled,2,0,3077928.23
500867,10892,14-04-2026,40,Female,Patna,Bihar,Beauty & Personal Care,Personal Care,Gillette Shaving Kit,1,566,566,29,402,Credit Card,Delivered,5,7,40477276.30
500868,10501,07-03-2025,44,Female,Bengaluru,Karnataka,Fashion,Footwear,Puma Sneakers,2,4176,8353,14,7183,Debit Card,Delivered,3,3,40477276.30
500869,10975,12-08-2026,29,Female,Pune,Maharashtra,Fashion,Men Clothing,Peter England Formal Shirt,4,1874,7497,13,6522,Debit Card,Delivered,4,3,40477276.30
500870,11322,10-10-2025,40,Female,Nagpur,Maharashtra,Fashion,Women Clothing,W Women Dress,3,2417,7252,15,6164,Credit Card,Delivered,5,2,40477276.30
500871,10028,27-02-2026,38,Male,Pune,Maharashtra,Home & Kitchen,Kitchen Appliances,Philips Mixer Grinder,2,3268,6535,2,6404,UPI,Returned,1,3,1813400.65
500872,10894,27-08-2025,47,Male,Ahmedabad,Gujarat,Grocery,Beverages,Nescafe Classic,1,392,392,17,325,UPI,Delivered,4,4,40477276.30
500873,10415,23-05-2026,38,Male,Kochi,Kerala,Fashion,Women Clothing,Biba Printed Kurta,1,1793,1793,5,1703,Debit Card,Delivered,5,5,40477276.30
500874,10979,22-11-2025,17,Male,Kochi,Kerala,Electronics,Smart Devices,Mi Smart Band 8,1,3336,3336,12,2935,UPI,Delivered,4,6,40477276.30
500875,10946,04-03-2025,22,Male,Mysuru,Karnataka,Beauty & Personal Care,Makeup,Lakme Lipstick,1,614,614,29,436,UPI,Delivered,4,4,40477276.30
500876,10247,20-11-2025,29,Female,Hyderabad,Telangana,Beauty & Personal Care,Haircare,Dove Hair Mask,1,420,420,26,310,UPI,Delivered,5,3,40477276.30
500877,11325,05-08-2025,35,Male,Guwahati,Assam,Home & Kitchen,Home Decor,Decorative Table Lamp,4,1999,7995,30,5597,UPI,Cancelled,5,0,3077928.23
500878,10176,06-06-2026,43,Male,Nagpur,Maharashtra,Beauty & Personal Care,Makeup,Lakme Lipstick,2,625,1250,12,1100,Credit Card,Delivered,4,6,40477276.30
500879,10511,11-02-2025,37,Male,Kolkata,West Bengal,Books,Non-Fiction,Deep Work,1,484,484,26,358,Cash on Delivery,Delivered,5,3,40477276.30
500880,11395,14-09-2025,30,Female,Kolkata,West Bengal,Beauty & Personal Care,Haircare,Mamaearth Hair Serum,1,510,510,20,408,Cash on Delivery,Delivered,4,3,40477276.30
500881,10082,20-03-2025,38,Female,Patna,Bihar,Sports,Outdoor Sports,Nivia Basketball,1,987,987,25,740,UPI,Delivered,4,1,40477276.30
500882,10854,27-04-2025,47,Male,Patna,Bihar,Home & Kitchen,Furniture,Bookshelf,4,6225,24900,10,22410,UPI,Cancelled,3,0,3077928.23
500883,11296,18-05-2026,33,Male,Dehradun,Uttarakhand,Books,Academic,Data Structures Handbook,2,814,1627,21,1286,UPI,Returned,4,6,1813400.65
500884,11432,10-05-2026,43,Male,Dehradun,Uttarakhand,Fashion,Accessories,Titan Wallet,1,1547,1547,2,1516,Net Banking,Delivered,4,1,40477276.30
500885,10172,14-11-2025,25,Female,Bengaluru,Karnataka,Books,Academic,Database Management Systems,1,940,940,16,790,Credit Card,Delivered,5,1,40477276.30
500886,10294,27-01-2026,43,Male,Visakhapatnam,Andhra Pradesh,Home & Kitchen,Kitchen Appliances,Philips Mixer Grinder,2,3180,6360,28,4579,Credit Card,Delivered,5,3,40477276.30
500887,11208,14-02-2025,27,Female,Bengaluru,Karnataka,Grocery,Snacks,Haldiram's Bhujia,1,172,172,25,129,UPI,Delivered,2,1,40477276.30
500888,11257,03-05-2025,52,Female,Nashik,Maharashtra,Sports,Accessories,Sports Cap,1,404,404,16,339,Credit Card,Delivered,5,6,40477276.30
500889,10182,22-09-2025,25,Female,Surat,Gujarat,Electronics,Smartphones,Apple iPhone 15,3,73662,220986,19,178999,Credit Card,Delivered,4,3,40477276.30
500890,11163,08-05-2026,19,Male,Mumbai,Maharashtra,Home & Kitchen,Storage,Kitchen Storage Jars,1,1198,1198,8,1102,UPI,Delivered,5,3,40477276.30
500891,10472,28-01-2025,15,Female,Indore,Madhya Pradesh,Electronics,Smartphones,Google Pixel 8a,1,49828,49828,21,39364,Wallet,Delivered,3,3,40477276.30
500892,10283,24-04-2026,51,Male,Bhubaneswar,Odisha,Grocery,Staples,Fortune Sunflower Oil 1L,1,153,153,9,139,Credit Card,Delivered,3,2,40477276.30
500893,10520,22-02-2025,42,Male,Pune,Maharashtra,Electronics,Audio,OnePlus Buds 3,3,5763,17289,26,12794,Credit Card,Delivered,2,4,40477276.30
500894,10666,10-05-2025,35,Female,Dehradun,Uttarakhand,Books,Self-Help,The 7 Habits of Highly Effective People,1,661,661,12,582,UPI,Delivered,4,1,40477276.30
500895,10584,03-06-2025,59,Female,Hyderabad,Telangana,Sports,Fitness Equipment,Adjustable Dumbbells,2,2361,4722,8,4344,Credit Card,Delivered,4,6,40477276.30
500896,11317,01-12-2025,22,Male,Mysuru,Karnataka,Grocery,Beverages,Paper Boat Aamras,2,154,308,18,252,Credit Card,Delivered,4,4,40477276.30
500897,10585,07-06-2025,36,Male,Lucknow,Uttar Pradesh,Fashion,Women Clothing,Aurelia Palazzo Set,1,2408,2408,13,2095,UPI,Delivered,5,2,40477276.30
500898,10859,18-12-2025,28,Male,Bhopal,Madhya Pradesh,Home & Kitchen,Storage,Plastic Storage Box Set,1,1042,1042,8,959,Credit Card,Delivered,5,2,40477276.30
500899,11326,01-05-2025,15,Male,Delhi,Delhi (NCT),Fashion,Men Clothing,Levi's Slim Jeans,1,2517,2517,9,2290,UPI,Delivered,4,2,40477276.30
500900,10408,13-07-2025,32,Male,Noida,Uttar Pradesh,Beauty & Personal Care,Makeup,Colorbar Eyeliner,2,474,948,22,739,UPI,Delivered,5,7,40477276.30
500901,11240,17-04-2025,52,Male,Mumbai,Maharashtra,Electronics,Smart Devices,Samsung Galaxy Watch,2,25528,51056,13,44419,UPI,Returned,4,4,1813400.65
500902,11424,21-05-2026,25,Male,Mumbai,Maharashtra,Home & Kitchen,Kitchen Appliances,Bajaj Air Fryer,3,5164,15491,7,14407,UPI,Delivered,4,5,40477276.30
500903,10414,15-05-2025,48,Male,Kochi,Kerala,Fashion,Men Clothing,Allen Solly Polo T-Shirt,2,1659,3319,26,2456,Cash on Delivery,Cancelled,3,0,3077928.23
500904,10544,31-07-2025,50,Male,Bhopal,Madhya Pradesh,Grocery,Snacks,Haldiram's Bhujia,1,189,189,11,168,UPI,Delivered,5,3,40477276.30
500905,11113,15-02-2026,44,Male,Chennai,Tamil Nadu,Grocery,Beverages,Paper Boat Aamras,2,142,284,29,202,Wallet,Delivered,3,4,40477276.30
500906,11276,09-01-2026,36,Male,Hyderabad,Telangana,Sports,Sportswear,Puma Training Shorts,2,1819,3639,2,3566,UPI,Delivered,5,3,40477276.30
500907,10565,03-01-2026,47,Female,Surat,Gujarat,Fashion,Women Clothing,Biba Printed Kurta,3,1750,5250,17,4358,Credit Card,Delivered,5,3,40477276.30
500908,10650,25-08-2025,42,Male,Chandigarh,Chandigarh (UT),Books,Self-Help,The Psychology of Money,1,576,576,30,403,UPI,Delivered,4,2,40477276.30
500909,10366,15-08-2025,30,Male,Mumbai,Maharashtra,Electronics,Audio,OnePlus Buds 3,2,5174,10348,19,8382,Credit Card,Delivered,3,3,40477276.30
500910,11307,18-04-2026,34,Male,Delhi,Delhi (NCT),Grocery,Household,Harpic Toilet Cleaner,1,205,205,19,166,UPI,Delivered,3,3,40477276.30
500911,10058,28-02-2026,31,Female,Pune,Maharashtra,Home & Kitchen,Storage,Cloth Organizer,3,726,2178,26,1612,UPI,Delivered,3,4,40477276.30
500912,10916,17-06-2025,37,Non-Binary,Chennai,Tamil Nadu,Sports,Sportswear,Puma Training Shorts,2,1801,3603,25,2702,Net Banking,Delivered,4,2,40477276.30
500913,11245,21-05-2026,27,Male,Delhi,Delhi (NCT),Fashion,Accessories,Lavie Handbag,1,2173,2173,20,1739,Credit Card,Delivered,4,4,40477276.30
500914,11076,01-01-2025,29,Female,Delhi,Delhi (NCT),Sports,Outdoor Sports,Yonex Badminton Racket,4,2347,9386,18,7697,Credit Card,Delivered,4,2,40477276.30
500915,10694,22-04-2025,41,Male,Ranchi,Jharkhand,Beauty & Personal Care,Haircare,Mamaearth Hair Serum,1,471,471,16,396,UPI,Delivered,5,4,40477276.30
500916,10417,30-05-2026,51,Female,Vadodara,Gujarat,Beauty & Personal Care,Personal Care,Gillette Shaving Kit,1,583,583,8,536,UPI,Delivered,5,4,40477276.30
500917,10232,15-09-2025,36,Male,Surat,Gujarat,Home & Kitchen,Furniture,Study Table,1,6777,6777,27,4947,UPI,Delivered,4,6,40477276.30
500918,11412,05-02-2026,40,Male,Delhi,Delhi (NCT),Grocery,Staples,India Gate Basmati Rice 5kg,1,735,735,6,691,UPI,Delivered,4,4,40477276.30
500919,10543,20-10-2025,40,Male,Pune,Maharashtra,Electronics,Audio,boAt Airdopes 141,1,1515,1515,28,1091,UPI,Returned,4,7,1813400.65
500920,11064,23-08-2025,15,Female,Mumbai,Maharashtra,Beauty & Personal Care,Personal Care,Himalaya Face Scrub,2,296,593,7,551,UPI,Delivered,4,2,40477276.30
500921,10590,06-08-2026,25,Female,Gurugram,Haryana,Fashion,Footwear,Nike Revolution Running Shoes,2,4809,9618,24,7310,UPI,Delivered,3,4,40477276.30
500922,10638,10-02-2025,35,Female,Pune,Maharashtra,Grocery,Staples,Fortune Sunflower Oil 1L,1,162,162,11,144,Credit Card,Cancelled,1,0,3077928.23
500923,10160,03-04-2026,41,Female,Nashik,Maharashtra,Books,Academic,Python Programming,2,715,1429,3,1386,Cash on Delivery,Delivered,5,5,40477276.30
500924,11395,22-08-2025,30,Female,Kolkata,West Bengal,Beauty & Personal Care,Skincare,Cetaphil Face Wash,2,660,1321,5,1255,UPI,Delivered,4,5,40477276.30
500925,10985,15-05-2025,34,Male,Bhubaneswar,Odisha,Electronics,Audio,boAt Airdopes 141,2,1433,2866,20,2293,UPI,Delivered,3,3,40477276.30
500926,10707,11-07-2025,20,Male,Indore,Madhya Pradesh,Electronics,Laptops,Lenovo IdeaPad Slim 5,1,64974,64974,25,48730,UPI,Delivered,4,4,40477276.30
500927,10097,07-04-2026,37,Male,Kochi,Kerala,Electronics,Audio,OnePlus Buds 3,1,5563,5563,30,3894,Cash on Delivery,Cancelled,2,0,3077928.23
500928,10678,24-10-2025,53,Male,Patna,Bihar,Fashion,Men Clothing,Levi's Slim Jeans,1,2521,2521,29,1790,Credit Card,Delivered,3,4,40477276.30
500929,10573,06-10-2025,38,Male,Delhi,Delhi (NCT),Electronics,Laptops,Dell Inspiron 15,1,54959,54959,16,46165,Cash on Delivery,Cancelled,2,0,3077928.23
500930,11264,24-12-2025,24,Female,Delhi,Delhi (NCT),Beauty & Personal Care,Skincare,The Derma Co Sunscreen,1,494,494,7,459,UPI,Delivered,3,4,40477276.30
500931,10254,31-05-2026,45,Male,Ahmedabad,Gujarat,Electronics,Smart Devices,Samsung Galaxy Watch,2,25403,50805,23,39120,UPI,Delivered,3,4,40477276.30
500932,10278,13-05-2025,27,Male,Lucknow,Uttar Pradesh,Home & Kitchen,Kitchen Appliances,Bajaj Air Fryer,1,5192,5192,30,3635,Debit Card,Returned,3,5,1813400.65
500933,10391,06-07-2025,24,Female,Gurugram,Haryana,Fashion,Footwear,Puma Sneakers,2,3915,7830,9,7125,Credit Card,Delivered,5,3,40477276.30
500934,10818,15-05-2026,44,Female,Delhi,Delhi (NCT),Fashion,Accessories,Wildcraft Backpack,1,1957,1957,9,1781,Cash on Delivery,Returned,4,6,1813400.65
500935,10684,12-08-2026,39,Male,Pune,Maharashtra,Fashion,Men Clothing,Peter England Formal Shirt,1,1826,1826,26,1351,Credit Card,Delivered,4,2,40477276.30
500936,11292,01-02-2026,61,Male,Hyderabad,Telangana,Books,Fiction,The Silent Patient,1,495,495,14,426,Cash on Delivery,Delivered,5,3,40477276.30
500937,11367,22-01-2026,34,Male,Chennai,Tamil Nadu,Beauty & Personal Care,Makeup,Sugar Mascara,2,762,1523,21,1203,UPI,Delivered,4,3,40477276.30
500938,10842,08-07-2025,41,Male,Pune,Maharashtra,Home & Kitchen,Home Decor,Wall Art Set,2,1226,2452,14,2109,Debit Card,Delivered,5,4,40477276.30
500939,10089,28-07-2025,28,Female,Mumbai,Maharashtra,Electronics,Smartphones,Google Pixel 8a,1,51600,51600,16,43344,Credit Card,Delivered,4,4,40477276.30
500940,10336,15-08-2026,32,Female,Vadodara,Gujarat,Fashion,Accessories,Fastrack Analog Watch,1,2515,2515,24,1912,Credit Card,Delivered,5,4,40477276.30
500941,10949,19-04-2026,33,Female,Delhi,Delhi (NCT),Home & Kitchen,Storage,Cloth Organizer,2,711,1421,16,1194,UPI,Delivered,5,5,40477276.30
500942,10354,22-08-2025,32,Female,Pune,Maharashtra,Beauty & Personal Care,Skincare,The Derma Co Sunscreen,1,475,475,24,361,UPI,Delivered,4,3,40477276.30
500943,10293,10-03-2025,28,Female,Jaipur,Rajasthan,Electronics,Smart Devices,Mi Smart Band 8,2,3302,6604,26,4887,Net Banking,Delivered,5,3,40477276.30
500944,10440,20-09-2025,33,Female,Hyderabad,Telangana,Fashion,Accessories,Wildcraft Backpack,4,2024,8094,14,6961,Credit Card,Delivered,4,5,40477276.30
500945,10420,03-10-2025,35,Female,Mumbai,Maharashtra,Beauty & Personal Care,Makeup,Maybelline Foundation,1,668,668,17,554,Debit Card,Delivered,5,4,40477276.30
500946,10750,22-06-2025,19,Female,Surat,Gujarat,Home & Kitchen,Furniture,Bedside Table,1,3351,3351,30,2346,UPI,Delivered,4,2,40477276.30
500947,10691,01-02-2026,30,Male,Indore,Madhya Pradesh,Electronics,Audio,Sony WH-CH520,1,4736,4736,28,3410,Cash on Delivery,Delivered,4,2,40477276.30
500948,10404,25-01-2025,35,Female,Delhi,Delhi (NCT),Sports,Accessories,Gym Gloves,5,613,3067,17,2546,Credit Card,Delivered,4,4,40477276.30
500949,10113,01-03-2026,35,Female,Bengaluru,Karnataka,Beauty & Personal Care,Personal Care,Nivea Body Lotion,2,332,665,9,605,Cash on Delivery,Cancelled,5,0,3077928.23
500950,10512,23-09-2025,33,Female,Hyderabad,Telangana,Grocery,Snacks,Kurkure Masala Munch,2,38,77,28,55,Cash on Delivery,Delivered,3,5,40477276.30
500951,10826,12-08-2026,50,Female,Coimbatore,Tamil Nadu,Grocery,Beverages,Real Fruit Juice,1,180,180,28,130,Credit Card,Delivered,4,7,40477276.30
500952,10838,09-09-2025,23,Female,Mumbai,Maharashtra,Fashion,Accessories,Wildcraft Backpack,1,1899,1899,27,1386,Credit Card,Delivered,3,4,40477276.30
500953,10007,12-08-2026,51,Female,Surat,Gujarat,Sports,Accessories,Sports Cap,1,376,376,25,282,Cash on Delivery,Delivered,4,4,40477276.30
500954,10879,30-07-2026,34,Male,Delhi,Delhi (NCT),Grocery,Snacks,Parle-G Biscuits,3,50,151,22,118,Debit Card,Delivered,5,3,40477276.30
500955,10335,10-04-2026,45,Male,Surat,Gujarat,Books,Fiction,The Alchemist,2,387,774,2,758,UPI,Delivered,5,5,40477276.30
500956,10842,06-03-2025,41,Male,Pune,Maharashtra,Electronics,Smartphones,OnePlus Nord CE 4,1,25821,25821,16,21690,UPI,Delivered,4,3,40477276.30
500957,11104,01-04-2026,32,Male,Delhi,Delhi (NCT),Grocery,Snacks,Kurkure Masala Munch,1,39,39,10,35,UPI,Delivered,5,3,40477276.30
500958,10779,22-03-2026,33,Male,Jaipur,Rajasthan,Electronics,Smart Devices,Amazon Echo Dot,1,5640,5640,15,4794,Cash on Delivery,Returned,3,5,1813400.65
500959,11246,06-05-2025,21,Male,Dehradun,Uttarakhand,Electronics,Smartphones,Apple iPhone 15,1,68920,68920,7,64096,UPI,Delivered,4,2,40477276.30
500960,10451,02-06-2026,33,Female,Indore,Madhya Pradesh,Grocery,Snacks,Lays Classic Chips,1,42,42,17,35,UPI,Delivered,5,2,40477276.30
500961,10740,29-03-2025,45,Female,Bengaluru,Karnataka,Home & Kitchen,Home Decor,Wall Art Set,1,1287,1287,14,1107,UPI,Delivered,4,3,40477276.30
500962,10248,12-07-2025,27,Female,Jaipur,Rajasthan,Fashion,Women Clothing,Aurelia Palazzo Set,2,2252,4504,27,3288,Net Banking,Delivered,5,4,40477276.30
500963,10822,16-02-2025,50,Female,Indore,Madhya Pradesh,Home & Kitchen,Storage,Kitchen Storage Jars,2,1236,2472,15,2101,Net Banking,Cancelled,1,0,3077928.23
500964,10698,01-02-2025,20,Female,Bengaluru,Karnataka,Electronics,Audio,OnePlus Buds 3,1,5613,5613,3,5445,Net Banking,Delivered,3,3,40477276.30
500965,10344,25-06-2025,28,Male,Delhi,Delhi (NCT),Grocery,Beverages,Tata Tea Gold,1,289,289,24,220,Debit Card,Delivered,1,4,40477276.30
500966,10109,18-10-2025,37,Male,Kochi,Kerala,Electronics,Smart Devices,Apple Watch SE,2,28219,56439,4,54181,UPI,Delivered,5,1,40477276.30
500967,10634,27-11-2025,29,Male,Pune,Maharashtra,Electronics,Laptops,HP Pavilion 14,1,60133,60133,23,46302,UPI,Delivered,5,2,40477276.30
500968,10592,20-02-2025,29,Male,Pune,Maharashtra,Home & Kitchen,Kitchen Appliances,Prestige Electric Kettle,4,1825,7300,9,6643,Net Banking,Delivered,3,4,40477276.30
500969,11237,09-12-2025,52,Female,Chandigarh,Chandigarh (UT),Grocery,Household,Harpic Toilet Cleaner,1,195,195,8,180,Credit Card,Delivered,4,3,40477276.30
500970,11230,13-10-2025,58,Male,Ranchi,Jharkhand,Electronics,Audio,OnePlus Buds 3,1,5644,5644,22,4402,UPI,Delivered,3,3,40477276.30
500971,10170,19-11-2025,26,Male,Guwahati,Assam,Sports,Accessories,Fitbit Fitness Tracker,1,8473,8473,7,7880,Credit Card,Delivered,5,2,40477276.30
500972,10268,20-08-2026,18,Female,Bengaluru,Karnataka,Fashion,Men Clothing,Roadster Casual Shirt,2,1239,2478,25,1858,Wallet,Delivered,2,2,40477276.30
500973,10133,18-05-2026,22,Male,Ahmedabad,Gujarat,Beauty & Personal Care,Skincare,The Derma Co Sunscreen,1,504,504,28,363,Wallet,Delivered,4,5,40477276.30
500974,11186,28-10-2025,44,Female,Mysuru,Karnataka,Sports,Outdoor Sports,Yonex Badminton Racket,1,2200,2200,28,1584,Credit Card,Delivered,5,1,40477276.30
500975,11061,17-04-2025,42,Female,Guwahati,Assam,Sports,Fitness Equipment,Skipping Rope,1,311,311,13,271,Cash on Delivery,Delivered,3,2,40477276.30
500976,11417,18-09-2025,35,Male,Chandigarh,Chandigarh (UT),Beauty & Personal Care,Makeup,Colorbar Eyeliner,1,496,496,17,411,Debit Card,Cancelled,1,0,3077928.23
500977,11155,24-04-2026,52,Female,Lucknow,Uttar Pradesh,Electronics,Smart Devices,Samsung Galaxy Watch,4,26219,104876,3,101730,Wallet,Delivered,3,5,40477276.30
500978,10446,24-04-2025,41,Male,Delhi,Delhi (NCT),Fashion,Accessories,Titan Wallet,1,1440,1440,17,1195,Net Banking,Delivered,5,5,40477276.30
500979,10044,15-04-2026,31,Female,Hyderabad,Telangana,Home & Kitchen,Kitchen Appliances,Philips Mixer Grinder,1,3239,3239,14,2785,Cash on Delivery,Delivered,5,4,40477276.30
500980,11328,02-02-2026,32,Female,Chandigarh,Chandigarh (UT),Home & Kitchen,Kitchen Appliances,Havells OTG Oven,1,7115,7115,10,6404,Debit Card,Delivered,5,6,40477276.30
500981,10135,11-09-2025,24,Male,Bhopal,Madhya Pradesh,Fashion,Women Clothing,Biba Printed Kurta,1,1763,1763,23,1358,Debit Card,Delivered,5,4,40477276.30
500982,11314,19-04-2025,40,Male,Indore,Madhya Pradesh,Beauty & Personal Care,Personal Care,Himalaya Face Scrub,1,290,290,18,238,Credit Card,Delivered,5,1,40477276.30
500983,11258,27-12-2025,39,Female,Hyderabad,Telangana,Fashion,Accessories,Titan Wallet,5,1436,7179,28,5169,Debit Card,Delivered,5,2,40477276.30
500984,10452,17-02-2026,45,Female,Nashik,Maharashtra,Sports,Accessories,Gym Gloves,1,594,594,8,547,UPI,Delivered,3,2,40477276.30
500985,10139,13-04-2025,43,Female,Surat,Gujarat,Fashion,Women Clothing,Biba Printed Kurta,1,1881,1881,16,1580,Cash on Delivery,Delivered,5,5,40477276.30
500986,11256,03-04-2026,21,Female,Indore,Madhya Pradesh,Sports,Outdoor Sports,SG Cricket Bat,2,3493,6985,29,4959,Wallet,Delivered,3,7,40477276.30
500987,10852,17-03-2026,28,Male,Gurugram,Haryana,Electronics,Audio,JBL Tune 770NC,1,5850,5850,18,4797,UPI,Returned,4,7,1813400.65
500988,10744,08-04-2025,34,Male,Gurugram,Haryana,Grocery,Household,Colin Glass Cleaner,3,150,449,11,400,UPI,Delivered,5,3,40477276.30
500989,10060,31-01-2025,45,Female,Hyderabad,Telangana,Electronics,Audio,OnePlus Buds 3,1,5475,5475,13,4764,UPI,Delivered,5,2,40477276.30
500990,10860,03-08-2025,41,Female,Hyderabad,Telangana,Home & Kitchen,Kitchen Appliances,Philips Mixer Grinder,1,3340,3340,11,2972,UPI,Delivered,4,4,40477276.30
500991,10703,17-10-2025,26,Female,Pune,Maharashtra,Fashion,Women Clothing,Libas Anarkali Kurta,1,2068,2068,28,1489,Credit Card,Delivered,3,4,40477276.30
500992,11007,30-05-2025,44,Male,Hyderabad,Telangana,Fashion,Accessories,Fastrack Analog Watch,2,2488,4976,23,3831,Debit Card,Delivered,5,7,40477276.30
500993,10321,13-02-2025,35,Male,Kochi,Kerala,Fashion,Footwear,Bata Formal Shoes,1,2390,2390,7,2223,Credit Card,Delivered,4,3,40477276.30
500994,10540,09-09-2025,28,Male,Bengaluru,Karnataka,Electronics,Smartphones,Apple iPhone 15,3,66482,199445,4,191468,Credit Card,Delivered,4,2,40477276.30
500995,10762,16-03-2025,35,Female,Mumbai,Maharashtra,Electronics,Laptops,HP Pavilion 14,1,66261,66261,3,64273,Debit Card,Delivered,3,7,40477276.30
500996,10062,23-11-2025,32,Female,Guwahati,Assam,Grocery,Beverages,Paper Boat Aamras,1,144,144,7,134,UPI,Delivered,5,4,40477276.30
500997,10074,26-05-2026,51,Male,Visakhapatnam,Andhra Pradesh,Home & Kitchen,Home Decor,Artificial Plant,2,785,1570,15,1334,UPI,Delivered,5,5,40477276.30
500998,10619,28-10-2025,39,Female,Mumbai,Maharashtra,Home & Kitchen,Kitchen Appliances,Philips Mixer Grinder,5,3348,16742,16,14063,UPI,Returned,3,7,1813400.65
500999,11072,07-09-2025,39,Male,Visakhapatnam,Andhra Pradesh,Fashion,Men Clothing,Roadster Casual Shirt,2,1364,2728,20,2182,Credit Card,Cancelled,5,0,3077928.23
501000,11269,09-06-2025,26,Female,Ahmedabad,Gujarat,Books,Fiction,Ikigai,1,407,407,2,399,UPI,Cancelled,5,0,3077928.23
501001,10878,26-06-2025,36,Female,Bengaluru,Karnataka,Fashion,Accessories,Fastrack Analog Watch,1,2587,2587,6,2431,Credit Card,Delivered,3,4,40477276.30
501002,10808,20-02-2025,29,Female,Bengaluru,Karnataka,Fashion,Accessories,Lavie Handbag,1,2306,2306,16,1937,Debit Card,Delivered,5,4,40477276.30
501003,10919,29-11-2025,29,Female,Kochi,Kerala,Home & Kitchen,Kitchen Appliances,Prestige Electric Kettle,1,1699,1699,15,1444,Wallet,Delivered,5,4,40477276.30
501004,10110,21-02-2025,33,Male,Kolkata,West Bengal,Sports,Sportswear,Nike Dri-FIT T-Shirt,1,2101,2101,23,1618,Wallet,Delivered,5,4,40477276.30
501005,11412,18-03-2025,40,Male,Delhi,Delhi (NCT),Sports,Outdoor Sports,SG Cricket Bat,1,3552,3552,7,3303,UPI,Cancelled,5,0,3077928.23
501006,10709,25-07-2026,15,Female,Mumbai,Maharashtra,Home & Kitchen,Storage,Cloth Organizer,2,710,1420,9,1292,Cash on Delivery,Delivered,4,2,40477276.30
501007,11111,31-01-2025,32,Female,Mumbai,Maharashtra,Books,Non-Fiction,Educated,2,607,1215,20,972,UPI,Delivered,3,4,40477276.30
501008,10086,16-01-2025,28,Female,Mumbai,Maharashtra,Beauty & Personal Care,Haircare,Tresemme Conditioner,1,448,448,10,403,Credit Card,Delivered,4,3,40477276.30
501009,10883,05-06-2025,29,Male,Lucknow,Uttar Pradesh,Home & Kitchen,Kitchen Appliances,Prestige Electric Kettle,1,1691,1691,12,1488,UPI,Delivered,5,3,40477276.30
501010,10585,04-08-2026,36,Male,Lucknow,Uttar Pradesh,Books,Non-Fiction,Educated,2,600,1201,16,1009,Debit Card,Delivered,5,3,40477276.30
501011,11211,26-03-2026,20,Female,Jaipur,Rajasthan,Fashion,Accessories,Lavie Handbag,2,2345,4689,11,4174,UPI,Delivered,4,6,40477276.30
501012,10195,19-03-2026,36,Male,Mumbai,Maharashtra,Fashion,Footwear,Puma Sneakers,2,4102,8204,14,7055,Cash on Delivery,Delivered,3,4,40477276.30
501013,10231,14-12-2025,26,Female,Delhi,Delhi (NCT),Grocery,Beverages,Real Fruit Juice,1,178,178,7,165,UPI,Delivered,5,6,40477276.30
501014,10158,19-01-2025,39,Female,Lucknow,Uttar Pradesh,Grocery,Beverages,Nescafe Classic,1,384,384,15,327,Debit Card,Delivered,2,4,40477276.30
501015,10511,31-01-2026,37,Male,Kolkata,West Bengal,Electronics,Smart Devices,Amazon Echo Dot,1,5396,5396,4,5180,Net Banking,Delivered,5,2,40477276.30
501016,11100,01-02-2025,38,Female,Nagpur,Maharashtra,Beauty & Personal Care,Skincare,Minimalist Niacinamide Serum,1,568,568,28,409,UPI,Delivered,5,3,40477276.30
501017,10358,31-01-2026,31,Male,Delhi,Delhi (NCT),Electronics,Smartphones,OnePlus Nord CE 4,1,24543,24543,22,19143,UPI,Delivered,4,4,40477276.30
501018,10366,06-12-2025,30,Male,Mumbai,Maharashtra,Books,Academic,Python Programming,1,719,719,15,611,UPI,Delivered,5,3,40477276.30
501019,11229,30-12-2025,45,Female,Delhi,Delhi (NCT),Grocery,Beverages,Real Fruit Juice,1,182,182,11,162,Credit Card,Delivered,4,2,40477276.30
501020,10508,16-03-2025,24,Female,Patna,Bihar,Electronics,Smartphones,OnePlus Nord CE 4,1,26226,26226,29,18620,Debit Card,Cancelled,4,0,3077928.23
501021,10400,31-05-2026,48,Female,Bengaluru,Karnataka,Home & Kitchen,Furniture,Study Table,4,6852,27407,24,20829,Cash on Delivery,Cancelled,3,0,3077928.23
501022,10164,06-09-2025,25,Male,Mumbai,Maharashtra,Home & Kitchen,Kitchen Appliances,Prestige Electric Kettle,1,1763,1763,24,1340,Cash on Delivery,Delivered,4,4,40477276.30
501023,11404,16-03-2026,42,Male,Visakhapatnam,Andhra Pradesh,Fashion,Footwear,Puma Sneakers,1,3809,3809,25,2857,Credit Card,Delivered,5,3,40477276.30
501024,10705,21-04-2025,17,Male,Nagpur,Maharashtra,Grocery,Household,Surf Excel Detergent,1,671,671,20,537,Credit Card,Delivered,5,4,40477276.30
501025,10663,27-03-2025,34,Female,Delhi,Delhi (NCT),Fashion,Footwear,Bata Formal Shoes,1,2502,2502,27,1827,UPI,Delivered,4,6,40477276.30
501026,10473,26-12-2025,17,Female,Jaipur,Rajasthan,Home & Kitchen,Kitchen Appliances,Philips Mixer Grinder,2,3259,6518,22,5084,UPI,Delivered,4,4,40477276.30
501027,10924,05-10-2025,26,Female,Delhi,Delhi (NCT),Grocery,Staples,Fortune Sunflower Oil 1L,1,167,167,24,127,Credit Card,Delivered,5,4,40477276.30
501028,11139,24-02-2026,41,Male,Gurugram,Haryana,Books,Self-Help,The Psychology of Money,1,568,568,24,431,Cash on Delivery,Delivered,5,6,40477276.30
501029,10568,17-02-2026,23,Female,Jaipur,Rajasthan,Electronics,Laptops,Dell Inspiron 15,1,59891,59891,28,43121,UPI,Delivered,4,3,40477276.30
501030,11289,04-08-2026,22,Male,Ahmedabad,Gujarat,Books,Academic,Database Management Systems,2,924,1847,28,1330,UPI,Delivered,5,1,40477276.30
501031,10770,07-11-2025,54,Female,Nashik,Maharashtra,Electronics,Smartphones,Samsung Galaxy A55,1,36701,36701,23,28260,UPI,Delivered,5,4,40477276.30
501032,10567,09-09-2025,15,Female,Kochi,Kerala,Electronics,Laptops,Dell Inspiron 15,1,59680,59680,3,57889,Credit Card,Delivered,1,2,40477276.30
501033,10358,25-04-2025,31,Male,Delhi,Delhi (NCT),Fashion,Men Clothing,Peter England Formal Shirt,1,1840,1840,23,1417,UPI,Delivered,5,2,40477276.30
501034,10196,22-08-2026,38,Male,Bengaluru,Karnataka,Electronics,Smart Devices,Amazon Echo Dot,3,5188,15563,19,12606,UPI,Delivered,4,1,40477276.30
501035,10767,06-05-2025,34,Male,Nagpur,Maharashtra,Sports,Accessories,Fitbit Fitness Tracker,1,7633,7633,5,7252,Cash on Delivery,Delivered,4,4,40477276.30
501036,10056,04-02-2025,44,Male,Bhopal,Madhya Pradesh,Electronics,Laptops,ASUS Vivobook 15,1,55319,55319,18,45362,UPI,Delivered,2,4,40477276.30
501037,11255,28-10-2025,48,Female,Gurugram,Haryana,Electronics,Laptops,ASUS Vivobook 15,1,58087,58087,19,47050,UPI,Delivered,4,4,40477276.30
501038,10886,21-08-2026,54,Male,Mumbai,Maharashtra,Sports,Sportswear,Puma Training Shorts,3,1836,5507,4,5287,Credit Card,Delivered,4,1,40477276.30
501039,11247,04-01-2026,34,Male,Ahmedabad,Gujarat,Beauty & Personal Care,Haircare,L'Oreal Shampoo,2,597,1193,14,1026,UPI,Returned,5,6,1813400.65
501040,10106,06-08-2026,38,Female,Lucknow,Uttar Pradesh,Electronics,Smartphones,Google Pixel 8a,1,52386,52386,29,37194,Debit Card,Delivered,5,2,40477276.30
501041,11328,01-04-2025,32,Female,Chandigarh,Chandigarh (UT),Beauty & Personal Care,Skincare,The Derma Co Sunscreen,2,512,1023,29,726,UPI,Delivered,5,5,40477276.30
501042,11370,14-05-2026,24,Female,Ahmedabad,Gujarat,Home & Kitchen,Furniture,Study Table,1,6445,6445,16,5413,Wallet,Delivered,5,3,40477276.30
501043,10557,18-01-2025,29,Female,Ahmedabad,Gujarat,Home & Kitchen,Furniture,Bookshelf,1,5673,5673,20,4539,Debit Card,Delivered,5,2,40477276.30
501044,10831,27-07-2025,19,Female,Bengaluru,Karnataka,Fashion,Men Clothing,Peter England Formal Shirt,1,1904,1904,6,1790,UPI,Delivered,1,4,40477276.30
501045,11090,15-08-2026,32,Female,Indore,Madhya Pradesh,Fashion,Men Clothing,Roadster Casual Shirt,2,1341,2682,3,2601,UPI,Delivered,5,3,40477276.30
501046,11182,02-07-2026,49,Female,Hyderabad,Telangana,Beauty & Personal Care,Personal Care,Nivea Body Lotion,1,355,355,16,298,UPI,Delivered,5,3,40477276.30
501047,10853,14-07-2025,27,Male,Lucknow,Uttar Pradesh,Home & Kitchen,Storage,Wardrobe Organizer,1,943,943,27,688,UPI,Delivered,5,4,40477276.30
501048,10031,11-08-2025,27,Female,Bengaluru,Karnataka,Fashion,Women Clothing,Aurelia Palazzo Set,1,2391,2391,15,2033,Wallet,Delivered,3,7,40477276.30
501049,10590,12-06-2026,25,Female,Gurugram,Haryana,Grocery,Beverages,Paper Boat Aamras,1,149,149,20,119,UPI,Returned,5,2,1813400.65
501050,10333,21-08-2025,35,Male,Chennai,Tamil Nadu,Grocery,Household,Surf Excel Detergent,5,659,3293,19,2667,Credit Card,Returned,3,6,1813400.65
501051,10261,15-05-2026,24,Female,Pune,Maharashtra,Grocery,Household,Colin Glass Cleaner,1,154,154,3,150,Credit Card,Delivered,5,5,40477276.30
501052,10354,20-12-2025,32,Female,Pune,Maharashtra,Grocery,Beverages,Paper Boat Aamras,1,158,158,6,148,Credit Card,Delivered,5,5,40477276.30
501053,10044,02-06-2025,31,Female,Hyderabad,Telangana,Electronics,Laptops,HP Pavilion 14,2,64792,129583,16,108850,UPI,Returned,4,3,1813400.65
501054,10664,17-07-2025,28,Male,Kolkata,West Bengal,Beauty & Personal Care,Haircare,L'Oreal Shampoo,1,610,610,30,427,Net Banking,Delivered,4,6,40477276.30
501055,10186,12-07-2026,42,Female,Mumbai,Maharashtra,Grocery,Staples,Fortune Sunflower Oil 1L,1,157,157,30,110,UPI,Delivered,5,3,40477276.30
501056,11226,29-07-2026,33,Male,Patna,Bihar,Fashion,Accessories,Lavie Handbag,1,2409,2409,22,1879,UPI,Returned,2,4,1813400.65
501057,10961,29-03-2026,41,Male,Jaipur,Rajasthan,Beauty & Personal Care,Skincare,Cetaphil Face Wash,1,703,703,16,591,UPI,Delivered,3,4,40477276.30
501058,10875,10-04-2026,34,Female,Kolkata,West Bengal,Fashion,Accessories,Lavie Handbag,1,2167,2167,25,1625,Credit Card,Delivered,2,5,40477276.30
501059,10223,14-06-2026,42,Female,Mumbai,Maharashtra,Books,Self-Help,The 7 Habits of Highly Effective People,1,711,711,30,498,Credit Card,Delivered,5,6,40477276.30
501060,10841,06-01-2025,33,Male,Surat,Gujarat,Home & Kitchen,Home Decor,Artificial Plant,1,824,824,16,693,UPI,Delivered,2,3,40477276.30
501061,10452,05-05-2026,45,Female,Nashik,Maharashtra,Beauty & Personal Care,Personal Care,Himalaya Face Scrub,1,282,282,30,197,Credit Card,Delivered,5,1,40477276.30
501062,10664,18-12-2025,28,Male,Kolkata,West Bengal,Books,Non-Fiction,Think Like a Monk,3,404,1211,15,1029,UPI,Cancelled,1,0,3077928.23
501063,10767,11-09-2025,34,Male,Nagpur,Maharashtra,Books,Academic,Operating Systems Guide,2,705,1410,17,1170,UPI,Delivered,5,2,40477276.30
501064,11328,27-04-2025,32,Female,Chandigarh,Chandigarh (UT),Electronics,Smartphones,Google Pixel 8a,1,52347,52347,29,37167,UPI,Delivered,5,4,40477276.30
501065,10976,09-01-2025,15,Male,Lucknow,Uttar Pradesh,Books,Academic,Data Structures Handbook,2,831,1661,3,1611,UPI,Delivered,4,4,40477276.30
501066,10202,24-06-2025,40,Female,Delhi,Delhi (NCT),Fashion,Footwear,Nike Revolution Running Shoes,2,4914,9828,19,7961,Debit Card,Delivered,5,2,40477276.30
501067,10330,19-08-2025,41,Male,Delhi,Delhi (NCT),Books,Fiction,Atomic Habits,2,594,1189,8,1094,Credit Card,Delivered,2,2,40477276.30
501068,10670,04-04-2025,46,Female,Mumbai,Maharashtra,Beauty & Personal Care,Makeup,Colorbar Eyeliner,1,490,490,15,416,UPI,Delivered,5,5,40477276.30
501069,10461,14-08-2025,56,Male,Patna,Bihar,Electronics,Smart Devices,Mi Smart Band 8,2,3318,6636,12,5840,Credit Card,Returned,1,7,1813400.65
501070,10277,07-08-2026,36,Male,Delhi,Delhi (NCT),Electronics,Smart Devices,Apple Watch SE,4,30054,120214,28,86554,Credit Card,Delivered,5,4,40477276.30
501071,10560,09-01-2026,29,Male,Bengaluru,Karnataka,Books,Academic,Operating Systems Guide,1,743,743,20,595,UPI,Returned,2,6,1813400.65
501072,11447,02-04-2026,28,Female,Mumbai,Maharashtra,Electronics,Audio,boAt Airdopes 141,1,1531,1531,8,1409,Cash on Delivery,Delivered,5,3,40477276.30
501073,10144,12-07-2025,36,Female,Indore,Madhya Pradesh,Grocery,Beverages,Paper Boat Aamras,1,155,155,5,147,Debit Card,Delivered,5,2,40477276.30
501074,10966,14-12-2025,50,Male,Patna,Bihar,Fashion,Men Clothing,Peter England Formal Shirt,1,1827,1827,9,1662,Credit Card,Delivered,5,4,40477276.30
501075,11161,30-04-2025,15,Male,Bengaluru,Karnataka,Home & Kitchen,Storage,Wardrobe Organizer,1,919,919,9,836,Credit Card,Delivered,5,3,40477276.30
501076,11375,12-09-2025,50,Female,Delhi,Delhi (NCT),Beauty & Personal Care,Skincare,Cetaphil Face Wash,4,729,2916,23,2245,UPI,Cancelled,4,0,3077928.23
501077,10232,06-02-2026,36,Male,Surat,Gujarat,Fashion,Footwear,Bata Formal Shoes,1,2493,2493,12,2193,Debit Card,Cancelled,4,0,3077928.23
501078,10113,15-06-2025,35,Female,Bengaluru,Karnataka,Home & Kitchen,Home Decor,Wooden Photo Frame,1,688,688,21,544,UPI,Returned,1,3,1813400.65
501079,10622,25-05-2025,39,Male,Mumbai,Maharashtra,Electronics,Smart Devices,Samsung Galaxy Watch,1,24676,24676,30,17273,Cash on Delivery,Cancelled,4,0,3077928.23
501080,11300,03-07-2026,38,Male,Bhopal,Madhya Pradesh,Electronics,Smart Devices,Samsung Galaxy Watch,1,26206,26206,22,20441,Credit Card,Delivered,4,3,40477276.30
501081,10046,24-06-2026,26,Male,Bhopal,Madhya Pradesh,Beauty & Personal Care,Skincare,Minimalist Niacinamide Serum,2,611,1223,10,1100,UPI,Delivered,4,3,40477276.30
501082,11427,08-04-2026,57,Male,Chennai,Tamil Nadu,Electronics,Smartphones,OnePlus Nord CE 4,1,25821,25821,12,22723,Debit Card,Delivered,4,2,40477276.30
501083,10482,20-09-2025,23,Male,Noida,Uttar Pradesh,Electronics,Laptops,ASUS Vivobook 15,1,56604,56604,8,52075,Net Banking,Delivered,3,5,40477276.30
501084,10549,03-01-2025,38,Female,Delhi,Delhi (NCT),Electronics,Laptops,HP Pavilion 14,1,66465,66465,18,54501,UPI,Delivered,5,2,40477276.30
501085,10673,30-03-2025,30,Male,Chennai,Tamil Nadu,Sports,Outdoor Sports,Cosco Football,1,876,876,15,745,UPI,Delivered,5,4,40477276.30
501086,10761,10-05-2026,28,Female,Bengaluru,Karnataka,Beauty & Personal Care,Haircare,L'Oreal Shampoo,1,594,594,12,522,Credit Card,Delivered,5,3,40477276.30
501087,11299,09-04-2026,37,Male,Delhi,Delhi (NCT),Grocery,Household,Surf Excel Detergent,2,702,1404,7,1306,Credit Card,Delivered,5,7,40477276.30
501088,11081,13-05-2026,30,Female,Gurugram,Haryana,Home & Kitchen,Kitchen Appliances,Havells OTG Oven,1,7311,7311,19,5922,Debit Card,Returned,3,3,1813400.65
501089,10946,16-05-2026,22,Male,Mysuru,Karnataka,Grocery,Household,Surf Excel Detergent,1,684,684,28,493,Cash on Delivery,Delivered,4,3,40477276.30
501090,10037,27-09-2025,36,Male,Coimbatore,Tamil Nadu,Sports,Accessories,Gym Gloves,1,604,604,27,441,Debit Card,Delivered,5,3,40477276.30
501091,10018,21-03-2026,37,Male,Lucknow,Uttar Pradesh,Home & Kitchen,Furniture,Office Chair,2,8296,16592,9,15098,UPI,Delivered,5,2,40477276.30
501092,10111,09-07-2026,15,Male,Chandigarh,Chandigarh (UT),Beauty & Personal Care,Makeup,Maybelline Foundation,4,661,2642,26,1955,UPI,Delivered,5,3,40477276.30
501093,11433,25-03-2025,43,Male,Mumbai,Maharashtra,Home & Kitchen,Storage,Kitchen Storage Jars,1,1132,1132,4,1086,Credit Card,Delivered,5,2,40477276.30
501094,10009,02-06-2025,29,Female,Delhi,Delhi (NCT),Fashion,Women Clothing,Biba Printed Kurta,2,1760,3521,2,3450,UPI,Delivered,5,5,40477276.30
501095,11339,08-03-2025,30,Male,Kolkata,West Bengal,Electronics,Smartphones,Google Pixel 8a,1,53728,53728,26,39759,UPI,Delivered,5,3,40477276.30
501096,10274,23-06-2026,34,Male,Jaipur,Rajasthan,Home & Kitchen,Storage,Kitchen Storage Jars,1,1198,1198,6,1127,UPI,Delivered,4,2,40477276.30
501097,11409,19-09-2025,30,Female,Nagpur,Maharashtra,Electronics,Audio,OnePlus Buds 3,3,5474,16421,10,14779,UPI,Delivered,4,4,40477276.30
501098,10628,27-07-2026,33,Female,Bhubaneswar,Odisha,Beauty & Personal Care,Personal Care,Nivea Body Lotion,2,343,686,15,583,UPI,Delivered,5,1,40477276.30
501099,10617,12-03-2025,35,Male,Kochi,Kerala,Home & Kitchen,Kitchen Appliances,Bajaj Air Fryer,1,5044,5044,15,4287,UPI,Delivered,4,3,40477276.30
501100,10626,20-03-2025,28,Male,Bengaluru,Karnataka,Home & Kitchen,Kitchen Appliances,Bajaj Air Fryer,1,5150,5150,16,4326,UPI,Delivered,5,6,40477276.30
501101,10782,06-06-2025,19,Male,Indore,Madhya Pradesh,Electronics,Smartphones,Apple iPhone 15,1,66308,66308,3,64319,Credit Card,Delivered,4,3,40477276.30
501102,10420,13-06-2025,35,Female,Mumbai,Maharashtra,Home & Kitchen,Home Decor,Wall Art Set,1,1224,1224,12,1077,Credit Card,Delivered,3,2,40477276.30
501103,11035,08-06-2026,29,Male,Lucknow,Uttar Pradesh,Beauty & Personal Care,Skincare,The Derma Co Sunscreen,1,496,496,25,372,UPI,Delivered,4,6,40477276.30
501104,10131,22-12-2025,17,Male,Mysuru,Karnataka,Beauty & Personal Care,Haircare,Tresemme Conditioner,1,473,473,6,444,Credit Card,Delivered,5,3,40477276.30
501105,10327,02-12-2025,47,Female,Kochi,Kerala,Fashion,Men Clothing,Peter England Formal Shirt,1,1985,1985,12,1747,Net Banking,Delivered,5,2,40477276.30
501106,11395,01-11-2025,30,Female,Kolkata,West Bengal,Electronics,Smartphones,OnePlus Nord CE 4,2,25356,50713,8,46656,Debit Card,Delivered,5,4,40477276.30
501107,11424,21-06-2026,25,Male,Mumbai,Maharashtra,Fashion,Accessories,Fastrack Analog Watch,1,2379,2379,21,1880,Debit Card,Delivered,5,4,40477276.30
501108,10746,28-08-2025,26,Male,Visakhapatnam,Andhra Pradesh,Electronics,Laptops,Lenovo IdeaPad Slim 5,2,66161,132322,7,123060,Cash on Delivery,Delivered,5,4,40477276.30
501109,10966,16-08-2025,50,Male,Patna,Bihar,Grocery,Snacks,Parle-G Biscuits,1,50,50,23,38,Cash on Delivery,Delivered,4,3,40477276.30
501110,10815,15-02-2026,45,Male,Indore,Madhya Pradesh,Electronics,Laptops,HP Pavilion 14,1,66270,66270,14,56992,UPI,Delivered,5,4,40477276.30
501111,11073,05-07-2025,35,Female,Hyderabad,Telangana,Home & Kitchen,Kitchen Appliances,Bajaj Air Fryer,1,5096,5096,28,3669,UPI,Delivered,4,5,40477276.30
501112,10300,23-04-2026,41,Female,Guwahati,Assam,Home & Kitchen,Home Decor,Decorative Table Lamp,1,1874,1874,26,1387,UPI,Delivered,4,7,40477276.30
501113,10261,12-08-2025,24,Female,Pune,Maharashtra,Fashion,Women Clothing,Aurelia Palazzo Set,1,2402,2402,8,2210,Cash on Delivery,Delivered,5,3,40477276.30
501114,10136,04-05-2026,51,Male,Indore,Madhya Pradesh,Beauty & Personal Care,Personal Care,Nivea Body Lotion,1,329,329,13,287,UPI,Delivered,5,2,40477276.30
501115,11243,15-11-2025,28,Female,Bengaluru,Karnataka,Home & Kitchen,Kitchen Appliances,Bajaj Air Fryer,1,4905,4905,21,3875,Credit Card,Delivered,4,5,40477276.30
501116,10607,07-07-2025,25,Male,Mysuru,Karnataka,Electronics,Smartphones,Samsung Galaxy A55,5,37305,186523,14,160409,Credit Card,Delivered,2,2,40477276.30
501117,11200,11-04-2026,49,Male,Lucknow,Uttar Pradesh,Fashion,Accessories,Lavie Handbag,3,2229,6687,25,5015,Debit Card,Delivered,4,5,40477276.30
501118,10535,11-01-2026,27,Non-Binary,Pune,Maharashtra,Grocery,Staples,Fortune Sunflower Oil 1L,1,161,161,12,142,UPI,Delivered,4,3,40477276.30
501119,10409,23-09-2025,35,Male,Kolkata,West Bengal,Electronics,Smartphones,Apple iPhone 15,1,68891,68891,13,59935,Cash on Delivery,Delivered,2,3,40477276.30
501120,11364,17-03-2026,23,Female,Mumbai,Maharashtra,Fashion,Footwear,Bata Formal Shoes,2,2572,5143,13,4475,UPI,Delivered,3,2,40477276.30
501121,10742,15-06-2025,20,Male,Delhi,Delhi (NCT),Books,Fiction,The Silent Patient,4,515,2061,6,1937,UPI,Delivered,5,2,40477276.30
501122,10310,09-03-2025,32,Male,Chennai,Tamil Nadu,Home & Kitchen,Storage,Plastic Storage Box Set,2,1049,2098,16,1763,UPI,Delivered,5,3,40477276.30
501123,11404,02-08-2025,42,Male,Visakhapatnam,Andhra Pradesh,Sports,Accessories,Sports Water Bottle,1,492,492,15,418,Net Banking,Delivered,3,3,40477276.30
501124,11056,20-10-2025,27,Male,Ahmedabad,Gujarat,Fashion,Men Clothing,Levi's Slim Jeans,1,2542,2542,13,2212,Wallet,Delivered,4,5,40477276.30
501125,11417,16-02-2025,35,Male,Chandigarh,Chandigarh (UT),Home & Kitchen,Home Decor,Wooden Photo Frame,3,705,2115,2,2073,Credit Card,Delivered,5,5,40477276.30
501126,10323,27-06-2026,25,Male,Ahmedabad,Gujarat,Beauty & Personal Care,Skincare,Cetaphil Face Wash,1,739,739,17,613,UPI,Delivered,2,3,40477276.30
501127,11070,30-03-2025,38,Female,Mumbai,Maharashtra,Fashion,Men Clothing,Levi's Slim Jeans,1,2486,2486,10,2238,Cash on Delivery,Delivered,5,1,40477276.30
501128,10578,01-02-2025,42,Female,Pune,Maharashtra,Fashion,Accessories,Fastrack Analog Watch,2,2477,4955,18,4063,Debit Card,Delivered,5,2,40477276.30
501129,11078,27-08-2025,29,Female,Ahmedabad,Gujarat,Electronics,Smart Devices,Amazon Echo Dot,2,5445,10890,19,8821,UPI,Delivered,4,4,40477276.30
501130,10802,15-12-2025,28,Male,Bhopal,Madhya Pradesh,Electronics,Laptops,Dell Inspiron 15,1,59634,59634,11,53075,Debit Card,Delivered,5,4,40477276.30
501131,10442,07-02-2025,34,Male,Hyderabad,Telangana,Fashion,Women Clothing,Aurelia Palazzo Set,2,2370,4740,25,3555,UPI,Returned,3,2,1813400.65
501132,10032,29-06-2026,54,Male,Mumbai,Maharashtra,Grocery,Snacks,Kurkure Masala Munch,1,39,39,23,30,UPI,Delivered,3,2,40477276.30
501133,10147,13-05-2026,20,Female,Mumbai,Maharashtra,Beauty & Personal Care,Makeup,Colorbar Eyeliner,1,522,522,11,464,UPI,Delivered,4,1,40477276.30
501134,11211,02-02-2025,20,Female,Jaipur,Rajasthan,Books,Academic,Database Management Systems,1,935,935,28,673,Debit Card,Cancelled,3,0,3077928.23
501135,11183,22-03-2026,44,Female,Nagpur,Maharashtra,Beauty & Personal Care,Makeup,Lakme Lipstick,2,587,1173,16,985,UPI,Delivered,5,4,40477276.30
501136,10093,13-10-2025,26,Male,Hyderabad,Telangana,Home & Kitchen,Kitchen Appliances,Bajaj Air Fryer,2,4800,9600,16,8064,Cash on Delivery,Delivered,5,4,40477276.30
501137,11258,24-02-2025,39,Female,Hyderabad,Telangana,Electronics,Smart Devices,Samsung Galaxy Watch,2,26493,52987,28,38151,Net Banking,Delivered,4,3,40477276.30
501138,10700,26-02-2025,32,Male,Bhubaneswar,Odisha,Beauty & Personal Care,Haircare,Mamaearth Hair Serum,1,523,523,24,398,Credit Card,Delivered,3,4,40477276.30
501139,10408,26-09-2025,32,Male,Noida,Uttar Pradesh,Electronics,Laptops,HP Pavilion 14,2,60054,120108,12,105695,UPI,Delivered,4,7,40477276.30
501140,11429,06-04-2025,32,Female,Bhopal,Madhya Pradesh,Home & Kitchen,Furniture,Study Table,1,6482,6482,26,4797,Debit Card,Delivered,5,6,40477276.30
501141,10659,01-07-2025,36,Male,Bengaluru,Karnataka,Home & Kitchen,Home Decor,Decorative Table Lamp,1,1946,1946,15,1654,UPI,Delivered,4,5,40477276.30
501142,11092,10-07-2026,34,Female,Ahmedabad,Gujarat,Fashion,Women Clothing,W Women Dress,1,2595,2595,10,2336,UPI,Delivered,4,4,40477276.30
501143,11096,09-05-2025,33,Male,Bengaluru,Karnataka,Electronics,Smartphones,Samsung Galaxy A55,1,41326,41326,20,33061,Credit Card,Delivered,5,2,40477276.30
501144,10692,17-05-2026,47,Male,Hyderabad,Telangana,Fashion,Men Clothing,Roadster Casual Shirt,1,1328,1328,6,1248,UPI,Delivered,2,3,40477276.30
501145,11294,25-04-2026,43,Male,Guwahati,Assam,Books,Academic,Database Management Systems,1,929,929,7,864,UPI,Delivered,4,6,40477276.30
501146,10328,12-01-2026,43,Male,Pune,Maharashtra,Electronics,Smart Devices,Mi Smart Band 8,1,3682,3682,23,2835,UPI,Returned,2,1,1813400.65
501147,10235,27-01-2026,58,Male,Mumbai,Maharashtra,Fashion,Footwear,Skechers Walking Shoes,1,6073,6073,18,4980,Net Banking,Delivered,4,4,40477276.30
501148,10217,20-06-2026,25,Female,Bengaluru,Karnataka,Electronics,Smartphones,Google Pixel 8a,1,55881,55881,17,46381,Net Banking,Delivered,5,7,40477276.30
501149,10468,11-03-2025,42,Male,Mumbai,Maharashtra,Fashion,Accessories,Titan Wallet,3,1429,4286,17,3557,Debit Card,Delivered,4,4,40477276.30
501150,10005,20-10-2025,31,Male,Delhi,Delhi (NCT),Home & Kitchen,Home Decor,Wooden Photo Frame,1,688,688,27,503,UPI,Delivered,4,3,40477276.30
501151,10721,17-08-2026,37,Male,Pune,Maharashtra,Electronics,Laptops,Lenovo IdeaPad Slim 5,1,61202,61202,13,53246,Debit Card,Delivered,5,4,40477276.30
501152,10927,17-01-2025,28,Female,Chennai,Tamil Nadu,Beauty & Personal Care,Haircare,Tresemme Conditioner,4,464,1857,20,1485,Debit Card,Delivered,5,3,40477276.30
501153,10025,06-01-2026,28,Male,Hyderabad,Telangana,Beauty & Personal Care,Haircare,L'Oreal Shampoo,1,616,616,19,499,Cash on Delivery,Delivered,5,4,40477276.30
501154,10469,04-08-2026,28,Male,Lucknow,Uttar Pradesh,Home & Kitchen,Storage,Kitchen Storage Jars,5,1220,6101,21,4819,UPI,Delivered,3,3,40477276.30
501155,10864,28-06-2026,54,Female,Lucknow,Uttar Pradesh,Fashion,Women Clothing,Aurelia Palazzo Set,2,2231,4462,23,3436,UPI,Delivered,1,3,40477276.30
501156,10300,16-01-2026,41,Female,Guwahati,Assam,Beauty & Personal Care,Haircare,L'Oreal Shampoo,2,571,1142,16,960,Debit Card,Delivered,4,5,40477276.30
501157,11392,28-07-2026,27,Male,Hyderabad,Telangana,Beauty & Personal Care,Personal Care,Dove Body Wash,2,396,791,10,712,Credit Card,Cancelled,5,0,3077928.23
501158,10100,20-11-2025,31,Female,Mumbai,Maharashtra,Grocery,Snacks,Kurkure Masala Munch,2,39,79,17,65,Cash on Delivery,Delivered,4,1,40477276.30
501159,11434,09-05-2025,28,Male,Coimbatore,Tamil Nadu,Sports,Fitness Equipment,Resistance Bands Set,4,711,2845,14,2447,UPI,Delivered,1,3,40477276.30
501160,10321,03-08-2026,35,Male,Kochi,Kerala,Fashion,Women Clothing,Biba Printed Kurta,1,1804,1804,2,1768,Credit Card,Delivered,5,2,40477276.30
501161,10163,28-11-2025,47,Male,Chennai,Tamil Nadu,Home & Kitchen,Storage,Cloth Organizer,1,734,734,11,653,UPI,Delivered,2,5,40477276.30
501162,10689,15-02-2025,42,Male,Bhopal,Madhya Pradesh,Books,Fiction,Ikigai,1,406,406,16,341,UPI,Delivered,4,5,40477276.30
501163,11341,18-02-2026,36,Male,Bhubaneswar,Odisha,Electronics,Audio,Sony WH-CH520,1,4480,4480,29,3181,UPI,Delivered,4,4,40477276.30
501164,10180,08-06-2026,64,Female,Mumbai,Maharashtra,Fashion,Footwear,Nike Revolution Running Shoes,1,4902,4902,11,4363,UPI,Delivered,4,2,40477276.30
501165,10694,01-09-2025,41,Male,Ranchi,Jharkhand,Fashion,Accessories,Lavie Handbag,4,2174,8694,20,6956,Debit Card,Delivered,5,3,40477276.30
501166,11011,18-03-2025,48,Male,Pune,Maharashtra,Electronics,Smart Devices,Samsung Galaxy Watch,1,25271,25271,11,22491,UPI,Delivered,4,3,40477276.30
501167,11025,27-01-2025,53,Male,Bhubaneswar,Odisha,Grocery,Household,Vim Dishwash Liquid,2,195,391,11,348,UPI,Delivered,5,4,40477276.30
501168,10963,14-09-2025,36,Non-Binary,Guwahati,Assam,Beauty & Personal Care,Skincare,The Derma Co Sunscreen,2,516,1032,17,856,Credit Card,Delivered,5,6,40477276.30
501169,11084,27-03-2025,57,Female,Delhi,Delhi (NCT),Electronics,Smartphones,Apple iPhone 15,1,69116,69116,8,63587,Debit Card,Delivered,5,6,40477276.30
501170,11076,15-06-2026,29,Female,Delhi,Delhi (NCT),Fashion,Women Clothing,Libas Anarkali Kurta,1,1971,1971,18,1616,Debit Card,Delivered,5,6,40477276.30
501171,10330,26-04-2025,41,Male,Delhi,Delhi (NCT),Electronics,Audio,boAt Airdopes 141,2,1417,2834,8,2607,Debit Card,Delivered,4,1,40477276.30
501172,11295,31-10-2025,35,Female,Hyderabad,Telangana,Fashion,Accessories,Fastrack Analog Watch,1,2465,2465,25,1849,UPI,Delivered,4,5,40477276.30
501173,10435,06-07-2025,51,Male,Pune,Maharashtra,Home & Kitchen,Home Decor,Wall Art Set,2,1279,2558,3,2481,Credit Card,Delivered,5,4,40477276.30
501174,11211,08-06-2026,20,Female,Jaipur,Rajasthan,Electronics,Audio,OnePlus Buds 3,1,5189,5189,15,4411,UPI,Delivered,4,3,40477276.30
501175,10313,07-08-2026,43,Female,Nashik,Maharashtra,Fashion,Footwear,Skechers Walking Shoes,1,5903,5903,26,4368,Credit Card,Delivered,4,6,40477276.30
501176,10395,16-06-2025,47,Male,Kolkata,West Bengal,Home & Kitchen,Home Decor,Decorative Table Lamp,1,1885,1885,18,1546,Cash on Delivery,Delivered,5,3,40477276.30
501177,10982,12-07-2025,39,Female,Mumbai,Maharashtra,Electronics,Audio,JBL Tune 770NC,1,5666,5666,11,5043,UPI,Returned,3,6,1813400.65
501178,11038,06-01-2026,18,Male,Surat,Gujarat,Sports,Sportswear,Decathlon Sports T-Shirt,1,823,823,13,716,UPI,Delivered,5,4,40477276.30
501179,11351,14-06-2026,21,Male,Pune,Maharashtra,Beauty & Personal Care,Makeup,Lakme Lipstick,1,591,591,10,532,UPI,Returned,3,4,1813400.65
501180,11405,11-02-2025,45,Male,Nagpur,Maharashtra,Electronics,Smartphones,Apple iPhone 15,1,68524,68524,6,64413,UPI,Delivered,5,6,40477276.30
501181,10618,27-01-2026,42,Male,Ranchi,Jharkhand,Fashion,Footwear,Nike Revolution Running Shoes,1,5184,5184,2,5080,Debit Card,Delivered,5,3,40477276.30
501182,11266,03-05-2026,18,Male,Nagpur,Maharashtra,Electronics,Laptops,ASUS Vivobook 15,1,54638,54638,8,50267,Cash on Delivery,Delivered,5,2,40477276.30
501183,10997,24-10-2025,54,Female,Lucknow,Uttar Pradesh,Electronics,Laptops,HP Pavilion 14,2,63028,126055,19,102105,Debit Card,Delivered,5,3,40477276.30
501184,10027,02-04-2026,21,Female,Bengaluru,Karnataka,Sports,Outdoor Sports,Nivia Basketball,1,983,983,26,727,Debit Card,Delivered,2,4,40477276.30
501185,11261,24-05-2026,40,Male,Bhopal,Madhya Pradesh,Beauty & Personal Care,Haircare,L'Oreal Shampoo,1,567,567,9,516,UPI,Delivered,5,2,40477276.30
501186,10551,14-12-2025,35,Male,Mumbai,Maharashtra,Electronics,Audio,OnePlus Buds 3,1,5755,5755,16,4835,Credit Card,Delivered,3,3,40477276.30
501187,10988,21-08-2025,44,Male,Mysuru,Karnataka,Beauty & Personal Care,Makeup,Maybelline Foundation,1,737,737,26,545,Credit Card,Cancelled,3,0,3077928.23
501188,11206,18-04-2026,34,Female,Bengaluru,Karnataka,Beauty & Personal Care,Haircare,Mamaearth Hair Serum,1,503,503,7,468,Credit Card,Delivered,4,2,40477276.30
501189,10804,23-02-2025,29,Male,Mysuru,Karnataka,Grocery,Snacks,Kurkure Masala Munch,2,42,83,24,63,Net Banking,Delivered,5,3,40477276.30
501190,10571,04-07-2025,34,Male,Nagpur,Maharashtra,Sports,Accessories,Sports Cap,1,392,392,13,341,UPI,Delivered,5,3,40477276.30
501191,10746,23-09-2025,26,Male,Visakhapatnam,Andhra Pradesh,Beauty & Personal Care,Makeup,Colorbar Eyeliner,1,482,482,25,361,UPI,Delivered,4,4,40477276.30
501192,10992,03-02-2025,15,Female,Bengaluru,Karnataka,Beauty & Personal Care,Haircare,Mamaearth Hair Serum,1,516,516,23,398,Credit Card,Delivered,4,5,40477276.30
501193,10023,11-06-2025,35,Female,Hyderabad,Telangana,Fashion,Women Clothing,Biba Printed Kurta,2,1728,3456,20,2765,Wallet,Delivered,4,2,40477276.30
501194,10317,17-04-2025,42,Male,Bengaluru,Karnataka,Home & Kitchen,Furniture,Bedside Table,2,3444,6888,20,5511,UPI,Delivered,3,3,40477276.30
501195,11014,12-01-2026,26,Male,Vadodara,Gujarat,Electronics,Audio,Sony WH-CH520,1,4580,4580,27,3343,UPI,Delivered,5,4,40477276.30
501196,10225,20-07-2026,29,Female,Hyderabad,Telangana,Fashion,Women Clothing,Libas Anarkali Kurta,1,2024,2024,24,1539,UPI,Delivered,5,6,40477276.30
501197,10999,15-07-2025,28,Female,Indore,Madhya Pradesh,Fashion,Men Clothing,Levi's Slim Jeans,2,2557,5113,14,4397,UPI,Delivered,3,6,40477276.30
501198,11190,22-03-2026,23,Female,Surat,Gujarat,Electronics,Laptops,ASUS Vivobook 15,1,56027,56027,23,43141,Net Banking,Delivered,4,3,40477276.30
501199,11076,08-05-2026,29,Female,Delhi,Delhi (NCT),Grocery,Snacks,Parle-G Biscuits,1,52,52,19,42,Net Banking,Delivered,3,6,40477276.30
501200,10203,28-08-2025,46,Male,Gurugram,Haryana,Electronics,Smartphones,Samsung Galaxy A55,1,40378,40378,26,29880,Credit Card,Delivered,5,3,40477276.30
501201,10613,11-06-2025,37,Male,Pune,Maharashtra,Sports,Fitness Equipment,Skipping Rope,1,307,307,25,230,Debit Card,Delivered,5,3,40477276.30
501202,10466,18-03-2025,32,Male,Gurugram,Haryana,Fashion,Men Clothing,Roadster Casual Shirt,1,1311,1311,9,1193,Debit Card,Delivered,5,7,40477276.30
501203,11275,05-12-2025,47,Female,Pune,Maharashtra,Sports,Accessories,Sports Water Bottle,1,527,527,14,453,Debit Card,Delivered,4,3,40477276.30
501204,11094,27-06-2026,35,Female,Mumbai,Maharashtra,Electronics,Laptops,ASUS Vivobook 15,4,58531,234125,20,187300,UPI,Returned,1,2,1813400.65
501205,10542,06-06-2025,22,Female,Chennai,Tamil Nadu,Fashion,Accessories,Titan Wallet,1,1439,1439,28,1036,Credit Card,Delivered,5,5,40477276.30
501206,10316,28-01-2026,34,Female,Bengaluru,Karnataka,Books,Self-Help,The Psychology of Money,1,588,588,20,470,Net Banking,Delivered,5,5,40477276.30
501207,10908,01-11-2025,42,Female,Jaipur,Rajasthan,Fashion,Women Clothing,Aurelia Palazzo Set,1,2178,2178,26,1612,UPI,Delivered,3,2,40477276.30
501208,11429,31-10-2025,32,Female,Bhopal,Madhya Pradesh,Home & Kitchen,Storage,Kitchen Storage Jars,1,1238,1238,28,892,UPI,Cancelled,4,0,3077928.23
501209,10201,11-10-2025,38,Female,Delhi,Delhi (NCT),Beauty & Personal Care,Personal Care,Dove Body Wash,2,390,780,3,756,Net Banking,Delivered,3,3,40477276.30
501210,10909,16-01-2025,41,Non-Binary,Chennai,Tamil Nadu,Electronics,Smart Devices,Apple Watch SE,1,29282,29282,28,21083,UPI,Delivered,5,7,40477276.30
501211,11038,25-12-2025,18,Male,Surat,Gujarat,Beauty & Personal Care,Skincare,Minimalist Niacinamide Serum,1,614,614,5,583,UPI,Cancelled,5,0,3077928.23
501212,10018,15-07-2026,37,Male,Lucknow,Uttar Pradesh,Home & Kitchen,Home Decor,Decorative Table Lamp,1,1853,1853,23,1427,Debit Card,Cancelled,1,0,3077928.23
501213,10450,28-04-2026,22,Male,Nagpur,Maharashtra,Books,Self-Help,The Psychology of Money,1,570,570,10,513,UPI,Delivered,5,5,40477276.30
501214,11073,29-03-2026,35,Female,Hyderabad,Telangana,Fashion,Footwear,Nike Revolution Running Shoes,1,5031,5031,10,4528,Credit Card,Delivered,5,1,40477276.30
501215,11236,23-08-2025,52,Female,Gurugram,Haryana,Home & Kitchen,Home Decor,Decorative Table Lamp,3,1868,5603,27,4090,UPI,Delivered,4,3,40477276.30
501216,10857,26-06-2025,25,Female,Pune,Maharashtra,Books,Fiction,The Silent Patient,1,522,522,26,386,Credit Card,Delivered,2,6,40477276.30
501217,10096,18-12-2025,18,Male,Mumbai,Maharashtra,Electronics,Laptops,Lenovo IdeaPad Slim 5,1,64605,64605,30,45223,Cash on Delivery,Delivered,5,2,40477276.30
501218,11264,03-12-2025,24,Female,Delhi,Delhi (NCT),Fashion,Accessories,Lavie Handbag,4,2351,9404,10,8463,UPI,Delivered,4,2,40477276.30
501219,10342,04-08-2025,37,Male,Kolkata,West Bengal,Home & Kitchen,Home Decor,Decorative Table Lamp,1,1829,1829,22,1427,UPI,Returned,3,6,1813400.65
501220,10490,26-07-2025,44,Male,Surat,Gujarat,Books,Fiction,The Alchemist,1,421,421,26,312,Cash on Delivery,Delivered,4,4,40477276.30
501221,11260,18-10-2025,33,Female,Kochi,Kerala,Electronics,Laptops,Dell Inspiron 15,1,55062,55062,23,42398,Credit Card,Delivered,4,2,40477276.30
501222,10024,22-01-2025,18,Male,Bengaluru,Karnataka,Beauty & Personal Care,Makeup,Sugar Mascara,1,796,796,26,589,Debit Card,Cancelled,2,0,3077928.23
501223,11243,12-08-2026,28,Female,Bengaluru,Karnataka,Home & Kitchen,Home Decor,Decorative Table Lamp,2,1808,3615,26,2675,UPI,Returned,3,1,1813400.65
501224,10565,01-10-2025,47,Female,Surat,Gujarat,Fashion,Footwear,Puma Sneakers,1,3859,3859,11,3435,Cash on Delivery,Delivered,3,1,40477276.30
501225,10352,13-02-2025,50,Male,Hyderabad,Telangana,Beauty & Personal Care,Haircare,Tresemme Conditioner,2,458,915,7,851,Cash on Delivery,Delivered,4,6,40477276.30
501226,11447,31-01-2026,28,Female,Mumbai,Maharashtra,Sports,Outdoor Sports,Cosco Football,2,902,1803,12,1587,Cash on Delivery,Delivered,5,2,40477276.30
501227,10935,14-07-2026,39,Male,Chennai,Tamil Nadu,Beauty & Personal Care,Makeup,Lakme Lipstick,1,586,586,24,445,Debit Card,Delivered,4,3,40477276.30
501228,11094,05-01-2026,35,Female,Mumbai,Maharashtra,Sports,Accessories,Sports Cap,1,404,404,19,327,Cash on Delivery,Delivered,5,5,40477276.30
501229,10310,01-10-2025,32,Male,Chennai,Tamil Nadu,Home & Kitchen,Home Decor,Wooden Photo Frame,1,739,739,18,606,Credit Card,Delivered,3,4,40477276.30
501230,10621,28-05-2026,25,Female,Delhi,Delhi (NCT),Sports,Fitness Equipment,Skipping Rope,2,291,583,8,536,Net Banking,Delivered,4,3,40477276.30
501231,10317,01-02-2026,42,Male,Bengaluru,Karnataka,Books,Self-Help,The 7 Habits of Highly Effective People,1,704,704,21,556,Credit Card,Delivered,1,6,40477276.30
501232,11035,27-05-2026,29,Male,Lucknow,Uttar Pradesh,Grocery,Household,Harpic Toilet Cleaner,1,187,187,3,181,Cash on Delivery,Delivered,4,4,40477276.30
501233,10844,23-02-2026,38,Female,Delhi,Delhi (NCT),Grocery,Household,Vim Dishwash Liquid,1,198,198,29,140,Credit Card,Delivered,5,4,40477276.30
501234,11326,24-06-2026,15,Male,Delhi,Delhi (NCT),Grocery,Staples,Tata Salt 1kg,2,29,57,30,40,UPI,Delivered,5,6,40477276.30
501235,11309,08-07-2026,46,Male,Patna,Bihar,Beauty & Personal Care,Personal Care,Nivea Body Lotion,2,363,726,22,566,UPI,Delivered,5,5,40477276.30
501236,10435,31-07-2025,51,Male,Pune,Maharashtra,Grocery,Snacks,Kurkure Masala Munch,1,39,39,18,32,UPI,Delivered,4,4,40477276.30
501237,10606,29-07-2026,55,Female,Delhi,Delhi (NCT),Fashion,Footwear,Skechers Walking Shoes,1,5837,5837,19,4728,UPI,Delivered,4,3,40477276.30
501238,10252,15-05-2025,44,Female,Chennai,Tamil Nadu,Fashion,Accessories,Wildcraft Backpack,2,2014,4028,15,3424,UPI,Delivered,5,2,40477276.30
501239,10596,17-05-2026,28,Female,Patna,Bihar,Electronics,Laptops,Lenovo IdeaPad Slim 5,2,67341,134682,23,103705,Net Banking,Delivered,5,4,40477276.30
501240,10411,02-09-2025,42,Male,Bengaluru,Karnataka,Fashion,Men Clothing,Roadster Casual Shirt,1,1279,1279,18,1049,Credit Card,Returned,4,2,1813400.65
501241,10603,13-03-2025,44,Male,Surat,Gujarat,Electronics,Audio,boAt Airdopes 141,2,1520,3039,12,2675,Credit Card,Delivered,5,4,40477276.30
501242,10665,26-11-2025,26,Female,Chennai,Tamil Nadu,Electronics,Laptops,HP Pavilion 14,2,66557,133114,11,118472,Credit Card,Delivered,3,1,40477276.30
501243,11357,29-11-2025,28,Female,Hyderabad,Telangana,Grocery,Beverages,Real Fruit Juice,2,176,352,27,257,Wallet,Delivered,4,3,40477276.30
501244,10134,08-08-2025,39,Female,Bhopal,Madhya Pradesh,Electronics,Smart Devices,Mi Smart Band 8,1,3372,3372,13,2933,Credit Card,Delivered,4,1,40477276.30
501245,11093,04-03-2025,42,Female,Pune,Maharashtra,Fashion,Women Clothing,Aurelia Palazzo Set,1,2239,2239,28,1612,Cash on Delivery,Delivered,4,2,40477276.30
501246,10598,09-05-2025,23,Female,Pune,Maharashtra,Home & Kitchen,Kitchen Appliances,Prestige Electric Kettle,1,1881,1881,6,1768,UPI,Delivered,5,1,40477276.30
501247,11283,27-06-2025,42,Female,Visakhapatnam,Andhra Pradesh,Electronics,Smart Devices,Amazon Echo Dot,1,5462,5462,11,4861,UPI,Delivered,3,5,40477276.30
501248,11381,28-04-2026,41,Male,Pune,Maharashtra,Electronics,Laptops,Lenovo IdeaPad Slim 5,1,67315,67315,5,63949,Credit Card,Delivered,5,4,40477276.30
501249,11011,14-05-2026,48,Male,Pune,Maharashtra,Electronics,Laptops,Lenovo IdeaPad Slim 5,2,64243,128486,29,91225,UPI,Delivered,4,3,40477276.30
501250,10962,04-04-2025,49,Female,Lucknow,Uttar Pradesh,Electronics,Smartphones,Samsung Galaxy A55,3,38959,116878,10,105190,Credit Card,Delivered,4,3,40477276.30
501251,11248,09-07-2026,26,Male,Bhopal,Madhya Pradesh,Electronics,Smartphones,Samsung Galaxy A55,2,41196,82391,25,61794,Debit Card,Delivered,4,5,40477276.30
501252,10829,13-07-2026,29,Male,Chandigarh,Chandigarh (UT),Beauty & Personal Care,Makeup,Colorbar Eyeliner,1,502,502,16,422,Credit Card,Delivered,4,4,40477276.30
501253,10807,29-10-2025,36,Male,Hyderabad,Telangana,Fashion,Accessories,Titan Wallet,1,1543,1543,10,1389,UPI,Delivered,5,3,40477276.30
501254,10126,19-08-2026,58,Male,Mumbai,Maharashtra,Home & Kitchen,Furniture,Study Table,1,6447,6447,30,4513,UPI,Delivered,4,2,40477276.30
501255,11332,06-12-2025,47,Female,Delhi,Delhi (NCT),Electronics,Laptops,ASUS Vivobook 15,2,56672,113345,16,95210,Credit Card,Delivered,5,2,40477276.30
501256,11118,17-04-2025,33,Female,Bhubaneswar,Odisha,Electronics,Smart Devices,Apple Watch SE,3,29371,88113,15,74896,Debit Card,Cancelled,4,0,3077928.23
501257,10194,12-11-2025,20,Male,Pune,Maharashtra,Home & Kitchen,Furniture,Bookshelf,1,5998,5998,28,4319,UPI,Delivered,5,1,40477276.30
501258,10447,08-01-2025,38,Female,Jaipur,Rajasthan,Sports,Outdoor Sports,Nivia Basketball,1,1005,1005,26,744,UPI,Delivered,3,4,40477276.30
501259,10656,25-02-2025,35,Non-Binary,Pune,Maharashtra,Electronics,Laptops,Dell Inspiron 15,1,59725,59725,11,53155,UPI,Delivered,5,4,40477276.30
501260,10780,25-05-2026,41,Male,Delhi,Delhi (NCT),Fashion,Accessories,Fastrack Analog Watch,1,2554,2554,6,2401,Debit Card,Delivered,3,4,40477276.30
501261,10593,13-01-2025,39,Male,Nagpur,Maharashtra,Fashion,Women Clothing,Aurelia Palazzo Set,1,2387,2387,24,1814,UPI,Delivered,4,3,40477276.30
501262,11105,30-05-2026,46,Female,Bengaluru,Karnataka,Books,Non-Fiction,Sapiens,1,671,671,24,510,UPI,Delivered,3,5,40477276.30
501263,11422,01-01-2026,46,Male,Mumbai,Maharashtra,Beauty & Personal Care,Skincare,Minimalist Niacinamide Serum,1,589,589,30,412,UPI,Delivered,4,5,40477276.30
501264,11066,13-07-2025,22,Male,Mumbai,Maharashtra,Fashion,Men Clothing,Roadster Casual Shirt,2,1255,2510,9,2284,Debit Card,Delivered,2,4,40477276.30
501265,11340,31-08-2025,36,Female,Bhubaneswar,Odisha,Fashion,Women Clothing,W Women Dress,1,2391,2391,6,2248,UPI,Delivered,4,7,40477276.30
501266,11378,20-02-2026,45,Male,Mumbai,Maharashtra,Home & Kitchen,Home Decor,Wall Art Set,1,1326,1326,18,1087,UPI,Delivered,4,2,40477276.30
501267,10483,29-04-2025,16,Female,Pune,Maharashtra,Electronics,Laptops,Dell Inspiron 15,1,57205,57205,30,40044,UPI,Delivered,3,2,40477276.30
501268,10140,25-04-2025,20,Male,Surat,Gujarat,Grocery,Snacks,Kurkure Masala Munch,1,38,38,3,37,Wallet,Delivered,5,6,40477276.30
501269,10447,31-03-2025,38,Female,Jaipur,Rajasthan,Electronics,Audio,OnePlus Buds 3,2,5337,10674,25,8005,Debit Card,Returned,4,1,1813400.65
501270,11321,23-03-2025,35,Male,Chandigarh,Chandigarh (UT),Grocery,Household,Vim Dishwash Liquid,1,199,199,16,167,Wallet,Delivered,3,4,40477276.30
501271,10375,13-03-2025,58,Female,Nashik,Maharashtra,Home & Kitchen,Kitchen Appliances,Bajaj Air Fryer,5,4817,24084,12,21194,Debit Card,Delivered,3,3,40477276.30
501272,10724,17-06-2025,42,Male,Lucknow,Uttar Pradesh,Fashion,Men Clothing,Allen Solly Polo T-Shirt,5,1507,7534,14,6479,Debit Card,Delivered,4,3,40477276.30
501273,11352,16-09-2025,15,Female,Ranchi,Jharkhand,Fashion,Women Clothing,Libas Anarkali Kurta,1,2045,2045,21,1615,Cash on Delivery,Delivered,5,2,40477276.30
501274,11283,15-09-2025,42,Female,Visakhapatnam,Andhra Pradesh,Home & Kitchen,Home Decor,Wooden Photo Frame,1,725,725,15,616,UPI,Delivered,1,1,40477276.30
501275,11039,12-09-2025,36,Female,Kochi,Kerala,Home & Kitchen,Furniture,Bedside Table,3,3490,10471,10,9424,UPI,Cancelled,1,0,3077928.23
501276,11415,27-02-2026,27,Female,Chennai,Tamil Nadu,Beauty & Personal Care,Personal Care,Dove Body Wash,1,400,400,5,380,UPI,Cancelled,4,0,3077928.23
501277,10133,05-01-2025,22,Male,Ahmedabad,Gujarat,Fashion,Men Clothing,Roadster Casual Shirt,2,1368,2736,19,2216,Net Banking,Delivered,5,4,40477276.30
501278,11108,17-10-2025,22,Male,Jaipur,Rajasthan,Beauty & Personal Care,Personal Care,Dove Body Wash,2,402,803,28,578,Cash on Delivery,Delivered,4,4,40477276.30
501279,10849,29-08-2025,27,Female,Kolkata,West Bengal,Beauty & Personal Care,Personal Care,Nivea Body Lotion,1,366,366,27,267,Net Banking,Delivered,5,4,40477276.30
501280,10608,09-06-2025,20,Female,Bengaluru,Karnataka,Home & Kitchen,Home Decor,Artificial Plant,1,811,811,9,738,UPI,Delivered,4,4,40477276.30
501281,11090,24-07-2025,32,Female,Indore,Madhya Pradesh,Sports,Accessories,Fitbit Fitness Tracker,1,8259,8259,27,6029,Credit Card,Delivered,5,4,40477276.30
501282,10526,07-10-2025,15,Female,Mumbai,Maharashtra,Home & Kitchen,Storage,Wardrobe Organizer,2,910,1820,28,1310,Debit Card,Delivered,5,6,40477276.30
501283,10481,28-05-2026,33,Female,Hyderabad,Telangana,Electronics,Audio,boAt Airdopes 141,1,1423,1423,5,1352,Debit Card,Returned,3,7,1813400.65
501284,10099,01-08-2025,34,Male,Kochi,Kerala,Grocery,Staples,Fortune Sunflower Oil 1L,2,155,309,20,247,UPI,Delivered,5,3,40477276.30
501285,11421,08-08-2026,40,Female,Bengaluru,Karnataka,Beauty & Personal Care,Skincare,The Derma Co Sunscreen,1,511,511,6,481,Cash on Delivery,Delivered,5,3,40477276.30
501286,10018,24-07-2026,37,Male,Lucknow,Uttar Pradesh,Fashion,Men Clothing,Allen Solly Polo T-Shirt,1,1517,1517,16,1275,Credit Card,Delivered,5,3,40477276.30
501287,11069,16-08-2026,29,Male,Indore,Madhya Pradesh,Beauty & Personal Care,Skincare,Cetaphil Face Wash,1,693,693,29,492,UPI,Delivered,5,4,40477276.30
501288,10039,11-01-2025,19,Non-Binary,Bhopal,Madhya Pradesh,Home & Kitchen,Storage,Cloth Organizer,2,737,1474,17,1223,UPI,Delivered,4,4,40477276.30
501289,10437,07-02-2026,52,Female,Delhi,Delhi (NCT),Electronics,Laptops,Lenovo IdeaPad Slim 5,2,61473,122947,9,111882,Credit Card,Delivered,4,3,40477276.30
501290,10642,13-02-2025,52,Female,Coimbatore,Tamil Nadu,Electronics,Smart Devices,Samsung Galaxy Watch,1,25658,25658,30,17961,UPI,Delivered,5,4,40477276.30
501291,10673,08-10-2025,30,Male,Chennai,Tamil Nadu,Electronics,Laptops,ASUS Vivobook 15,1,55322,55322,9,50343,Net Banking,Delivered,3,5,40477276.30
501292,10992,31-07-2025,15,Female,Bengaluru,Karnataka,Sports,Outdoor Sports,Yonex Badminton Racket,1,2303,2303,2,2257,Debit Card,Delivered,4,2,40477276.30
501293,11173,26-06-2026,35,Male,Ahmedabad,Gujarat,Sports,Sportswear,Nike Dri-FIT T-Shirt,1,2025,2025,18,1661,Debit Card,Delivered,5,2,40477276.30
501294,11364,04-11-2025,23,Female,Mumbai,Maharashtra,Electronics,Audio,boAt Airdopes 141,1,1501,1501,6,1411,UPI,Delivered,5,6,40477276.30
501295,11178,19-08-2025,33,Male,Ahmedabad,Gujarat,Books,Fiction,Ikigai,2,406,812,26,601,UPI,Delivered,4,5,40477276.30
501296,10456,16-09-2025,25,Male,Ranchi,Jharkhand,Grocery,Snacks,Parle-G Biscuits,1,51,51,9,46,Wallet,Delivered,4,5,40477276.30
501297,11140,15-07-2025,42,Male,Delhi,Delhi (NCT),Fashion,Men Clothing,Levi's Slim Jeans,1,2447,2447,21,1933,Net Banking,Delivered,5,2,40477276.30
501298,10831,08-07-2025,19,Female,Bengaluru,Karnataka,Books,Self-Help,The Psychology of Money,2,624,1249,8,1149,UPI,Delivered,5,1,40477276.30
501299,11385,27-09-2025,42,Male,Patna,Bihar,Fashion,Accessories,Titan Wallet,1,1531,1531,13,1332,UPI,Delivered,5,1,40477276.30
501300,10491,14-03-2026,34,Female,Bengaluru,Karnataka,Books,Self-Help,The 7 Habits of Highly Effective People,1,718,718,19,581,Wallet,Delivered,4,3,40477276.30
501301,10181,25-05-2025,41,Female,Ranchi,Jharkhand,Fashion,Footwear,Nike Revolution Running Shoes,1,5062,5062,8,4657,Debit Card,Delivered,5,3,40477276.30
501302,11116,05-09-2025,38,Female,Bengaluru,Karnataka,Fashion,Women Clothing,Libas Anarkali Kurta,1,2107,2107,29,1496,UPI,Delivered,5,3,40477276.30
501303,10401,10-12-2025,16,Female,Chennai,Tamil Nadu,Grocery,Staples,Fortune Sunflower Oil 1L,1,161,161,19,130,Debit Card,Delivered,4,7,40477276.30
501304,10436,01-07-2025,35,Male,Bhubaneswar,Odisha,Beauty & Personal Care,Personal Care,Gillette Shaving Kit,1,608,608,12,535,Cash on Delivery,Delivered,5,3,40477276.30
501305,10822,27-05-2025,50,Female,Indore,Madhya Pradesh,Electronics,Smart Devices,Apple Watch SE,3,30209,90626,11,80657,Credit Card,Delivered,3,4,40477276.30
501306,10706,28-12-2025,41,Female,Chennai,Tamil Nadu,Beauty & Personal Care,Haircare,Mamaearth Hair Serum,2,482,963,12,847,UPI,Delivered,3,2,40477276.30
501307,10179,04-08-2026,31,Male,Gurugram,Haryana,Fashion,Men Clothing,Peter England Formal Shirt,1,1893,1893,27,1382,UPI,Delivered,5,2,40477276.30
501308,10215,07-04-2025,31,Female,Bhopal,Madhya Pradesh,Electronics,Smart Devices,Apple Watch SE,1,28740,28740,22,22417,UPI,Delivered,4,1,40477276.30
501309,10422,02-12-2025,53,Male,Bengaluru,Karnataka,Electronics,Laptops,Dell Inspiron 15,1,56034,56034,19,45387,UPI,Delivered,5,7,40477276.30
501310,10840,11-01-2025,32,Male,Pune,Maharashtra,Home & Kitchen,Storage,Cloth Organizer,2,710,1419,22,1107,UPI,Delivered,5,5,40477276.30
501311,10024,30-07-2026,18,Male,Bengaluru,Karnataka,Home & Kitchen,Home Decor,Decorative Table Lamp,1,1945,1945,19,1575,Net Banking,Delivered,3,3,40477276.30
501312,10339,15-06-2026,39,Male,Mumbai,Maharashtra,Electronics,Smart Devices,Amazon Echo Dot,1,5549,5549,16,4661,Debit Card,Delivered,3,3,40477276.30
501313,10812,12-06-2025,29,Male,Mumbai,Maharashtra,Electronics,Smartphones,Apple iPhone 15,1,68001,68001,16,57121,UPI,Delivered,5,3,40477276.30
501314,10619,07-09-2025,39,Female,Mumbai,Maharashtra,Home & Kitchen,Home Decor,Wall Art Set,2,1364,2727,13,2373,UPI,Delivered,4,2,40477276.30
501315,11185,26-05-2026,23,Male,Lucknow,Uttar Pradesh,Electronics,Laptops,HP Pavilion 14,3,63998,191994,21,151675,Credit Card,Delivered,3,6,40477276.30
501316,10661,03-05-2025,28,Female,Patna,Bihar,Fashion,Men Clothing,Allen Solly Polo T-Shirt,1,1585,1585,17,1316,UPI,Delivered,5,4,40477276.30
501317,11172,09-01-2025,37,Female,Surat,Gujarat,Fashion,Footwear,Puma Sneakers,3,3888,11665,4,11198,Net Banking,Delivered,4,4,40477276.30
501318,11074,28-03-2025,20,Female,Mumbai,Maharashtra,Electronics,Smartphones,Google Pixel 8a,2,55248,110497,19,89503,Credit Card,Delivered,5,5,40477276.30
501319,10409,25-03-2025,35,Male,Kolkata,West Bengal,Books,Fiction,Atomic Habits,2,571,1141,8,1050,UPI,Delivered,5,6,40477276.30
501320,10913,13-01-2025,37,Female,Mumbai,Maharashtra,Fashion,Women Clothing,W Women Dress,1,2638,2638,26,1952,Debit Card,Delivered,4,4,40477276.30
501321,11404,27-04-2025,42,Male,Visakhapatnam,Andhra Pradesh,Electronics,Audio,JBL Tune 770NC,1,5661,5661,10,5095,UPI,Delivered,3,3,40477276.30
501322,10745,02-04-2025,40,Female,Bhopal,Madhya Pradesh,Electronics,Audio,JBL Tune 770NC,1,5665,5665,23,4362,UPI,Delivered,5,2,40477276.30
501323,10035,06-09-2025,43,Male,Bhubaneswar,Odisha,Electronics,Smart Devices,Mi Smart Band 8,1,3483,3483,24,2647,UPI,Delivered,4,3,40477276.30
501324,11419,29-03-2026,51,Male,Mumbai,Maharashtra,Beauty & Personal Care,Makeup,Maybelline Foundation,1,690,690,14,593,Debit Card,Delivered,5,4,40477276.30
501325,10349,20-08-2025,26,Male,Nagpur,Maharashtra,Electronics,Smart Devices,Mi Smart Band 8,2,3634,7268,15,6178,Credit Card,Delivered,4,6,40477276.30
501326,10077,24-10-2025,35,Male,Mumbai,Maharashtra,Home & Kitchen,Home Decor,Artificial Plant,1,798,798,18,655,Credit Card,Delivered,4,2,40477276.30
501327,11415,01-07-2025,27,Female,Chennai,Tamil Nadu,Sports,Fitness Equipment,Adjustable Dumbbells,1,2492,2492,24,1894,Net Banking,Delivered,4,6,40477276.30
501328,10454,24-09-2025,40,Male,Lucknow,Uttar Pradesh,Beauty & Personal Care,Personal Care,Himalaya Face Scrub,1,305,305,16,256,Credit Card,Delivered,5,3,40477276.30
501329,10733,20-04-2025,38,Male,Patna,Bihar,Beauty & Personal Care,Skincare,Minimalist Niacinamide Serum,1,620,620,30,434,Wallet,Cancelled,1,0,3077928.23
501330,10079,19-08-2026,35,Female,Gurugram,Haryana,Electronics,Laptops,ASUS Vivobook 15,1,58753,58753,18,48177,UPI,Delivered,2,5,40477276.30
501331,10451,03-04-2025,33,Female,Indore,Madhya Pradesh,Home & Kitchen,Furniture,Office Chair,1,7944,7944,28,5720,Cash on Delivery,Returned,4,4,1813400.65
501332,10816,01-04-2025,18,Male,Jaipur,Rajasthan,Grocery,Staples,Aashirvaad Atta 5kg,3,311,933,28,671,Cash on Delivery,Delivered,5,5,40477276.30
501333,10450,23-06-2026,22,Male,Nagpur,Maharashtra,Home & Kitchen,Kitchen Appliances,Bajaj Air Fryer,1,4896,4896,23,3770,Net Banking,Delivered,4,3,40477276.30
501334,11140,13-01-2025,42,Male,Delhi,Delhi (NCT),Fashion,Men Clothing,Peter England Formal Shirt,1,2006,2006,6,1886,UPI,Delivered,2,4,40477276.30
501335,10357,12-02-2026,34,Female,Nagpur,Maharashtra,Fashion,Men Clothing,Levi's Slim Jeans,1,2497,2497,24,1898,Credit Card,Cancelled,4,0,3077928.23
501336,10146,15-01-2026,43,Female,Delhi,Delhi (NCT),Fashion,Footwear,Bata Formal Shoes,1,2407,2407,27,1757,UPI,Cancelled,5,0,3077928.23
501337,10764,19-09-2025,33,Female,Surat,Gujarat,Fashion,Footwear,Skechers Walking Shoes,2,6160,12321,28,8871,Wallet,Delivered,4,4,40477276.30
501338,10988,08-10-2025,44,Male,Mysuru,Karnataka,Electronics,Smartphones,Google Pixel 8a,2,52791,105583,18,86578,Credit Card,Delivered,4,3,40477276.30
501339,10967,19-01-2026,27,Male,Jaipur,Rajasthan,Sports,Accessories,Gym Gloves,1,634,634,13,551,UPI,Delivered,5,3,40477276.30
501340,10297,25-02-2025,44,Female,Indore,Madhya Pradesh,Beauty & Personal Care,Personal Care,Himalaya Face Scrub,2,304,607,24,462,Cash on Delivery,Delivered,4,2,40477276.30
501341,10888,01-11-2025,30,Male,Lucknow,Uttar Pradesh,Electronics,Laptops,ASUS Vivobook 15,1,57340,57340,25,43005,Debit Card,Delivered,5,4,40477276.30
501342,10679,08-02-2026,44,Female,Kochi,Kerala,Books,Fiction,Atomic Habits,1,578,578,23,445,Net Banking,Delivered,5,2,40477276.30
501343,10070,25-11-2025,27,Female,Chennai,Tamil Nadu,Fashion,Women Clothing,W Women Dress,2,2372,4744,29,3368,UPI,Delivered,5,7,40477276.30
501344,11117,27-03-2026,60,Male,Guwahati,Assam,Home & Kitchen,Storage,Cloth Organizer,1,734,734,23,565,UPI,Delivered,4,4,40477276.30
501345,10089,10-01-2026,28,Female,Mumbai,Maharashtra,Grocery,Household,Harpic Toilet Cleaner,1,210,210,6,198,Credit Card,Delivered,3,3,40477276.30
501346,11373,11-08-2026,19,Female,Ahmedabad,Gujarat,Electronics,Smartphones,Samsung Galaxy A55,1,40338,40338,8,37111,UPI,Delivered,4,4,40477276.30
501347,10633,30-03-2026,32,Female,Nashik,Maharashtra,Electronics,Smart Devices,Mi Smart Band 8,1,3434,3434,20,2747,UPI,Delivered,3,3,40477276.30
501348,10589,17-02-2026,43,Female,Mumbai,Maharashtra,Grocery,Beverages,Real Fruit Juice,1,177,177,26,131,Wallet,Delivered,4,4,40477276.30
501349,10061,31-01-2026,29,Female,Mumbai,Maharashtra,Electronics,Smart Devices,Amazon Echo Dot,1,5825,5825,9,5301,Debit Card,Cancelled,4,0,3077928.23
501350,10146,28-06-2025,43,Female,Delhi,Delhi (NCT),Fashion,Accessories,Fastrack Analog Watch,1,2381,2381,8,2191,UPI,Delivered,5,3,40477276.30
501351,10242,09-06-2025,33,Male,Nagpur,Maharashtra,Grocery,Staples,Fortune Sunflower Oil 1L,5,160,801,16,673,UPI,Delivered,4,2,40477276.30
501352,10840,17-10-2025,32,Male,Pune,Maharashtra,Electronics,Smart Devices,Amazon Echo Dot,1,5272,5272,19,4270,Debit Card,Delivered,4,1,40477276.30
501353,10547,05-12-2025,40,Male,Pune,Maharashtra,Fashion,Women Clothing,W Women Dress,4,2565,10259,11,9131,UPI,Delivered,4,5,40477276.30
501354,10035,11-07-2026,43,Male,Bhubaneswar,Odisha,Grocery,Household,Harpic Toilet Cleaner,1,188,188,7,175,UPI,Delivered,3,6,40477276.30
501355,11223,22-02-2026,41,Female,Mumbai,Maharashtra,Electronics,Audio,OnePlus Buds 3,1,5402,5402,5,5132,Credit Card,Cancelled,3,0,3077928.23
501356,10068,23-11-2025,45,Male,Ranchi,Jharkhand,Home & Kitchen,Furniture,Office Chair,1,7968,7968,29,5658,Debit Card,Delivered,5,7,40477276.30
501357,10858,25-06-2026,39,Male,Indore,Madhya Pradesh,Fashion,Men Clothing,Peter England Formal Shirt,1,1843,1843,9,1678,Debit Card,Cancelled,2,0,3077928.23
501358,10084,12-01-2026,28,Male,Gurugram,Haryana,Beauty & Personal Care,Personal Care,Nivea Body Lotion,1,349,349,16,293,UPI,Returned,2,7,1813400.65
501359,10115,26-03-2026,32,Male,Nashik,Maharashtra,Home & Kitchen,Kitchen Appliances,Philips Mixer Grinder,2,3379,6758,14,5812,Net Banking,Delivered,4,1,40477276.30
501360,11195,10-02-2026,16,Male,Bengaluru,Karnataka,Fashion,Footwear,Skechers Walking Shoes,1,5824,5824,13,5066,Credit Card,Delivered,5,4,40477276.30
501361,11037,24-07-2025,21,Male,Mumbai,Maharashtra,Home & Kitchen,Storage,Kitchen Storage Jars,1,1218,1218,6,1145,UPI,Delivered,4,6,40477276.30
501362,10634,19-03-2025,29,Male,Pune,Maharashtra,Grocery,Household,Surf Excel Detergent,1,706,706,7,656,Credit Card,Delivered,3,6,40477276.30
501363,10385,19-05-2025,26,Male,Hyderabad,Telangana,Beauty & Personal Care,Personal Care,Himalaya Face Scrub,1,300,300,22,234,Credit Card,Delivered,5,2,40477276.30
501364,10179,20-10-2025,31,Male,Gurugram,Haryana,Home & Kitchen,Home Decor,Wall Art Set,4,1247,4987,10,4488,Credit Card,Delivered,4,4,40477276.30
501365,10884,01-09-2025,45,Female,Jaipur,Rajasthan,Grocery,Snacks,Kurkure Masala Munch,2,39,79,8,72,UPI,Delivered,5,4,40477276.30
501366,11421,20-06-2025,40,Female,Bengaluru,Karnataka,Fashion,Accessories,Wildcraft Backpack,1,2085,2085,5,1980,Cash on Delivery,Delivered,1,5,40477276.30
501367,11029,28-04-2025,41,Male,Pune,Maharashtra,Electronics,Smart Devices,Apple Watch SE,1,31560,31560,5,29982,Credit Card,Delivered,4,2,40477276.30
501368,11309,14-04-2026,46,Male,Patna,Bihar,Fashion,Accessories,Titan Wallet,1,1540,1540,26,1139,UPI,Delivered,3,3,40477276.30
501369,10336,23-07-2026,32,Female,Vadodara,Gujarat,Beauty & Personal Care,Personal Care,Nivea Body Lotion,1,363,363,25,273,UPI,Delivered,4,6,40477276.30
501370,10143,23-01-2025,16,Male,Kolkata,West Bengal,Home & Kitchen,Kitchen Appliances,Bajaj Air Fryer,1,5237,5237,3,5080,Credit Card,Delivered,3,5,40477276.30
501371,10387,19-06-2026,38,Female,Mumbai,Maharashtra,Beauty & Personal Care,Skincare,The Derma Co Sunscreen,1,497,497,6,467,Cash on Delivery,Delivered,4,2,40477276.30
501372,10004,08-10-2025,51,Female,Ahmedabad,Gujarat,Electronics,Smartphones,Samsung Galaxy A55,2,39081,78161,16,65656,Credit Card,Cancelled,4,0,3077928.23
501373,10203,13-12-2025,46,Male,Gurugram,Haryana,Beauty & Personal Care,Skincare,Minimalist Niacinamide Serum,2,597,1193,30,835,Debit Card,Delivered,5,1,40477276.30
501374,10037,14-02-2025,36,Male,Coimbatore,Tamil Nadu,Grocery,Snacks,Haldiram's Bhujia,5,184,919,23,708,UPI,Delivered,3,4,40477276.30
501375,10936,20-12-2025,28,Female,Pune,Maharashtra,Books,Self-Help,The 7 Habits of Highly Effective People,1,714,714,24,543,UPI,Delivered,4,5,40477276.30
501376,10078,12-07-2026,31,Male,Delhi,Delhi (NCT),Electronics,Smartphones,OnePlus Nord CE 4,1,24211,24211,26,17916,Credit Card,Delivered,5,3,40477276.30
501377,10109,11-10-2025,37,Male,Kochi,Kerala,Fashion,Women Clothing,W Women Dress,1,2370,2370,17,1967,Net Banking,Delivered,4,6,40477276.30
501378,10801,22-05-2025,44,Female,Coimbatore,Tamil Nadu,Electronics,Laptops,HP Pavilion 14,1,60882,60882,13,52967,Debit Card,Delivered,5,2,40477276.30
501379,11272,22-05-2025,41,Male,Indore,Madhya Pradesh,Fashion,Footwear,Bata Formal Shoes,1,2638,2638,21,2084,UPI,Delivered,4,3,40477276.30
501380,10904,30-04-2026,48,Male,Indore,Madhya Pradesh,Electronics,Audio,OnePlus Buds 3,2,5331,10661,5,10128,UPI,Cancelled,3,0,3077928.23
501381,11342,08-04-2025,34,Male,Chandigarh,Chandigarh (UT),Books,Academic,Python Programming,2,735,1471,22,1147,UPI,Delivered,5,2,40477276.30
501382,11037,14-04-2025,21,Male,Mumbai,Maharashtra,Sports,Outdoor Sports,Nivia Basketball,1,957,957,7,890,Debit Card,Delivered,5,4,40477276.30
501383,10633,18-03-2025,32,Female,Nashik,Maharashtra,Electronics,Smartphones,Google Pixel 8a,2,53993,107985,12,95027,Debit Card,Delivered,4,3,40477276.30
501384,10488,15-06-2026,22,Male,Kolkata,West Bengal,Fashion,Footwear,Nike Revolution Running Shoes,1,4809,4809,10,4328,UPI,Delivered,5,5,40477276.30
501385,10217,10-07-2026,25,Female,Bengaluru,Karnataka,Grocery,Household,Surf Excel Detergent,1,680,680,19,551,UPI,Delivered,5,3,40477276.30
501386,10561,31-01-2026,37,Female,Ranchi,Jharkhand,Home & Kitchen,Furniture,Study Table,1,6271,6271,15,5330,Debit Card,Delivered,5,3,40477276.30
501387,11366,27-08-2025,32,Female,Gurugram,Haryana,Beauty & Personal Care,Personal Care,Dove Body Wash,1,396,396,30,277,Debit Card,Delivered,5,2,40477276.30
501388,11423,15-03-2025,30,Female,Bengaluru,Karnataka,Sports,Fitness Equipment,Adjustable Dumbbells,1,2446,2446,13,2128,UPI,Delivered,4,5,40477276.30
501389,11439,23-10-2025,39,Female,Kochi,Kerala,Electronics,Laptops,Dell Inspiron 15,1,57907,57907,27,42272,Credit Card,Delivered,3,3,40477276.30
501390,10321,30-07-2026,35,Male,Kochi,Kerala,Fashion,Men Clothing,Peter England Formal Shirt,1,1952,1952,16,1640,Credit Card,Delivered,3,3,40477276.30
501391,10679,25-04-2026,44,Female,Kochi,Kerala,Grocery,Snacks,Haldiram's Bhujia,1,178,178,6,167,Credit Card,Delivered,5,7,40477276.30
501392,10019,20-04-2025,24,Female,Surat,Gujarat,Fashion,Women Clothing,Libas Anarkali Kurta,2,1952,3904,12,3436,Debit Card,Delivered,4,5,40477276.30
501393,10647,01-08-2025,15,Female,Gurugram,Haryana,Fashion,Footwear,Puma Sneakers,1,4056,4056,6,3812,UPI,Delivered,4,2,40477276.30
501394,10223,17-07-2026,42,Female,Mumbai,Maharashtra,Beauty & Personal Care,Personal Care,Dove Body Wash,2,387,775,25,581,UPI,Delivered,4,4,40477276.30
501395,10529,17-11-2025,37,Male,Surat,Gujarat,Home & Kitchen,Home Decor,Wall Art Set,2,1272,2544,3,2468,UPI,Delivered,5,5,40477276.30
501396,10182,27-03-2026,25,Female,Surat,Gujarat,Grocery,Snacks,Haldiram's Bhujia,1,170,170,30,119,Wallet,Delivered,4,2,40477276.30
501397,10693,22-04-2026,22,Male,Ranchi,Jharkhand,Sports,Sportswear,Adidas Track Pants,2,2583,5166,20,4133,Cash on Delivery,Delivered,5,2,40477276.30
501398,11342,20-05-2026,34,Male,Chandigarh,Chandigarh (UT),Grocery,Household,Colin Glass Cleaner,1,151,151,24,115,UPI,Returned,2,6,1813400.65
501399,10375,24-01-2026,58,Female,Nashik,Maharashtra,Fashion,Women Clothing,Aurelia Palazzo Set,3,2369,7108,25,5331,UPI,Delivered,4,6,40477276.30
501400,10746,17-07-2025,26,Male,Visakhapatnam,Andhra Pradesh,Home & Kitchen,Home Decor,Wall Art Set,1,1229,1229,12,1081,UPI,Delivered,4,2,40477276.30
501401,10029,28-06-2025,27,Female,Vadodara,Gujarat,Sports,Accessories,Fitbit Fitness Tracker,1,7536,7536,16,6330,UPI,Cancelled,4,0,3077928.23
501402,10693,03-12-2025,22,Male,Ranchi,Jharkhand,Beauty & Personal Care,Makeup,Colorbar Eyeliner,2,489,979,26,724,Net Banking,Cancelled,1,0,3077928.23
501403,10856,04-06-2025,28,Male,Hyderabad,Telangana,Grocery,Beverages,Tata Tea Gold,2,261,523,8,481,UPI,Delivered,4,2,40477276.30
501404,11152,19-07-2025,15,Male,Ahmedabad,Gujarat,Books,Academic,Python Programming,1,670,670,28,482,UPI,Delivered,4,2,40477276.30
501405,10146,14-06-2026,43,Female,Delhi,Delhi (NCT),Sports,Sportswear,Adidas Track Pants,1,2426,2426,22,1892,UPI,Delivered,5,2,40477276.30
501406,10132,19-08-2025,35,Female,Delhi,Delhi (NCT),Grocery,Snacks,Parle-G Biscuits,2,47,95,21,75,Net Banking,Delivered,4,1,40477276.30
501407,10489,22-03-2026,53,Male,Bengaluru,Karnataka,Electronics,Smart Devices,Mi Smart Band 8,1,3678,3678,30,2574,Credit Card,Delivered,5,2,40477276.30
501408,10521,08-08-2026,16,Female,Delhi,Delhi (NCT),Grocery,Beverages,Tata Tea Gold,1,261,261,13,227,Debit Card,Delivered,5,3,40477276.30
501409,10640,01-01-2025,20,Female,Lucknow,Uttar Pradesh,Beauty & Personal Care,Personal Care,Dove Body Wash,1,420,420,29,299,Net Banking,Cancelled,4,0,3077928.23
501410,10745,19-02-2025,40,Female,Bhopal,Madhya Pradesh,Grocery,Staples,Aashirvaad Atta 5kg,5,304,1518,23,1169,Wallet,Delivered,4,2,40477276.30
501411,10928,06-02-2025,38,Female,Mumbai,Maharashtra,Beauty & Personal Care,Personal Care,Himalaya Face Scrub,1,292,292,11,260,Credit Card,Delivered,5,2,40477276.30
501412,10152,11-08-2025,38,Male,Patna,Bihar,Beauty & Personal Care,Makeup,Lakme Lipstick,1,570,570,2,558,UPI,Delivered,5,2,40477276.30
501413,10930,16-01-2025,33,Female,Ahmedabad,Gujarat,Beauty & Personal Care,Haircare,L'Oreal Shampoo,1,569,569,16,478,Credit Card,Delivered,5,5,40477276.30
501414,11285,01-07-2025,25,Female,Noida,Uttar Pradesh,Books,Non-Fiction,Think Like a Monk,1,395,395,28,284,Credit Card,Delivered,5,3,40477276.30
501415,11059,20-03-2026,40,Male,Lucknow,Uttar Pradesh,Electronics,Audio,Sony WH-CH520,1,4583,4583,25,3437,Credit Card,Delivered,5,2,40477276.30
501416,10191,08-04-2026,29,Male,Visakhapatnam,Andhra Pradesh,Home & Kitchen,Kitchen Appliances,Prestige Electric Kettle,2,1784,3568,8,3283,Debit Card,Delivered,4,4,40477276.30
501417,11082,20-09-2025,30,Female,Bhopal,Madhya Pradesh,Home & Kitchen,Furniture,Bedside Table,3,3418,10255,20,8204,Debit Card,Delivered,5,2,40477276.30
501418,11249,08-03-2025,37,Male,Bengaluru,Karnataka,Beauty & Personal Care,Skincare,Neutrogena Moisturizer,1,751,751,15,639,UPI,Delivered,5,6,40477276.30
501419,10244,17-07-2026,44,Female,Indore,Madhya Pradesh,Home & Kitchen,Home Decor,Wall Art Set,1,1239,1239,2,1214,Credit Card,Cancelled,2,0,3077928.23
501420,10292,17-01-2026,29,Female,Mumbai,Maharashtra,Home & Kitchen,Home Decor,Wooden Photo Frame,1,696,696,20,557,Credit Card,Delivered,4,2,40477276.30
501421,10602,16-07-2026,24,Female,Mumbai,Maharashtra,Sports,Fitness Equipment,Resistance Bands Set,1,710,710,22,554,UPI,Delivered,2,2,40477276.30
501422,10555,07-12-2025,38,Male,Jaipur,Rajasthan,Fashion,Men Clothing,Allen Solly Polo T-Shirt,1,1599,1599,23,1231,Debit Card,Delivered,5,6,40477276.30
501423,10884,01-05-2026,45,Female,Jaipur,Rajasthan,Electronics,Smart Devices,Amazon Echo Dot,1,5514,5514,13,4797,UPI,Delivered,4,4,40477276.30
501424,10013,20-09-2025,37,Male,Vadodara,Gujarat,Electronics,Smartphones,Apple iPhone 15,1,66513,66513,29,47224,Cash on Delivery,Delivered,5,5,40477276.30
501425,11320,30-11-2025,32,Male,Delhi,Delhi (NCT),Fashion,Women Clothing,Biba Printed Kurta,1,1859,1859,27,1357,UPI,Delivered,4,3,40477276.30
501426,11319,08-03-2026,27,Female,Dehradun,Uttarakhand,Sports,Accessories,Gym Gloves,1,615,615,5,584,UPI,Delivered,4,1,40477276.30
501427,11008,27-04-2025,41,Female,Delhi,Delhi (NCT),Sports,Sportswear,Adidas Track Pants,1,2629,2629,23,2025,UPI,Delivered,1,2,40477276.30
501428,10080,16-08-2025,15,Female,Chennai,Tamil Nadu,Fashion,Accessories,Fastrack Analog Watch,1,2487,2487,24,1890,UPI,Delivered,5,6,40477276.30
501429,11427,20-02-2026,57,Male,Chennai,Tamil Nadu,Grocery,Household,Harpic Toilet Cleaner,1,190,190,16,160,UPI,Delivered,1,2,40477276.30
501430,10827,17-08-2026,51,Female,Delhi,Delhi (NCT),Books,Fiction,Atomic Habits,2,635,1269,4,1218,UPI,Cancelled,4,0,3077928.23
501431,10479,13-03-2025,68,Female,Patna,Bihar,Electronics,Smart Devices,Amazon Echo Dot,1,5602,5602,11,4986,Debit Card,Delivered,5,4,40477276.30
501432,10347,28-02-2025,18,Female,Bengaluru,Karnataka,Beauty & Personal Care,Personal Care,Dove Body Wash,1,421,421,24,320,Debit Card,Delivered,4,7,40477276.30
501433,10126,27-07-2026,58,Male,Mumbai,Maharashtra,Beauty & Personal Care,Skincare,Minimalist Niacinamide Serum,2,614,1227,10,1105,UPI,Delivered,3,6,40477276.30
501434,10016,21-05-2025,28,Non-Binary,Indore,Madhya Pradesh,Fashion,Accessories,Lavie Handbag,4,2345,9381,13,8162,UPI,Delivered,5,3,40477276.30
501435,11099,01-01-2026,44,Female,Surat,Gujarat,Fashion,Women Clothing,Aurelia Palazzo Set,1,2225,2225,30,1557,Debit Card,Delivered,4,5,40477276.30
501436,10373,31-03-2025,50,Male,Noida,Uttar Pradesh,Fashion,Footwear,Skechers Walking Shoes,1,5999,5999,5,5699,Debit Card,Delivered,5,4,40477276.30
501437,11215,23-12-2025,31,Female,Mumbai,Maharashtra,Sports,Accessories,Sports Water Bottle,5,496,2479,12,2181,UPI,Delivered,5,3,40477276.30
501438,11043,31-01-2026,46,Female,Mumbai,Maharashtra,Fashion,Accessories,Lavie Handbag,1,2235,2235,20,1788,Net Banking,Delivered,1,3,40477276.30
501439,10183,21-02-2026,22,Male,Gurugram,Haryana,Home & Kitchen,Furniture,Study Table,1,6803,6803,29,4830,Credit Card,Delivered,4,2,40477276.30
501440,10427,28-08-2025,23,Female,Ranchi,Jharkhand,Beauty & Personal Care,Skincare,Neutrogena Moisturizer,1,763,763,22,595,Credit Card,Delivered,5,2,40477276.30
501441,11081,24-02-2026,30,Female,Gurugram,Haryana,Fashion,Men Clothing,Roadster Casual Shirt,1,1369,1369,26,1013,Debit Card,Delivered,5,4,40477276.30
501442,11445,26-07-2026,38,Female,Chandigarh,Chandigarh (UT),Home & Kitchen,Home Decor,Artificial Plant,2,803,1606,11,1430,Net Banking,Returned,4,5,1813400.65
501443,11243,12-04-2025,28,Female,Bengaluru,Karnataka,Home & Kitchen,Furniture,Office Chair,5,8203,41016,19,33223,UPI,Delivered,3,7,40477276.30
501444,10355,24-07-2025,34,Male,Patna,Bihar,Home & Kitchen,Storage,Plastic Storage Box Set,2,1007,2014,4,1933,Cash on Delivery,Delivered,2,5,40477276.30
501445,10108,27-02-2026,36,Female,Gurugram,Haryana,Electronics,Smart Devices,Apple Watch SE,1,31516,31516,25,23637,Debit Card,Delivered,3,3,40477276.30
501446,11449,22-07-2026,48,Female,Bengaluru,Karnataka,Fashion,Accessories,Fastrack Analog Watch,1,2481,2481,3,2406,UPI,Delivered,4,5,40477276.30
501447,11058,24-03-2025,47,Female,Mumbai,Maharashtra,Electronics,Smart Devices,Samsung Galaxy Watch,2,24024,48048,14,41321,UPI,Delivered,5,4,40477276.30
501448,10871,24-06-2025,32,Female,Surat,Gujarat,Fashion,Men Clothing,Allen Solly Polo T-Shirt,3,1679,5036,23,3877,UPI,Delivered,5,4,40477276.30
501449,11012,24-08-2025,36,Female,Mumbai,Maharashtra,Home & Kitchen,Kitchen Appliances,Havells OTG Oven,1,7380,7380,26,5461,UPI,Delivered,3,3,40477276.30
501450,11423,05-06-2026,30,Female,Bengaluru,Karnataka,Fashion,Men Clothing,Peter England Formal Shirt,1,1819,1819,15,1547,Wallet,Delivered,5,2,40477276.30
501451,10020,16-08-2026,18,Male,Delhi,Delhi (NCT),Electronics,Laptops,Lenovo IdeaPad Slim 5,1,61865,61865,9,56297,Wallet,Delivered,5,2,40477276.30
501452,10848,16-03-2026,61,Female,Gurugram,Haryana,Fashion,Footwear,Nike Revolution Running Shoes,1,5031,5031,16,4226,UPI,Returned,2,7,1813400.65
501453,10060,29-06-2026,45,Female,Hyderabad,Telangana,Grocery,Household,Vim Dishwash Liquid,3,206,619,26,458,UPI,Returned,4,6,1813400.65
501454,11071,27-01-2025,33,Female,Mysuru,Karnataka,Books,Fiction,The Silent Patient,1,474,474,27,346,UPI,Delivered,4,3,40477276.30
501455,11442,23-11-2025,47,Female,Gurugram,Haryana,Beauty & Personal Care,Haircare,Mamaearth Hair Serum,1,502,502,8,462,Cash on Delivery,Delivered,4,5,40477276.30
501456,10763,23-07-2026,62,Female,Delhi,Delhi (NCT),Fashion,Women Clothing,Biba Printed Kurta,1,1816,1816,26,1344,UPI,Delivered,4,5,40477276.30
501457,10494,01-09-2025,25,Female,Bhubaneswar,Odisha,Fashion,Men Clothing,Allen Solly Polo T-Shirt,4,1546,6184,2,6061,Credit Card,Delivered,3,3,40477276.30
501458,10329,28-08-2025,41,Male,Bhubaneswar,Odisha,Grocery,Snacks,Parle-G Biscuits,4,51,205,18,168,Credit Card,Delivered,5,3,40477276.30
501459,10365,13-03-2025,42,Male,Mumbai,Maharashtra,Grocery,Snacks,Haldiram's Bhujia,1,190,190,8,175,Credit Card,Delivered,5,2,40477276.30
501460,10324,27-08-2025,57,Female,Pune,Maharashtra,Electronics,Smartphones,Apple iPhone 15,1,72232,72232,12,63564,Net Banking,Cancelled,2,0,3077928.23
501461,10162,18-05-2026,43,Male,Lucknow,Uttar Pradesh,Fashion,Footwear,Skechers Walking Shoes,2,6165,12330,14,10604,UPI,Returned,4,1,1813400.65
501462,11262,20-10-2025,35,Female,Noida,Uttar Pradesh,Electronics,Audio,OnePlus Buds 3,1,5659,5659,24,4301,Debit Card,Delivered,5,5,40477276.30
501463,10113,15-06-2025,35,Female,Bengaluru,Karnataka,Home & Kitchen,Home Decor,Wooden Photo Frame,1,727,727,25,545,UPI,Returned,3,2,1813400.65
501464,10306,28-07-2025,35,Female,Surat,Gujarat,Home & Kitchen,Storage,Wardrobe Organizer,3,942,2827,26,2092,Cash on Delivery,Delivered,3,1,40477276.30
501465,10194,27-01-2025,20,Male,Pune,Maharashtra,Home & Kitchen,Kitchen Appliances,Bajaj Air Fryer,1,4999,4999,24,3799,Debit Card,Delivered,4,2,40477276.30
501466,10010,31-05-2026,40,Female,Bengaluru,Karnataka,Home & Kitchen,Kitchen Appliances,Philips Mixer Grinder,1,3108,3108,7,2891,UPI,Cancelled,5,0,3077928.23
501467,10009,16-06-2026,29,Female,Delhi,Delhi (NCT),Books,Fiction,Ikigai,1,419,419,28,302,UPI,Delivered,1,3,40477276.30
501468,10054,03-08-2026,41,Male,Bengaluru,Karnataka,Beauty & Personal Care,Personal Care,Himalaya Face Scrub,4,317,1267,21,1001,UPI,Delivered,5,3,40477276.30
501469,10389,19-04-2026,44,Female,Chandigarh,Chandigarh (UT),Electronics,Audio,boAt Airdopes 141,1,1502,1502,8,1381,UPI,Delivered,5,3,40477276.30
501470,11339,08-08-2025,30,Male,Kolkata,West Bengal,Fashion,Men Clothing,Allen Solly Polo T-Shirt,2,1658,3316,3,3217,UPI,Delivered,5,4,40477276.30
501471,11229,14-12-2025,45,Female,Delhi,Delhi (NCT),Electronics,Laptops,HP Pavilion 14,2,61753,123506,24,93864,Credit Card,Delivered,5,3,40477276.30
501472,10461,19-04-2026,56,Male,Patna,Bihar,Fashion,Men Clothing,Peter England Formal Shirt,4,1807,7230,7,6724,UPI,Delivered,3,1,40477276.30
501473,10561,18-12-2025,37,Female,Ranchi,Jharkhand,Grocery,Beverages,Tata Tea Gold,1,270,270,22,210,Wallet,Delivered,5,3,40477276.30
501474,10109,08-08-2025,37,Male,Kochi,Kerala,Beauty & Personal Care,Personal Care,Himalaya Face Scrub,5,315,1573,26,1164,UPI,Delivered,5,2,40477276.30
501475,10925,18-02-2026,47,Non-Binary,Lucknow,Uttar Pradesh,Beauty & Personal Care,Personal Care,Gillette Shaving Kit,1,610,610,13,531,Net Banking,Delivered,4,3,40477276.30
501476,11215,26-03-2026,31,Female,Mumbai,Maharashtra,Home & Kitchen,Furniture,Bookshelf,1,5952,5952,10,5357,UPI,Delivered,3,4,40477276.30
501477,11284,21-12-2025,45,Male,Bengaluru,Karnataka,Electronics,Audio,boAt Airdopes 141,1,1483,1483,24,1127,Debit Card,Delivered,5,3,40477276.30
501478,10248,10-10-2025,27,Female,Jaipur,Rajasthan,Grocery,Household,Surf Excel Detergent,5,660,3302,22,2575,Debit Card,Delivered,3,1,40477276.30
501479,10229,29-01-2026,26,Male,Lucknow,Uttar Pradesh,Sports,Accessories,Fitbit Fitness Tracker,1,8058,8058,6,7575,UPI,Delivered,4,2,40477276.30
501480,10935,07-06-2026,39,Male,Chennai,Tamil Nadu,Beauty & Personal Care,Haircare,Mamaearth Hair Serum,2,513,1027,22,801,UPI,Delivered,5,4,40477276.30
501481,10111,18-11-2025,15,Male,Chandigarh,Chandigarh (UT),Fashion,Women Clothing,Libas Anarkali Kurta,2,2093,4186,18,3432,UPI,Delivered,5,3,40477276.30
501482,11014,25-02-2025,26,Male,Vadodara,Gujarat,Sports,Sportswear,Puma Training Shorts,2,1902,3804,17,3158,Debit Card,Delivered,3,4,40477276.30
501483,11280,10-12-2025,31,Male,Chennai,Tamil Nadu,Electronics,Audio,OnePlus Buds 3,1,5665,5665,5,5381,Debit Card,Delivered,4,6,40477276.30
501484,10078,16-05-2026,31,Male,Delhi,Delhi (NCT),Grocery,Household,Colin Glass Cleaner,1,156,156,19,126,UPI,Delivered,3,4,40477276.30
501485,10855,28-10-2025,50,Male,Chennai,Tamil Nadu,Beauty & Personal Care,Personal Care,Gillette Shaving Kit,1,635,635,28,457,UPI,Delivered,2,4,40477276.30
501486,10925,19-09-2025,47,Non-Binary,Lucknow,Uttar Pradesh,Fashion,Accessories,Titan Wallet,1,1464,1464,29,1039,UPI,Delivered,4,2,40477276.30
501487,10582,08-11-2025,29,Male,Ahmedabad,Gujarat,Fashion,Footwear,Bata Formal Shoes,1,2405,2405,8,2212,Debit Card,Delivered,4,4,40477276.30
501488,10807,15-08-2025,36,Male,Hyderabad,Telangana,Home & Kitchen,Storage,Wardrobe Organizer,1,889,889,9,809,UPI,Delivered,4,2,40477276.30
501489,10525,24-01-2025,26,Female,Chandigarh,Chandigarh (UT),Home & Kitchen,Furniture,Study Table,1,6399,6399,28,4607,UPI,Delivered,5,3,40477276.30
501490,10496,07-03-2026,40,Female,Kolkata,West Bengal,Fashion,Women Clothing,Libas Anarkali Kurta,1,1937,1937,23,1492,Credit Card,Delivered,4,5,40477276.30
501491,10204,06-06-2025,46,Male,Kochi,Kerala,Electronics,Smartphones,Google Pixel 8a,3,52932,158796,21,125449,UPI,Delivered,4,1,40477276.30
501492,11350,04-12-2025,32,Male,Delhi,Delhi (NCT),Beauty & Personal Care,Skincare,Minimalist Niacinamide Serum,1,606,606,16,509,Debit Card,Delivered,5,1,40477276.30
501493,11404,01-01-2025,42,Male,Visakhapatnam,Andhra Pradesh,Beauty & Personal Care,Skincare,Cetaphil Face Wash,3,698,2093,3,2030,UPI,Delivered,5,4,40477276.30
501494,10759,31-05-2026,25,Male,Surat,Gujarat,Electronics,Smartphones,Samsung Galaxy A55,2,38574,77148,9,70204,Debit Card,Delivered,5,2,40477276.30
501495,10014,25-02-2025,15,Male,Kochi,Kerala,Home & Kitchen,Home Decor,Wooden Photo Frame,1,713,713,15,606,UPI,Delivered,5,5,40477276.30
501496,11221,24-06-2026,21,Male,Pune,Maharashtra,Electronics,Laptops,Lenovo IdeaPad Slim 5,5,64658,323291,25,242468,Credit Card,Delivered,5,3,40477276.30
501497,10506,21-01-2025,29,Female,Bengaluru,Karnataka,Fashion,Accessories,Lavie Handbag,1,2282,2282,23,1757,UPI,Delivered,5,5,40477276.30
501498,10107,13-06-2026,55,Male,Lucknow,Uttar Pradesh,Electronics,Smartphones,Samsung Galaxy A55,1,38704,38704,18,31738,Credit Card,Delivered,4,4,40477276.30
501499,10701,13-01-2025,28,Male,Bhopal,Madhya Pradesh,Fashion,Accessories,Lavie Handbag,2,2306,4613,6,4336,UPI,Delivered,3,5,40477276.30
501500,10749,15-07-2025,27,Male,Lucknow,Uttar Pradesh,Fashion,Women Clothing,Aurelia Palazzo Set,1,2176,2176,30,1523,UPI,Delivered,5,4,40477276.30
501501,11301,20-08-2026,27,Male,Mysuru,Karnataka,Beauty & Personal Care,Skincare,Cetaphil Face Wash,1,714,714,14,614,Credit Card,Delivered,4,3,40477276.30
501502,10066,20-09-2025,49,Male,Indore,Madhya Pradesh,Sports,Accessories,Sports Water Bottle,2,495,989,8,910,Cash on Delivery,Delivered,5,4,40477276.30
501503,10483,15-07-2026,16,Female,Pune,Maharashtra,Home & Kitchen,Home Decor,Wall Art Set,1,1264,1264,20,1011,Credit Card,Delivered,5,1,40477276.30
501504,10679,14-10-2025,44,Female,Kochi,Kerala,Electronics,Laptops,Dell Inspiron 15,1,55598,55598,21,43922,Credit Card,Delivered,5,3,40477276.30
501505,10677,29-06-2026,22,Male,Lucknow,Uttar Pradesh,Home & Kitchen,Furniture,Bookshelf,1,5811,5811,14,4997,Cash on Delivery,Delivered,5,1,40477276.30
501506,10664,09-08-2025,28,Male,Kolkata,West Bengal,Sports,Outdoor Sports,SG Cricket Bat,2,3394,6787,6,6380,Cash on Delivery,Delivered,5,3,40477276.30
501507,11281,04-03-2025,35,Male,Kochi,Kerala,Home & Kitchen,Kitchen Appliances,Havells OTG Oven,1,7008,7008,23,5396,UPI,Delivered,5,6,40477276.30
501508,11161,07-01-2026,15,Male,Bengaluru,Karnataka,Grocery,Beverages,Tata Tea Gold,1,269,269,18,221,UPI,Delivered,5,6,40477276.30
501509,10530,28-10-2025,24,Male,Mysuru,Karnataka,Grocery,Household,Vim Dishwash Liquid,1,192,192,21,152,Credit Card,Cancelled,3,0,3077928.23
501510,11133,27-06-2025,52,Female,Bhopal,Madhya Pradesh,Home & Kitchen,Kitchen Appliances,Havells OTG Oven,1,6633,6633,11,5904,Debit Card,Delivered,5,5,40477276.30
501511,10170,28-12-2025,26,Male,Guwahati,Assam,Grocery,Snacks,Parle-G Biscuits,3,49,148,29,105,Debit Card,Delivered,3,2,40477276.30
501512,10107,14-07-2026,55,Male,Lucknow,Uttar Pradesh,Fashion,Footwear,Bata Formal Shoes,1,2374,2374,16,1994,UPI,Delivered,4,2,40477276.30
501513,10498,14-04-2026,32,Female,Chennai,Tamil Nadu,Electronics,Smartphones,Google Pixel 8a,1,50475,50475,18,41390,Net Banking,Delivered,4,5,40477276.30
501514,10882,29-12-2025,28,Male,Kolkata,West Bengal,Sports,Outdoor Sports,Cosco Football,1,862,862,23,664,UPI,Delivered,4,5,40477276.30
501515,10445,03-03-2025,20,Male,Delhi,Delhi (NCT),Sports,Accessories,Sports Water Bottle,1,505,505,7,470,Debit Card,Delivered,4,7,40477276.30
501516,11008,12-01-2025,41,Female,Delhi,Delhi (NCT),Sports,Accessories,Gym Gloves,5,586,2931,5,2784,UPI,Delivered,3,3,40477276.30
501517,10896,28-03-2026,41,Female,Bengaluru,Karnataka,Fashion,Men Clothing,Peter England Formal Shirt,1,1873,1873,29,1330,UPI,Delivered,4,6,40477276.30
501518,10894,07-08-2025,47,Male,Ahmedabad,Gujarat,Electronics,Audio,boAt Airdopes 141,2,1452,2904,26,2149,UPI,Delivered,4,5,40477276.30
501519,10426,14-07-2026,49,Male,Guwahati,Assam,Electronics,Smart Devices,Samsung Galaxy Watch,1,26473,26473,9,24090,UPI,Delivered,4,4,40477276.30
501520,10405,07-05-2026,29,Female,Delhi,Delhi (NCT),Electronics,Audio,JBL Tune 770NC,1,6325,6325,21,4997,UPI,Returned,3,4,1813400.65
501521,11197,07-06-2026,34,Female,Dehradun,Uttarakhand,Home & Kitchen,Kitchen Appliances,Prestige Electric Kettle,1,1840,1840,3,1785,UPI,Returned,4,3,1813400.65
501522,10392,13-05-2025,39,Female,Hyderabad,Telangana,Sports,Sportswear,Nike Dri-FIT T-Shirt,2,1952,3905,20,3124,Cash on Delivery,Delivered,2,5,40477276.30
501523,11325,23-01-2026,35,Male,Guwahati,Assam,Home & Kitchen,Home Decor,Decorative Table Lamp,2,1907,3813,12,3356,Debit Card,Delivered,5,4,40477276.30
501524,11254,25-02-2026,38,Male,Bengaluru,Karnataka,Books,Fiction,Ikigai,1,414,414,27,302,UPI,Delivered,5,2,40477276.30
501525,10366,15-09-2025,30,Male,Mumbai,Maharashtra,Electronics,Smartphones,Google Pixel 8a,1,51173,51173,19,41450,Debit Card,Delivered,5,4,40477276.30
501526,10353,29-01-2026,43,Male,Delhi,Delhi (NCT),Beauty & Personal Care,Personal Care,Nivea Body Lotion,1,334,334,14,287,Cash on Delivery,Delivered,5,7,40477276.30
501527,10867,22-04-2026,37,Male,Kochi,Kerala,Fashion,Women Clothing,Libas Anarkali Kurta,1,2086,2086,6,1961,Credit Card,Delivered,4,2,40477276.30
501528,10168,19-08-2025,55,Female,Surat,Gujarat,Home & Kitchen,Home Decor,Artificial Plant,1,821,821,4,788,Cash on Delivery,Delivered,5,2,40477276.30
501529,11166,26-04-2025,61,Female,Lucknow,Uttar Pradesh,Electronics,Smartphones,Google Pixel 8a,1,56176,56176,18,46064,Cash on Delivery,Delivered,5,3,40477276.30
501530,11031,20-08-2026,31,Female,Jaipur,Rajasthan,Grocery,Household,Vim Dishwash Liquid,1,201,201,25,151,Wallet,Delivered,5,2,40477276.30
501531,10584,26-05-2026,59,Female,Hyderabad,Telangana,Home & Kitchen,Furniture,Bookshelf,1,5693,5693,6,5352,Net Banking,Delivered,4,4,40477276.30
501532,10701,24-09-2025,28,Male,Bhopal,Madhya Pradesh,Fashion,Women Clothing,Aurelia Palazzo Set,1,2404,2404,12,2116,Debit Card,Delivered,3,2,40477276.30
501533,10461,11-11-2025,56,Male,Patna,Bihar,Fashion,Women Clothing,W Women Dress,1,2501,2501,26,1851,UPI,Delivered,3,2,40477276.30
501534,10010,13-07-2026,40,Female,Bengaluru,Karnataka,Home & Kitchen,Storage,Plastic Storage Box Set,2,1028,2057,16,1728,Credit Card,Delivered,5,3,40477276.30
501535,11217,13-01-2025,27,Male,Delhi,Delhi (NCT),Electronics,Laptops,Dell Inspiron 15,1,54883,54883,12,48297,Credit Card,Delivered,5,6,40477276.30
501536,10281,10-10-2025,35,Male,Bengaluru,Karnataka,Fashion,Accessories,Fastrack Analog Watch,2,2495,4990,20,3992,Credit Card,Delivered,3,3,40477276.30
501537,11067,19-06-2025,20,Male,Bengaluru,Karnataka,Beauty & Personal Care,Makeup,Colorbar Eyeliner,1,523,523,28,377,UPI,Delivered,5,4,40477276.30
501538,11084,29-01-2025,57,Female,Delhi,Delhi (NCT),Grocery,Staples,Aashirvaad Atta 5kg,1,311,311,4,298,UPI,Delivered,5,2,40477276.30
501539,10695,16-07-2025,41,Female,Hyderabad,Telangana,Grocery,Staples,Tata Salt 1kg,2,31,63,27,46,UPI,Delivered,3,2,40477276.30
501540,11389,02-06-2025,34,Male,Bengaluru,Karnataka,Fashion,Footwear,Nike Revolution Running Shoes,1,4835,4835,11,4303,UPI,Delivered,4,4,40477276.30
501541,10234,20-08-2025,27,Female,Ahmedabad,Gujarat,Sports,Outdoor Sports,SG Cricket Bat,2,3572,7145,14,6144,UPI,Delivered,4,5,40477276.30
501542,10279,02-08-2025,35,Female,Bengaluru,Karnataka,Electronics,Smartphones,Apple iPhone 15,1,74011,74011,21,58469,Credit Card,Delivered,5,2,40477276.30
501543,11154,22-01-2025,19,Female,Chennai,Tamil Nadu,Beauty & Personal Care,Makeup,Maybelline Foundation,1,732,732,27,534,UPI,Delivered,5,2,40477276.30
501544,10357,31-03-2026,34,Female,Nagpur,Maharashtra,Beauty & Personal Care,Personal Care,Dove Body Wash,1,398,398,16,334,Cash on Delivery,Delivered,5,2,40477276.30
501545,10571,27-05-2025,34,Male,Nagpur,Maharashtra,Fashion,Women Clothing,Libas Anarkali Kurta,1,2095,2095,19,1697,Debit Card,Delivered,4,6,40477276.30
501546,10674,13-04-2025,30,Male,Pune,Maharashtra,Fashion,Women Clothing,W Women Dress,1,2599,2599,25,1949,Credit Card,Delivered,4,7,40477276.30
501547,10869,14-07-2025,41,Male,Ahmedabad,Gujarat,Beauty & Personal Care,Haircare,Tresemme Conditioner,1,470,470,22,367,UPI,Delivered,4,2,40477276.30
501548,10501,16-08-2026,44,Female,Bengaluru,Karnataka,Grocery,Beverages,Real Fruit Juice,1,177,177,25,133,Cash on Delivery,Delivered,4,6,40477276.30
501549,10826,23-09-2025,50,Female,Coimbatore,Tamil Nadu,Books,Self-Help,Rich Dad Poor Dad,1,395,395,12,347,Credit Card,Delivered,5,1,40477276.30
501550,10540,02-04-2025,28,Male,Bengaluru,Karnataka,Electronics,Smart Devices,Amazon Echo Dot,1,5389,5389,21,4257,UPI,Cancelled,4,0,3077928.23
501551,11214,27-05-2026,44,Male,Surat,Gujarat,Beauty & Personal Care,Haircare,Tresemme Conditioner,3,450,1351,4,1297,UPI,Delivered,4,3,40477276.30
501552,10407,03-06-2026,22,Male,Delhi,Delhi (NCT),Grocery,Beverages,Nescafe Classic,1,383,383,7,356,Cash on Delivery,Delivered,5,4,40477276.30
501553,11008,27-09-2025,41,Female,Delhi,Delhi (NCT),Fashion,Women Clothing,W Women Dress,1,2541,2541,10,2287,Cash on Delivery,Cancelled,2,0,3077928.23
501554,10270,26-04-2025,35,Male,Lucknow,Uttar Pradesh,Grocery,Household,Colin Glass Cleaner,1,152,152,14,131,UPI,Delivered,4,6,40477276.30
501555,11295,08-06-2026,35,Female,Hyderabad,Telangana,Fashion,Footwear,Nike Revolution Running Shoes,1,5201,5201,22,4057,UPI,Delivered,4,4,40477276.30
501556,10487,25-05-2025,27,Male,Bhopal,Madhya Pradesh,Grocery,Snacks,Parle-G Biscuits,1,49,49,15,42,UPI,Delivered,5,6,40477276.30
501557,10415,14-09-2025,38,Male,Kochi,Kerala,Books,Academic,Database Management Systems,1,890,890,23,685,Credit Card,Delivered,4,4,40477276.30
501558,10750,18-02-2025,19,Female,Surat,Gujarat,Beauty & Personal Care,Makeup,Colorbar Eyeliner,2,522,1044,23,804,Credit Card,Delivered,5,3,40477276.30
501559,10812,17-05-2025,29,Male,Mumbai,Maharashtra,Electronics,Smart Devices,Apple Watch SE,1,29117,29117,4,27952,Cash on Delivery,Delivered,3,3,40477276.30
501560,10894,05-03-2025,47,Male,Ahmedabad,Gujarat,Fashion,Women Clothing,Biba Printed Kurta,1,1820,1820,11,1620,Cash on Delivery,Delivered,4,4,40477276.30
501561,10859,17-05-2025,28,Male,Bhopal,Madhya Pradesh,Books,Self-Help,The Psychology of Money,3,624,1872,12,1648,UPI,Delivered,5,3,40477276.30
501562,10892,24-03-2026,40,Female,Patna,Bihar,Electronics,Laptops,Lenovo IdeaPad Slim 5,1,64459,64459,20,51567,Cash on Delivery,Delivered,4,5,40477276.30
501563,10300,22-12-2025,41,Female,Guwahati,Assam,Electronics,Laptops,ASUS Vivobook 15,1,56814,56814,29,40338,Credit Card,Cancelled,1,0,3077928.23
501564,10256,06-01-2026,29,Male,Ahmedabad,Gujarat,Electronics,Smart Devices,Mi Smart Band 8,1,3317,3317,28,2388,Cash on Delivery,Delivered,5,2,40477276.30
501565,10908,03-04-2025,42,Female,Jaipur,Rajasthan,Grocery,Snacks,Kurkure Masala Munch,2,42,84,16,71,Credit Card,Cancelled,4,0,3077928.23
501566,11168,08-07-2026,40,Female,Bhopal,Madhya Pradesh,Fashion,Women Clothing,Aurelia Palazzo Set,1,2342,2342,24,1780,UPI,Delivered,4,2,40477276.30
501567,10999,02-09-2025,28,Female,Indore,Madhya Pradesh,Home & Kitchen,Home Decor,Wall Art Set,1,1347,1347,19,1091,Net Banking,Delivered,2,4,40477276.30
501568,11202,12-01-2025,29,Female,Pune,Maharashtra,Sports,Fitness Equipment,Adjustable Dumbbells,1,2472,2472,27,1804,Credit Card,Delivered,5,3,40477276.30
501569,11346,06-01-2026,18,Female,Bhopal,Madhya Pradesh,Electronics,Smartphones,Apple iPhone 15,1,68515,68515,25,51386,Debit Card,Delivered,4,3,40477276.30
501570,10420,26-05-2025,35,Female,Mumbai,Maharashtra,Sports,Accessories,Fitbit Fitness Tracker,1,8318,8318,11,7403,Net Banking,Delivered,4,5,40477276.30
501571,10453,27-09-2025,23,Female,Bhubaneswar,Odisha,Sports,Sportswear,Decathlon Sports T-Shirt,1,801,801,14,689,UPI,Returned,2,3,1813400.65
501572,10346,20-10-2025,37,Male,Kolkata,West Bengal,Electronics,Smartphones,Google Pixel 8a,3,55186,165558,10,149002,Cash on Delivery,Delivered,5,4,40477276.30
501573,11447,29-01-2026,28,Female,Mumbai,Maharashtra,Grocery,Household,Harpic Toilet Cleaner,1,207,207,27,151,Credit Card,Delivered,4,3,40477276.30
501574,11340,13-08-2026,36,Female,Bhubaneswar,Odisha,Grocery,Staples,Aashirvaad Atta 5kg,2,314,629,27,459,UPI,Delivered,3,5,40477276.30
501575,11361,05-06-2026,34,Male,Coimbatore,Tamil Nadu,Sports,Accessories,Sports Water Bottle,1,495,495,4,475,Credit Card,Delivered,5,4,40477276.30
501576,11050,25-08-2025,49,Male,Pune,Maharashtra,Electronics,Smartphones,OnePlus Nord CE 4,1,23586,23586,17,19577,UPI,Delivered,5,5,40477276.30
501577,10316,13-09-2025,34,Female,Bengaluru,Karnataka,Books,Academic,Operating Systems Guide,1,759,759,30,531,Credit Card,Delivered,5,2,40477276.30
501578,10055,02-06-2025,45,Female,Mumbai,Maharashtra,Home & Kitchen,Storage,Plastic Storage Box Set,1,999,999,20,799,UPI,Delivered,5,3,40477276.30
501579,10719,05-04-2026,30,Female,Kolkata,West Bengal,Beauty & Personal Care,Haircare,L'Oreal Shampoo,2,617,1234,4,1185,Wallet,Delivered,5,4,40477276.30
501580,10683,11-11-2025,28,Female,Chennai,Tamil Nadu,Electronics,Audio,JBL Tune 770NC,2,6163,12326,15,10477,Debit Card,Returned,3,2,1813400.65
501581,11031,15-05-2026,31,Female,Jaipur,Rajasthan,Fashion,Accessories,Wildcraft Backpack,5,1964,9819,24,7462,UPI,Delivered,4,4,40477276.30
501582,10364,22-08-2026,38,Male,Pune,Maharashtra,Home & Kitchen,Storage,Cloth Organizer,1,686,686,13,596,Debit Card,Delivered,5,1,40477276.30
501583,10095,07-07-2026,30,Male,Bengaluru,Karnataka,Grocery,Snacks,Lays Classic Chips,1,40,40,30,28,UPI,Delivered,4,3,40477276.30
501584,10475,06-06-2026,52,Female,Delhi,Delhi (NCT),Grocery,Staples,Fortune Sunflower Oil 1L,1,166,166,19,134,Cash on Delivery,Delivered,3,4,40477276.30
501585,11335,30-04-2026,36,Male,Bengaluru,Karnataka,Fashion,Accessories,Lavie Handbag,2,2429,4858,13,4226,Wallet,Delivered,5,3,40477276.30
501586,11392,27-04-2025,27,Male,Hyderabad,Telangana,Electronics,Smart Devices,Samsung Galaxy Watch,2,23977,47953,14,41240,Net Banking,Delivered,4,6,40477276.30
501587,10521,01-02-2026,16,Female,Delhi,Delhi (NCT),Fashion,Women Clothing,Libas Anarkali Kurta,1,1984,1984,18,1627,Cash on Delivery,Delivered,4,4,40477276.30
501588,10333,17-01-2025,35,Male,Chennai,Tamil Nadu,Books,Academic,Data Structures Handbook,1,839,839,24,637,UPI,Delivered,5,3,40477276.30
501589,10397,07-07-2025,15,Male,Chennai,Tamil Nadu,Books,Non-Fiction,Think Like a Monk,2,402,803,27,586,UPI,Delivered,4,2,40477276.30
501590,10915,21-10-2025,33,Female,Chandigarh,Chandigarh (UT),Electronics,Audio,JBL Tune 770NC,1,5854,5854,23,4508,Credit Card,Delivered,3,3,40477276.30
501591,10035,06-02-2025,43,Male,Bhubaneswar,Odisha,Electronics,Audio,boAt Airdopes 141,2,1542,3085,30,2159,UPI,Delivered,3,2,40477276.30
501592,10886,10-03-2025,54,Male,Mumbai,Maharashtra,Books,Fiction,Atomic Habits,1,596,596,15,507,UPI,Delivered,4,4,40477276.30
501593,10487,25-04-2026,27,Male,Bhopal,Madhya Pradesh,Electronics,Laptops,Lenovo IdeaPad Slim 5,1,63172,63172,11,56223,UPI,Delivered,5,3,40477276.30
501594,10095,30-01-2026,30,Male,Bengaluru,Karnataka,Beauty & Personal Care,Makeup,Maybelline Foundation,1,700,700,27,511,Credit Card,Delivered,5,6,40477276.30
501595,11276,26-10-2025,36,Male,Hyderabad,Telangana,Sports,Sportswear,Adidas Track Pants,2,2433,4867,30,3407,Credit Card,Cancelled,3,0,3077928.23
501596,10965,03-03-2025,33,Female,Chennai,Tamil Nadu,Electronics,Smartphones,OnePlus Nord CE 4,1,25823,25823,19,20917,Net Banking,Delivered,4,2,40477276.30
501597,10197,17-02-2026,24,Female,Bengaluru,Karnataka,Fashion,Women Clothing,W Women Dress,1,2382,2382,26,1763,Credit Card,Delivered,5,3,40477276.30
501598,10295,27-03-2026,38,Female,Coimbatore,Tamil Nadu,Beauty & Personal Care,Haircare,Mamaearth Hair Serum,1,514,514,30,360,Credit Card,Returned,2,2,1813400.65
501599,11211,03-01-2026,20,Female,Jaipur,Rajasthan,Home & Kitchen,Kitchen Appliances,Prestige Electric Kettle,1,1804,1804,13,1569,UPI,Delivered,5,4,40477276.30
501600,10051,04-05-2026,38,Female,Patna,Bihar,Sports,Fitness Equipment,Decathlon Yoga Mat,1,976,976,15,830,Credit Card,Cancelled,3,0,3077928.23
501601,11089,23-12-2025,31,Male,Indore,Madhya Pradesh,Home & Kitchen,Storage,Plastic Storage Box Set,1,979,979,3,949,UPI,Delivered,4,5,40477276.30
501602,10970,24-06-2025,18,Female,Vadodara,Gujarat,Fashion,Women Clothing,Biba Printed Kurta,2,1905,3810,19,3086,Credit Card,Delivered,2,3,40477276.30
501603,11114,13-03-2025,39,Female,Coimbatore,Tamil Nadu,Home & Kitchen,Storage,Kitchen Storage Jars,2,1192,2385,29,1693,Cash on Delivery,Delivered,5,2,40477276.30
501604,11129,19-04-2025,33,Male,Bhubaneswar,Odisha,Electronics,Audio,JBL Tune 770NC,2,6003,12006,6,11286,Net Banking,Delivered,5,2,40477276.30
501605,10272,12-04-2025,18,Female,Indore,Madhya Pradesh,Books,Fiction,Ikigai,2,419,838,19,678,UPI,Delivered,5,4,40477276.30
501606,10536,21-05-2025,35,Male,Bhubaneswar,Odisha,Home & Kitchen,Storage,Plastic Storage Box Set,1,1017,1017,26,752,Credit Card,Delivered,4,1,40477276.30
501607,10322,25-03-2025,41,Male,Delhi,Delhi (NCT),Fashion,Men Clothing,Peter England Formal Shirt,1,1939,1939,2,1900,UPI,Delivered,4,5,40477276.30
501608,10022,14-07-2026,32,Female,Chandigarh,Chandigarh (UT),Fashion,Men Clothing,Allen Solly Polo T-Shirt,1,1665,1665,3,1615,Credit Card,Delivered,5,3,40477276.30
501609,10767,30-01-2025,34,Male,Nagpur,Maharashtra,Fashion,Women Clothing,Libas Anarkali Kurta,2,2007,4014,9,3653,Net Banking,Delivered,5,4,40477276.30
501610,10425,19-02-2026,41,Male,Pune,Maharashtra,Electronics,Smart Devices,Mi Smart Band 8,1,3383,3383,21,2673,UPI,Returned,5,5,1813400.65
501611,10468,16-03-2026,42,Male,Mumbai,Maharashtra,Books,Self-Help,Rich Dad Poor Dad,2,417,835,12,734,Credit Card,Delivered,3,7,40477276.30
501612,10413,20-03-2025,17,Female,Indore,Madhya Pradesh,Sports,Outdoor Sports,Nivia Basketball,1,1044,1044,22,814,Credit Card,Delivered,1,4,40477276.30
501613,10549,21-05-2026,38,Female,Delhi,Delhi (NCT),Fashion,Footwear,Bata Formal Shoes,1,2631,2631,13,2289,Credit Card,Delivered,5,3,40477276.30
501614,10570,06-04-2025,30,Female,Pune,Maharashtra,Sports,Fitness Equipment,Skipping Rope,1,313,313,9,285,UPI,Delivered,2,2,40477276.30
501615,10449,02-01-2026,28,Female,Chennai,Tamil Nadu,Grocery,Snacks,Haldiram's Bhujia,3,187,561,20,449,Net Banking,Delivered,4,2,40477276.30
501616,10361,13-01-2026,40,Female,Bhopal,Madhya Pradesh,Sports,Sportswear,Nike Dri-FIT T-Shirt,1,2032,2032,6,1910,Debit Card,Returned,1,7,1813400.65
501617,10234,18-07-2025,27,Female,Ahmedabad,Gujarat,Grocery,Household,Vim Dishwash Liquid,2,204,407,20,326,UPI,Cancelled,4,0,3077928.23
501618,11132,12-03-2025,39,Female,Mumbai,Maharashtra,Sports,Sportswear,Decathlon Sports T-Shirt,1,789,789,12,694,Debit Card,Cancelled,5,0,3077928.23
501619,10434,23-02-2025,42,Female,Chennai,Tamil Nadu,Grocery,Household,Colin Glass Cleaner,1,146,146,5,139,Debit Card,Delivered,5,5,40477276.30
501620,10771,29-05-2026,42,Male,Chennai,Tamil Nadu,Books,Non-Fiction,Deep Work,1,529,529,27,386,Cash on Delivery,Delivered,5,2,40477276.30
501621,10908,15-09-2025,42,Female,Jaipur,Rajasthan,Beauty & Personal Care,Skincare,Neutrogena Moisturizer,1,789,789,12,694,UPI,Returned,3,7,1813400.65
501622,11446,12-12-2025,27,Female,Chennai,Tamil Nadu,Sports,Outdoor Sports,Yonex Badminton Racket,1,2294,2294,18,1881,Wallet,Delivered,5,2,40477276.30
501623,10110,05-08-2026,33,Male,Kolkata,West Bengal,Fashion,Accessories,Wildcraft Backpack,1,2053,2053,24,1560,UPI,Delivered,4,3,40477276.30
501624,11033,17-02-2026,38,Female,Bengaluru,Karnataka,Electronics,Laptops,Dell Inspiron 15,1,60253,60253,23,46395,Credit Card,Delivered,5,1,40477276.30
501625,11005,30-04-2026,42,Female,Mumbai,Maharashtra,Electronics,Smartphones,Apple iPhone 15,1,68700,68700,27,50151,UPI,Delivered,3,5,40477276.30
501626,10965,23-12-2025,33,Female,Chennai,Tamil Nadu,Electronics,Audio,boAt Airdopes 141,1,1579,1579,3,1532,UPI,Delivered,5,3,40477276.30
501627,11152,05-02-2026,15,Male,Ahmedabad,Gujarat,Home & Kitchen,Furniture,Bookshelf,2,6090,12180,6,11450,Net Banking,Delivered,4,4,40477276.30
501628,11251,23-01-2025,38,Female,Kochi,Kerala,Grocery,Household,Colin Glass Cleaner,1,142,142,27,104,UPI,Delivered,5,4,40477276.30
501629,10647,04-02-2025,15,Female,Gurugram,Haryana,Grocery,Beverages,Nescafe Classic,1,384,384,9,350,Debit Card,Delivered,4,4,40477276.30
501630,11007,05-12-2025,44,Male,Hyderabad,Telangana,Sports,Sportswear,Puma Training Shorts,2,1722,3445,28,2480,UPI,Delivered,3,6,40477276.30
501631,10551,10-01-2026,35,Male,Mumbai,Maharashtra,Home & Kitchen,Storage,Plastic Storage Box Set,1,1008,1008,30,705,UPI,Delivered,5,2,40477276.30
501632,10874,02-06-2025,26,Male,Hyderabad,Telangana,Home & Kitchen,Storage,Kitchen Storage Jars,1,1266,1266,24,962,Credit Card,Delivered,3,6,40477276.30
501633,11120,28-03-2026,46,Male,Pune,Maharashtra,Grocery,Staples,Aashirvaad Atta 5kg,2,290,580,4,557,Credit Card,Cancelled,4,0,3077928.23
501634,11353,30-01-2026,40,Male,Mumbai,Maharashtra,Electronics,Smart Devices,Mi Smart Band 8,3,3298,9895,20,7916,UPI,Delivered,2,2,40477276.30
501635,11291,28-07-2025,38,Male,Bengaluru,Karnataka,Electronics,Audio,Sony WH-CH520,1,4546,4546,24,3455,UPI,Delivered,4,6,40477276.30
501636,10083,11-02-2025,50,Female,Dehradun,Uttarakhand,Books,Fiction,The Silent Patient,1,509,509,8,468,Credit Card,Cancelled,1,0,3077928.23
501637,10293,13-03-2026,28,Female,Jaipur,Rajasthan,Fashion,Footwear,Skechers Walking Shoes,1,6084,6084,3,5901,Debit Card,Delivered,2,3,40477276.30
501638,10028,23-09-2025,38,Male,Pune,Maharashtra,Fashion,Women Clothing,W Women Dress,1,2587,2587,24,1966,Net Banking,Delivered,5,3,40477276.30
501639,10932,23-11-2025,55,Female,Indore,Madhya Pradesh,Electronics,Audio,JBL Tune 770NC,2,5929,11857,6,11146,Cash on Delivery,Delivered,3,1,40477276.30
501640,10609,30-06-2026,15,Female,Surat,Gujarat,Home & Kitchen,Kitchen Appliances,Prestige Electric Kettle,2,1776,3552,30,2486,UPI,Delivered,5,6,40477276.30
501641,10309,18-04-2025,40,Male,Kolkata,West Bengal,Electronics,Smart Devices,Amazon Echo Dot,1,5612,5612,8,5163,UPI,Delivered,3,4,40477276.30
501642,10981,28-09-2025,43,Male,Bhubaneswar,Odisha,Home & Kitchen,Kitchen Appliances,Bajaj Air Fryer,1,4894,4894,10,4404,Cash on Delivery,Delivered,4,6,40477276.30
501643,10556,06-06-2025,29,Female,Bengaluru,Karnataka,Books,Self-Help,The Power of Habit,2,487,974,18,799,Cash on Delivery,Delivered,4,4,40477276.30
501644,10633,20-02-2025,32,Female,Nashik,Maharashtra,Fashion,Footwear,Skechers Walking Shoes,1,5755,5755,2,5640,UPI,Cancelled,3,0,3077928.23
501645,10248,17-06-2026,27,Female,Jaipur,Rajasthan,Home & Kitchen,Home Decor,Decorative Table Lamp,3,1923,5769,8,5307,UPI,Delivered,5,1,40477276.30
501646,10230,26-03-2025,41,Female,Ahmedabad,Gujarat,Home & Kitchen,Kitchen Appliances,Philips Mixer Grinder,1,3169,3169,16,2662,Debit Card,Delivered,4,2,40477276.30
501647,10216,15-12-2025,42,Male,Mumbai,Maharashtra,Grocery,Snacks,Parle-G Biscuits,1,49,49,9,45,Wallet,Delivered,4,4,40477276.30
501648,10586,28-11-2025,37,Male,Chennai,Tamil Nadu,Electronics,Smart Devices,Samsung Galaxy Watch,1,26360,26360,7,24515,UPI,Delivered,3,3,40477276.30
501649,10087,05-04-2025,44,Male,Pune,Maharashtra,Grocery,Snacks,Lays Classic Chips,1,42,42,19,34,UPI,Delivered,5,5,40477276.30
501650,10371,03-12-2025,34,Female,Chennai,Tamil Nadu,Sports,Fitness Equipment,Adjustable Dumbbells,1,2631,2631,8,2421,UPI,Delivered,3,1,40477276.30
501651,10232,15-08-2026,36,Male,Surat,Gujarat,Electronics,Smartphones,Google Pixel 8a,1,52108,52108,18,42728,Wallet,Delivered,5,3,40477276.30
501652,10122,01-07-2026,24,Female,Indore,Madhya Pradesh,Fashion,Footwear,Skechers Walking Shoes,2,5741,11483,20,9186,UPI,Delivered,4,4,40477276.30
501653,11267,06-04-2026,33,Male,Lucknow,Uttar Pradesh,Fashion,Accessories,Titan Wallet,1,1414,1414,21,1117,UPI,Delivered,5,3,40477276.30
501654,10165,06-08-2025,45,Male,Mumbai,Maharashtra,Grocery,Household,Harpic Toilet Cleaner,1,208,208,13,181,UPI,Delivered,5,3,40477276.30
501655,11427,15-10-2025,57,Male,Chennai,Tamil Nadu,Fashion,Men Clothing,Peter England Formal Shirt,2,1900,3800,26,2812,Debit Card,Delivered,3,5,40477276.30
501656,11114,24-03-2026,39,Female,Coimbatore,Tamil Nadu,Grocery,Beverages,Tata Tea Gold,1,291,291,21,230,Debit Card,Delivered,5,2,40477276.30
501657,11118,12-05-2025,33,Female,Bhubaneswar,Odisha,Fashion,Women Clothing,Biba Printed Kurta,4,1768,7074,23,5447,Credit Card,Returned,1,7,1813400.65
501658,11095,08-07-2025,42,Female,Chennai,Tamil Nadu,Fashion,Accessories,Titan Wallet,1,1443,1443,28,1039,UPI,Delivered,4,2,40477276.30
501659,10367,17-12-2025,36,Female,Bhubaneswar,Odisha,Electronics,Audio,OnePlus Buds 3,1,5586,5586,20,4469,UPI,Delivered,5,5,40477276.30
501660,10668,20-09-2025,51,Female,Bengaluru,Karnataka,Sports,Accessories,Sports Water Bottle,3,510,1530,9,1392,UPI,Delivered,4,5,40477276.30
501661,10602,25-12-2025,24,Female,Mumbai,Maharashtra,Sports,Outdoor Sports,Yonex Badminton Racket,1,2166,2166,19,1755,UPI,Cancelled,4,0,3077928.23
501662,10518,13-01-2026,23,Male,Mumbai,Maharashtra,Beauty & Personal Care,Personal Care,Dove Body Wash,1,382,382,16,321,Cash on Delivery,Delivered,4,6,40477276.30
501663,10353,10-12-2025,43,Male,Delhi,Delhi (NCT),Beauty & Personal Care,Personal Care,Nivea Body Lotion,1,364,364,25,273,Credit Card,Delivered,4,4,40477276.30
501664,10739,11-07-2026,52,Male,Kochi,Kerala,Home & Kitchen,Furniture,Study Table,1,6689,6689,27,4883,Cash on Delivery,Delivered,5,2,40477276.30
501665,11101,04-05-2026,45,Male,Hyderabad,Telangana,Grocery,Household,Harpic Toilet Cleaner,5,208,1040,11,925,Net Banking,Delivered,4,7,40477276.30
501666,11196,18-05-2026,39,Female,Mumbai,Maharashtra,Books,Non-Fiction,Deep Work,1,488,488,20,390,Cash on Delivery,Delivered,4,4,40477276.30
501667,11060,02-04-2026,30,Female,Lucknow,Uttar Pradesh,Electronics,Laptops,ASUS Vivobook 15,1,53622,53622,16,45042,UPI,Delivered,5,2,40477276.30
501668,10942,21-05-2025,44,Female,Kolkata,West Bengal,Home & Kitchen,Furniture,Bookshelf,1,6265,6265,27,4574,Cash on Delivery,Delivered,5,6,40477276.30
501669,10555,04-01-2025,38,Male,Jaipur,Rajasthan,Fashion,Accessories,Fastrack Analog Watch,1,2592,2592,20,2074,Cash on Delivery,Delivered,4,7,40477276.30
501670,11053,01-12-2025,39,Female,Pune,Maharashtra,Fashion,Women Clothing,Biba Printed Kurta,2,1881,3762,6,3537,Cash on Delivery,Delivered,3,1,40477276.30
501671,11329,11-12-2025,21,Male,Kolkata,West Bengal,Grocery,Beverages,Paper Boat Aamras,3,146,439,18,360,Cash on Delivery,Delivered,5,2,40477276.30
501672,10140,02-11-2025,20,Male,Surat,Gujarat,Fashion,Accessories,Lavie Handbag,2,2179,4359,30,3051,Credit Card,Delivered,4,3,40477276.30
501673,11418,31-07-2026,37,Female,Delhi,Delhi (NCT),Electronics,Laptops,Lenovo IdeaPad Slim 5,3,66688,200064,29,142045,Credit Card,Delivered,3,5,40477276.30
501674,11228,03-09-2025,32,Female,Mumbai,Maharashtra,Grocery,Snacks,Parle-G Biscuits,2,53,105,23,81,UPI,Cancelled,2,0,3077928.23
501675,11272,10-09-2025,41,Male,Indore,Madhya Pradesh,Grocery,Staples,Tata Salt 1kg,1,29,29,17,24,UPI,Delivered,5,3,40477276.30
501676,11003,26-05-2026,35,Male,Mumbai,Maharashtra,Electronics,Smartphones,Apple iPhone 15,1,70842,70842,9,64466,UPI,Delivered,2,5,40477276.30
501677,10849,01-07-2025,27,Female,Kolkata,West Bengal,Electronics,Smart Devices,Amazon Echo Dot,1,5192,5192,19,4206,UPI,Delivered,5,4,40477276.30
501678,10092,27-07-2025,45,Female,Lucknow,Uttar Pradesh,Home & Kitchen,Kitchen Appliances,Havells OTG Oven,1,7351,7351,27,5366,Credit Card,Delivered,5,3,40477276.30
501679,11308,16-07-2026,34,Male,Hyderabad,Telangana,Home & Kitchen,Storage,Plastic Storage Box Set,2,1037,2075,26,1535,Cash on Delivery,Delivered,5,3,40477276.30
501680,10753,21-06-2026,23,Male,Pune,Maharashtra,Fashion,Men Clothing,Levi's Slim Jeans,4,2580,10320,30,7224,UPI,Cancelled,1,0,3077928.23
501681,10623,25-10-2025,55,Female,Indore,Madhya Pradesh,Electronics,Smartphones,Apple iPhone 15,2,68010,136019,8,125137,UPI,Delivered,4,4,40477276.30
501682,11246,18-03-2025,21,Male,Dehradun,Uttarakhand,Beauty & Personal Care,Haircare,Mamaearth Hair Serum,1,508,508,30,356,Credit Card,Delivered,4,3,40477276.30
501683,10424,16-01-2025,45,Male,Pune,Maharashtra,Books,Non-Fiction,Sapiens,1,704,704,2,690,Credit Card,Delivered,3,4,40477276.30
501684,10268,12-01-2025,18,Female,Bengaluru,Karnataka,Electronics,Laptops,ASUS Vivobook 15,1,58646,58646,22,45744,UPI,Delivered,4,4,40477276.30
501685,10059,23-09-2025,38,Female,Mumbai,Maharashtra,Beauty & Personal Care,Haircare,Dove Hair Mask,1,379,379,27,276,Credit Card,Delivered,4,3,40477276.30
501686,10277,13-02-2026,36,Male,Delhi,Delhi (NCT),Electronics,Smartphones,Apple iPhone 15,1,68273,68273,2,66907,Cash on Delivery,Cancelled,1,0,3077928.23
501687,10103,24-11-2025,30,Male,Lucknow,Uttar Pradesh,Electronics,Laptops,HP Pavilion 14,1,65611,65611,22,51177,UPI,Delivered,4,5,40477276.30
501688,10730,15-03-2025,25,Male,Jaipur,Rajasthan,Beauty & Personal Care,Skincare,The Derma Co Sunscreen,1,513,513,11,457,UPI,Delivered,5,2,40477276.30
501689,10768,08-11-2025,53,Male,Chennai,Tamil Nadu,Books,Non-Fiction,Sapiens,1,734,734,30,514,UPI,Delivered,5,2,40477276.30
501690,10869,24-09-2025,41,Male,Ahmedabad,Gujarat,Home & Kitchen,Home Decor,Wooden Photo Frame,2,713,1427,10,1284,Debit Card,Delivered,1,3,40477276.30
501691,10287,19-01-2026,32,Female,Lucknow,Uttar Pradesh,Electronics,Audio,boAt Airdopes 141,1,1471,1471,25,1103,UPI,Delivered,5,6,40477276.30
501692,10144,25-11-2025,36,Female,Indore,Madhya Pradesh,Home & Kitchen,Storage,Kitchen Storage Jars,2,1214,2428,20,1942,UPI,Cancelled,1,0,3077928.23
501693,10318,01-04-2026,31,Female,Vadodara,Gujarat,Grocery,Household,Harpic Toilet Cleaner,2,207,413,2,405,UPI,Delivered,5,2,40477276.30
501694,10975,27-07-2026,29,Female,Pune,Maharashtra,Fashion,Men Clothing,Levi's Slim Jeans,2,2648,5297,14,4555,Credit Card,Delivered,4,5,40477276.30
501695,11409,01-02-2026,30,Female,Nagpur,Maharashtra,Electronics,Smart Devices,Apple Watch SE,3,31630,94889,14,81605,Debit Card,Delivered,4,6,40477276.30
501696,10429,27-01-2026,46,Female,Hyderabad,Telangana,Sports,Accessories,Sports Cap,1,394,394,11,351,Credit Card,Returned,2,7,1813400.65
501697,11189,11-08-2025,40,Female,Mumbai,Maharashtra,Books,Self-Help,The Psychology of Money,1,602,602,8,554,Debit Card,Delivered,5,3,40477276.30
501698,11028,12-11-2025,35,Female,Lucknow,Uttar Pradesh,Electronics,Laptops,HP Pavilion 14,1,65002,65002,21,51351,UPI,Delivered,4,4,40477276.30
501699,10742,01-09-2025,20,Male,Delhi,Delhi (NCT),Electronics,Smart Devices,Amazon Echo Dot,1,5186,5186,28,3734,Cash on Delivery,Delivered,5,1,40477276.30
501700,10770,07-01-2025,54,Female,Nashik,Maharashtra,Fashion,Accessories,Lavie Handbag,1,2435,2435,14,2094,Credit Card,Delivered,5,2,40477276.30
501701,10657,29-05-2025,34,Female,Bhubaneswar,Odisha,Fashion,Footwear,Bata Formal Shoes,2,2619,5238,3,5081,Debit Card,Delivered,5,3,40477276.30
501702,10876,09-05-2025,54,Female,Surat,Gujarat,Books,Academic,Operating Systems Guide,1,724,724,3,702,UPI,Delivered,4,5,40477276.30
501703,11305,11-02-2026,40,Female,Indore,Madhya Pradesh,Home & Kitchen,Home Decor,Wooden Photo Frame,4,741,2963,24,2252,Credit Card,Delivered,5,4,40477276.30
501704,11375,03-03-2025,50,Female,Delhi,Delhi (NCT),Electronics,Smart Devices,Apple Watch SE,2,29059,58119,28,41845,Credit Card,Delivered,5,6,40477276.30
501705,10993,07-08-2025,31,Female,Chandigarh,Chandigarh (UT),Fashion,Men Clothing,Levi's Slim Jeans,3,2489,7466,8,6869,UPI,Delivered,3,3,40477276.30
501706,10047,19-08-2025,29,Female,Bengaluru,Karnataka,Fashion,Men Clothing,Allen Solly Polo T-Shirt,1,1627,1627,19,1318,Debit Card,Delivered,1,1,40477276.30
501707,10766,22-03-2026,26,Female,Mumbai,Maharashtra,Grocery,Household,Harpic Toilet Cleaner,1,189,189,13,164,Credit Card,Delivered,4,5,40477276.30
501708,10422,18-01-2025,53,Male,Bengaluru,Karnataka,Books,Academic,Python Programming,1,709,709,23,546,Credit Card,Delivered,3,2,40477276.30
501709,11126,08-05-2026,21,Female,Nagpur,Maharashtra,Grocery,Staples,Tata Salt 1kg,1,31,31,23,24,UPI,Delivered,2,1,40477276.30
501710,11156,07-08-2026,45,Female,Lucknow,Uttar Pradesh,Fashion,Men Clothing,Allen Solly Polo T-Shirt,1,1676,1676,22,1307,UPI,Delivered,4,1,40477276.30
501711,10882,25-12-2025,28,Male,Kolkata,West Bengal,Home & Kitchen,Home Decor,Artificial Plant,1,784,784,14,674,UPI,Delivered,5,4,40477276.30
501712,10259,24-05-2026,39,Female,Chennai,Tamil Nadu,Grocery,Staples,Tata Salt 1kg,2,31,61,30,43,UPI,Delivered,5,4,40477276.30
501713,10940,26-06-2025,28,Male,Pune,Maharashtra,Home & Kitchen,Kitchen Appliances,Bajaj Air Fryer,1,5272,5272,9,4798,Credit Card,Delivered,5,4,40477276.30
501714,10920,03-02-2026,36,Male,Kolkata,West Bengal,Grocery,Snacks,Kurkure Masala Munch,4,42,167,2,164,Cash on Delivery,Delivered,4,3,40477276.30
501715,11227,28-12-2025,34,Male,Nashik,Maharashtra,Books,Self-Help,The Psychology of Money,1,586,586,14,504,Debit Card,Delivered,5,2,40477276.30
501716,10855,13-06-2026,50,Male,Chennai,Tamil Nadu,Home & Kitchen,Storage,Kitchen Storage Jars,2,1145,2290,20,1832,Cash on Delivery,Returned,3,5,1813400.65
501717,10791,01-02-2025,39,Female,Surat,Gujarat,Beauty & Personal Care,Makeup,Sugar Mascara,1,826,826,8,760,Wallet,Delivered,4,2,40477276.30
501718,11195,23-05-2025,16,Male,Bengaluru,Karnataka,Grocery,Beverages,Tata Tea Gold,1,270,270,18,221,Credit Card,Delivered,3,3,40477276.30
501719,11390,06-06-2025,26,Male,Kochi,Kerala,Fashion,Men Clothing,Peter England Formal Shirt,1,1997,1997,21,1578,Debit Card,Delivered,5,5,40477276.30
501720,11384,04-02-2026,27,Male,Bengaluru,Karnataka,Electronics,Laptops,Lenovo IdeaPad Slim 5,1,66009,66009,8,60728,Credit Card,Delivered,4,7,40477276.30
501721,10883,11-10-2025,29,Male,Lucknow,Uttar Pradesh,Beauty & Personal Care,Skincare,Cetaphil Face Wash,2,734,1468,10,1321,Credit Card,Returned,4,2,1813400.65
501722,10318,17-01-2026,31,Female,Vadodara,Gujarat,Electronics,Smartphones,Google Pixel 8a,1,51511,51511,27,37603,Net Banking,Delivered,4,4,40477276.30
501723,10101,26-07-2026,18,Male,Bhubaneswar,Odisha,Grocery,Beverages,Real Fruit Juice,1,178,178,23,137,Debit Card,Delivered,4,3,40477276.30
501724,10259,21-08-2026,39,Female,Chennai,Tamil Nadu,Electronics,Laptops,Dell Inspiron 15,2,59674,119348,15,101445,Debit Card,Delivered,5,3,40477276.30
501725,11090,09-02-2026,32,Female,Indore,Madhya Pradesh,Home & Kitchen,Furniture,Study Table,4,6499,25996,17,21577,Credit Card,Delivered,4,1,40477276.30
501726,10111,02-06-2025,15,Male,Chandigarh,Chandigarh (UT),Beauty & Personal Care,Haircare,Dove Hair Mask,1,413,413,30,289,UPI,Delivered,4,3,40477276.30
501727,10871,23-02-2026,32,Female,Surat,Gujarat,Electronics,Smartphones,OnePlus Nord CE 4,1,25137,25137,10,22624,Cash on Delivery,Delivered,4,5,40477276.30
501728,10817,11-03-2025,37,Female,Chennai,Tamil Nadu,Books,Fiction,Ikigai,1,383,383,20,306,Debit Card,Delivered,4,4,40477276.30
501729,10057,13-02-2025,25,Female,Chennai,Tamil Nadu,Electronics,Smart Devices,Apple Watch SE,2,29429,58858,18,48264,UPI,Delivered,4,3,40477276.30
501730,10967,18-06-2026,27,Male,Jaipur,Rajasthan,Electronics,Smartphones,OnePlus Nord CE 4,1,24829,24829,8,22843,Cash on Delivery,Delivered,3,3,40477276.30
501731,11013,21-01-2026,57,Female,Surat,Gujarat,Sports,Fitness Equipment,Decathlon Yoga Mat,2,1034,2067,29,1468,UPI,Delivered,3,5,40477276.30
501732,10498,05-05-2025,32,Female,Chennai,Tamil Nadu,Fashion,Footwear,Nike Revolution Running Shoes,2,4747,9493,21,7500,Net Banking,Delivered,3,3,40477276.30
501733,10492,27-07-2026,50,Male,Lucknow,Uttar Pradesh,Beauty & Personal Care,Makeup,Lakme Lipstick,1,622,622,17,516,Net Banking,Returned,5,1,1813400.65
501734,10228,06-06-2026,22,Female,Delhi,Delhi (NCT),Beauty & Personal Care,Skincare,Cetaphil Face Wash,2,729,1458,10,1312,Credit Card,Delivered,3,3,40477276.30
501735,11182,04-07-2025,49,Female,Hyderabad,Telangana,Sports,Outdoor Sports,Nivia Basketball,2,1002,2003,8,1843,UPI,Cancelled,3,0,3077928.23
501736,10096,02-11-2025,18,Male,Mumbai,Maharashtra,Sports,Sportswear,Puma Training Shorts,2,1720,3440,20,2752,Debit Card,Delivered,2,2,40477276.30
501737,10649,13-06-2025,31,Male,Hyderabad,Telangana,Electronics,Audio,OnePlus Buds 3,1,5499,5499,27,4015,UPI,Delivered,4,3,40477276.30
501738,10816,30-05-2026,18,Male,Jaipur,Rajasthan,Electronics,Laptops,Dell Inspiron 15,1,55374,55374,24,42084,Debit Card,Delivered,4,2,40477276.30
501739,10345,23-07-2026,29,Female,Mumbai,Maharashtra,Electronics,Smartphones,Google Pixel 8a,1,54750,54750,22,42705,Debit Card,Returned,3,1,1813400.65
501740,10227,13-10-2025,35,Female,Patna,Bihar,Beauty & Personal Care,Makeup,Lakme Lipstick,1,584,584,30,409,Credit Card,Delivered,4,2,40477276.30
501741,10394,27-01-2025,54,Female,Mumbai,Maharashtra,Fashion,Women Clothing,Aurelia Palazzo Set,1,2274,2274,19,1842,UPI,Delivered,2,2,40477276.30
501742,10618,03-04-2026,42,Male,Ranchi,Jharkhand,Electronics,Audio,OnePlus Buds 3,1,5740,5740,29,4076,Credit Card,Delivered,5,5,40477276.30
501743,11432,02-05-2026,43,Male,Dehradun,Uttarakhand,Fashion,Accessories,Fastrack Analog Watch,2,2365,4730,16,3973,UPI,Delivered,4,3,40477276.30
501744,11193,06-09-2025,27,Male,Ahmedabad,Gujarat,Electronics,Audio,JBL Tune 770NC,1,5918,5918,12,5208,UPI,Delivered,5,2,40477276.30
501745,10777,24-06-2026,26,Male,Surat,Gujarat,Fashion,Women Clothing,W Women Dress,2,2492,4983,12,4385,Debit Card,Delivered,4,3,40477276.30
501746,10425,21-03-2025,41,Male,Pune,Maharashtra,Electronics,Audio,boAt Airdopes 141,1,1579,1579,24,1200,UPI,Delivered,5,3,40477276.30
501747,10638,24-12-2025,35,Female,Pune,Maharashtra,Fashion,Women Clothing,Aurelia Palazzo Set,1,2193,2193,14,1886,UPI,Cancelled,2,0,3077928.23
501748,10143,19-12-2025,16,Male,Kolkata,West Bengal,Sports,Accessories,Sports Cap,2,388,776,19,629,Debit Card,Delivered,5,3,40477276.30
501749,10052,26-09-2025,30,Male,Coimbatore,Tamil Nadu,Electronics,Audio,boAt Airdopes 141,1,1485,1485,30,1040,Credit Card,Delivered,2,4,40477276.30
501750,10471,09-04-2026,31,Female,Mumbai,Maharashtra,Home & Kitchen,Kitchen Appliances,Philips Mixer Grinder,1,3437,3437,8,3162,UPI,Delivered,5,4,40477276.30
501751,11332,29-07-2026,47,Female,Delhi,Delhi (NCT),Electronics,Smartphones,Google Pixel 8a,3,55690,167070,24,126973,UPI,Delivered,4,3,40477276.30
501752,10708,25-09-2025,53,Female,Hyderabad,Telangana,Fashion,Women Clothing,Libas Anarkali Kurta,1,2054,2054,13,1787,Cash on Delivery,Delivered,4,5,40477276.30
501753,10940,26-01-2025,28,Male,Pune,Maharashtra,Sports,Sportswear,Puma Training Shorts,2,1716,3432,18,2814,UPI,Delivered,5,2,40477276.30
501754,11015,14-06-2026,53,Female,Pune,Maharashtra,Electronics,Smart Devices,Samsung Galaxy Watch,2,24343,48686,18,39922,Debit Card,Delivered,5,3,40477276.30
501755,10410,21-03-2025,40,Male,Ahmedabad,Gujarat,Home & Kitchen,Furniture,Bedside Table,1,3471,3471,6,3262,Credit Card,Returned,3,7,1813400.65
501756,10757,22-06-2025,39,Female,Bhopal,Madhya Pradesh,Grocery,Beverages,Nescafe Classic,1,385,385,30,269,UPI,Delivered,4,4,40477276.30
501757,10093,16-03-2025,26,Male,Hyderabad,Telangana,Home & Kitchen,Kitchen Appliances,Philips Mixer Grinder,1,3431,3431,13,2985,Credit Card,Cancelled,3,0,3077928.23
501758,11013,30-09-2025,57,Female,Surat,Gujarat,Beauty & Personal Care,Personal Care,Dove Body Wash,1,417,417,15,355,Credit Card,Delivered,2,3,40477276.30
501759,11219,18-06-2026,25,Male,Bengaluru,Karnataka,Electronics,Smartphones,Apple iPhone 15,3,66695,200086,28,144062,Net Banking,Delivered,4,2,40477276.30
501760,10082,21-01-2025,38,Female,Patna,Bihar,Books,Non-Fiction,Educated,1,601,601,30,421,UPI,Delivered,3,4,40477276.30
501761,10509,08-12-2025,35,Female,Bhubaneswar,Odisha,Books,Non-Fiction,Think Like a Monk,1,419,419,28,302,Cash on Delivery,Delivered,4,1,40477276.30
501762,11121,05-12-2025,46,Male,Pune,Maharashtra,Home & Kitchen,Storage,Kitchen Storage Jars,4,1129,4516,27,3297,Net Banking,Delivered,5,2,40477276.30
501763,10796,14-09-2025,46,Male,Chandigarh,Chandigarh (UT),Electronics,Smartphones,OnePlus Nord CE 4,1,25014,25014,8,23013,Credit Card,Delivered,1,6,40477276.30
501764,10355,11-03-2025,34,Male,Patna,Bihar,Electronics,Audio,OnePlus Buds 3,1,5200,5200,10,4680,UPI,Delivered,4,4,40477276.30
501765,10436,26-03-2026,35,Male,Bhubaneswar,Odisha,Home & Kitchen,Furniture,Bookshelf,1,6180,6180,28,4449,Credit Card,Delivered,5,4,40477276.30
501766,10831,15-07-2025,19,Female,Bengaluru,Karnataka,Electronics,Smart Devices,Mi Smart Band 8,3,3299,9897,22,7720,UPI,Delivered,5,1,40477276.30
501767,11318,10-01-2026,31,Female,Hyderabad,Telangana,Home & Kitchen,Furniture,Bookshelf,1,5982,5982,14,5144,UPI,Delivered,5,4,40477276.30
501768,10625,02-11-2025,52,Non-Binary,Delhi,Delhi (NCT),Fashion,Accessories,Wildcraft Backpack,2,2015,4030,21,3183,UPI,Delivered,4,2,40477276.30
501769,10357,27-07-2026,34,Female,Nagpur,Maharashtra,Books,Academic,Database Management Systems,1,928,928,28,668,Cash on Delivery,Delivered,5,3,40477276.30
501770,10075,09-02-2025,15,Male,Bengaluru,Karnataka,Electronics,Audio,Sony WH-CH520,1,4743,4743,26,3510,Cash on Delivery,Delivered,2,7,40477276.30
501771,11269,04-10-2025,26,Female,Ahmedabad,Gujarat,Books,Non-Fiction,Deep Work,1,472,472,10,425,Wallet,Delivered,5,7,40477276.30
501772,11418,02-08-2025,37,Female,Delhi,Delhi (NCT),Grocery,Beverages,Paper Boat Aamras,2,144,289,15,245,Debit Card,Delivered,5,4,40477276.30
501773,10412,03-09-2025,22,Male,Kolkata,West Bengal,Fashion,Accessories,Wildcraft Backpack,1,2041,2041,28,1470,Debit Card,Delivered,5,4,40477276.30
501774,10107,21-06-2025,55,Male,Lucknow,Uttar Pradesh,Fashion,Footwear,Puma Sneakers,2,3880,7761,24,5898,UPI,Cancelled,2,0,3077928.23
501775,10908,06-02-2026,42,Female,Jaipur,Rajasthan,Fashion,Accessories,Wildcraft Backpack,1,1910,1910,9,1738,Credit Card,Delivered,5,3,40477276.30
501776,10155,08-04-2026,37,Male,Ahmedabad,Gujarat,Home & Kitchen,Furniture,Study Table,1,6465,6465,11,5754,UPI,Delivered,5,1,40477276.30
501777,10916,19-12-2025,37,Non-Binary,Chennai,Tamil Nadu,Beauty & Personal Care,Personal Care,Dove Body Wash,2,403,807,16,678,Credit Card,Returned,4,7,1813400.65
501778,10388,10-09-2025,55,Female,Chandigarh,Chandigarh (UT),Fashion,Women Clothing,Biba Printed Kurta,1,1879,1879,17,1559,Cash on Delivery,Delivered,5,6,40477276.30
501779,10221,05-06-2025,59,Male,Dehradun,Uttarakhand,Beauty & Personal Care,Personal Care,Dove Body Wash,5,381,1904,16,1599,Credit Card,Delivered,5,7,40477276.30
501780,10773,21-03-2026,41,Female,Mumbai,Maharashtra,Home & Kitchen,Storage,Wardrobe Organizer,2,894,1789,19,1449,Cash on Delivery,Delivered,5,4,40477276.30
501781,11108,25-05-2026,22,Male,Jaipur,Rajasthan,Electronics,Audio,boAt Airdopes 141,1,1552,1552,23,1195,UPI,Delivered,5,2,40477276.30
501782,11359,02-08-2026,18,Male,Mysuru,Karnataka,Home & Kitchen,Furniture,Bedside Table,2,3388,6775,13,5894,Credit Card,Delivered,5,3,40477276.30
501783,10331,05-11-2025,34,Female,Mumbai,Maharashtra,Home & Kitchen,Furniture,Office Chair,1,8048,8048,16,6761,Debit Card,Delivered,5,2,40477276.30
501784,10026,07-08-2026,35,Female,Bengaluru,Karnataka,Home & Kitchen,Kitchen Appliances,Philips Mixer Grinder,5,3231,16153,5,15345,UPI,Delivered,1,3,40477276.30
501785,10025,30-06-2026,28,Male,Hyderabad,Telangana,Home & Kitchen,Home Decor,Artificial Plant,1,825,825,18,677,UPI,Delivered,5,2,40477276.30
501786,10708,27-05-2025,53,Female,Hyderabad,Telangana,Fashion,Men Clothing,Allen Solly Polo T-Shirt,1,1549,1549,4,1487,Credit Card,Delivered,5,3,40477276.30
501787,10139,09-04-2025,43,Female,Surat,Gujarat,Beauty & Personal Care,Personal Care,Gillette Shaving Kit,1,630,630,15,536,Debit Card,Delivered,3,3,40477276.30
501788,10049,27-03-2026,38,Female,Hyderabad,Telangana,Home & Kitchen,Kitchen Appliances,Prestige Electric Kettle,1,1804,1804,14,1551,Debit Card,Delivered,5,3,40477276.30
501789,10919,14-11-2025,29,Female,Kochi,Kerala,Books,Non-Fiction,Educated,2,600,1200,24,912,UPI,Delivered,3,3,40477276.30
501790,11232,26-05-2026,19,Male,Lucknow,Uttar Pradesh,Beauty & Personal Care,Makeup,Lakme Lipstick,2,612,1224,10,1102,Debit Card,Cancelled,2,0,3077928.23
501791,10347,11-07-2025,18,Female,Bengaluru,Karnataka,Grocery,Snacks,Haldiram's Bhujia,1,180,180,20,144,Debit Card,Delivered,4,4,40477276.30
501792,11128,01-08-2025,26,Female,Lucknow,Uttar Pradesh,Sports,Accessories,Sports Water Bottle,3,495,1484,17,1232,UPI,Delivered,5,3,40477276.30
501793,11191,29-01-2026,35,Female,Jaipur,Rajasthan,Sports,Accessories,Sports Water Bottle,2,494,987,3,958,UPI,Delivered,4,2,40477276.30
501794,10905,24-09-2025,36,Male,Kolkata,West Bengal,Fashion,Women Clothing,Biba Printed Kurta,1,1857,1857,20,1486,UPI,Delivered,4,2,40477276.30
501795,10343,01-07-2025,37,Female,Visakhapatnam,Andhra Pradesh,Home & Kitchen,Home Decor,Wall Art Set,1,1230,1230,11,1094,UPI,Delivered,5,3,40477276.30
501796,10022,27-11-2025,32,Female,Chandigarh,Chandigarh (UT),Home & Kitchen,Kitchen Appliances,Havells OTG Oven,1,6827,6827,26,5052,UPI,Delivered,5,1,40477276.30
501797,11215,15-03-2026,31,Female,Mumbai,Maharashtra,Beauty & Personal Care,Haircare,Mamaearth Hair Serum,2,482,965,3,936,Credit Card,Delivered,5,1,40477276.30
501798,10120,30-09-2025,42,Male,Gurugram,Haryana,Grocery,Staples,Tata Salt 1kg,1,30,30,16,26,Cash on Delivery,Delivered,4,3,40477276.30
501799,10823,08-05-2025,59,Female,Delhi,Delhi (NCT),Electronics,Audio,Sony WH-CH520,5,4650,23252,23,17904,Debit Card,Returned,2,4,1813400.65
501800,10255,06-10-2025,17,Female,Nagpur,Maharashtra,Electronics,Smartphones,OnePlus Nord CE 4,2,26150,52301,29,37134,Credit Card,Delivered,4,1,40477276.30
501801,10085,04-08-2025,25,Female,Bengaluru,Karnataka,Electronics,Audio,Sony WH-CH520,2,4414,8828,28,6356,Credit Card,Delivered,5,5,40477276.30
501802,10149,21-05-2026,40,Female,Surat,Gujarat,Electronics,Laptops,Dell Inspiron 15,1,57349,57349,16,48173,Debit Card,Delivered,5,3,40477276.30
501803,11107,10-03-2026,41,Male,Bhopal,Madhya Pradesh,Beauty & Personal Care,Personal Care,Himalaya Face Scrub,1,312,312,9,284,Debit Card,Delivered,3,3,40477276.30
501804,10032,16-01-2025,54,Male,Mumbai,Maharashtra,Home & Kitchen,Kitchen Appliances,Havells OTG Oven,1,7062,7062,29,5014,UPI,Delivered,4,1,40477276.30
501805,10132,04-06-2025,35,Female,Delhi,Delhi (NCT),Electronics,Smart Devices,Mi Smart Band 8,3,3545,10636,17,8828,Credit Card,Delivered,4,3,40477276.30
501806,10842,08-11-2025,41,Male,Pune,Maharashtra,Fashion,Men Clothing,Levi's Slim Jeans,4,2394,9577,21,7566,Cash on Delivery,Delivered,5,5,40477276.30
501807,10366,12-06-2026,30,Male,Mumbai,Maharashtra,Electronics,Laptops,Lenovo IdeaPad Slim 5,2,61819,123638,3,119929,UPI,Delivered,5,2,40477276.30
501808,10945,06-02-2026,54,Male,Patna,Bihar,Electronics,Audio,boAt Airdopes 141,1,1569,1569,27,1145,UPI,Delivered,5,4,40477276.30
501809,10150,13-09-2025,37,Male,Bhopal,Madhya Pradesh,Beauty & Personal Care,Skincare,Minimalist Niacinamide Serum,1,576,576,19,466,Credit Card,Delivered,4,3,40477276.30
501810,10053,28-09-2025,27,Female,Kochi,Kerala,Fashion,Women Clothing,Biba Printed Kurta,5,1832,9159,22,7144,UPI,Delivered,5,4,40477276.30
501811,10968,13-02-2025,54,Female,Mumbai,Maharashtra,Beauty & Personal Care,Makeup,Maybelline Foundation,2,718,1436,5,1365,Debit Card,Delivered,5,7,40477276.30
501812,10531,09-06-2026,41,Female,Indore,Madhya Pradesh,Books,Non-Fiction,Educated,1,598,598,18,490,UPI,Cancelled,4,0,3077928.23
501813,10842,24-11-2025,41,Male,Pune,Maharashtra,Fashion,Women Clothing,Biba Printed Kurta,5,1897,9484,2,9295,UPI,Delivered,5,7,40477276.30
501814,11394,21-02-2026,36,Female,Gurugram,Haryana,Electronics,Audio,JBL Tune 770NC,2,5809,11618,14,9991,Net Banking,Delivered,4,1,40477276.30
501815,10284,11-02-2025,20,Male,Hyderabad,Telangana,Fashion,Men Clothing,Peter England Formal Shirt,1,1864,1864,10,1678,UPI,Delivered,4,4,40477276.30
501816,10938,20-11-2025,42,Female,Guwahati,Assam,Electronics,Audio,JBL Tune 770NC,1,5952,5952,18,4880,Debit Card,Delivered,3,4,40477276.30
501817,11205,21-01-2025,35,Male,Lucknow,Uttar Pradesh,Books,Non-Fiction,Sapiens,1,706,706,24,536,UPI,Delivered,5,3,40477276.30
501818,11148,07-07-2026,18,Male,Gurugram,Haryana,Electronics,Laptops,ASUS Vivobook 15,1,54077,54077,27,39476,UPI,Delivered,4,4,40477276.30
501819,10106,12-06-2026,38,Female,Lucknow,Uttar Pradesh,Electronics,Audio,OnePlus Buds 3,2,5710,11421,12,10050,UPI,Delivered,5,5,40477276.30
501820,10365,30-06-2025,42,Male,Mumbai,Maharashtra,Electronics,Laptops,Dell Inspiron 15,1,59240,59240,20,47392,UPI,Cancelled,3,0,3077928.23
501821,11412,21-11-2025,40,Male,Delhi,Delhi (NCT),Home & Kitchen,Storage,Kitchen Storage Jars,2,1237,2474,26,1831,Net Banking,Delivered,5,2,40477276.30
501822,10910,15-08-2025,58,Female,Vadodara,Gujarat,Electronics,Smartphones,Samsung Galaxy A55,1,37027,37027,29,26289,UPI,Delivered,4,5,40477276.30
501823,11365,08-01-2026,47,Female,Jaipur,Rajasthan,Grocery,Snacks,Haldiram's Bhujia,1,174,174,8,160,UPI,Delivered,3,5,40477276.30
501824,10141,23-07-2025,37,Female,Bengaluru,Karnataka,Sports,Sportswear,Puma Training Shorts,1,1852,1852,10,1667,UPI,Delivered,5,4,40477276.30
501825,10079,23-07-2026,35,Female,Gurugram,Haryana,Home & Kitchen,Storage,Plastic Storage Box Set,1,940,940,9,855,Credit Card,Delivered,4,3,40477276.30
501826,10745,04-05-2026,40,Female,Bhopal,Madhya Pradesh,Beauty & Personal Care,Haircare,Mamaearth Hair Serum,1,482,482,7,449,UPI,Delivered,5,5,40477276.30
501827,11109,03-06-2026,27,Female,Kolkata,West Bengal,Grocery,Household,Harpic Toilet Cleaner,1,210,210,24,160,Cash on Delivery,Delivered,4,3,40477276.30
501828,10885,17-07-2026,42,Female,Mumbai,Maharashtra,Grocery,Snacks,Kurkure Masala Munch,1,41,41,20,33,Debit Card,Delivered,5,3,40477276.30
501829,10415,30-12-2025,38,Male,Kochi,Kerala,Electronics,Smart Devices,Mi Smart Band 8,1,3556,3556,15,3023,Cash on Delivery,Delivered,5,4,40477276.30
501830,10542,25-04-2026,22,Female,Chennai,Tamil Nadu,Sports,Outdoor Sports,Yonex Badminton Racket,1,2406,2406,7,2237,UPI,Delivered,5,6,40477276.30
501831,10878,05-09-2025,36,Female,Bengaluru,Karnataka,Grocery,Staples,Tata Salt 1kg,1,30,30,26,22,Net Banking,Delivered,3,4,40477276.30
501832,10566,29-05-2026,30,Male,Pune,Maharashtra,Grocery,Household,Harpic Toilet Cleaner,2,206,412,3,399,Debit Card,Delivered,3,3,40477276.30
501833,11432,29-07-2025,43,Male,Dehradun,Uttarakhand,Home & Kitchen,Home Decor,Decorative Table Lamp,2,1890,3780,11,3364,Debit Card,Delivered,5,3,40477276.30
501834,10316,18-03-2025,34,Female,Bengaluru,Karnataka,Beauty & Personal Care,Personal Care,Nivea Body Lotion,1,359,359,4,344,Debit Card,Delivered,3,4,40477276.30
501835,11033,12-05-2025,38,Female,Bengaluru,Karnataka,Beauty & Personal Care,Makeup,Sugar Mascara,1,803,803,11,715,UPI,Delivered,5,3,40477276.30
501836,11332,23-05-2026,47,Female,Delhi,Delhi (NCT),Beauty & Personal Care,Personal Care,Gillette Shaving Kit,1,589,589,22,460,Debit Card,Cancelled,3,0,3077928.23
501837,10732,24-06-2026,23,Female,Mumbai,Maharashtra,Grocery,Household,Colin Glass Cleaner,1,157,157,24,119,UPI,Delivered,5,2,40477276.30
501838,10461,26-06-2025,56,Male,Patna,Bihar,Fashion,Women Clothing,Libas Anarkali Kurta,1,1974,1974,3,1915,UPI,Delivered,4,3,40477276.30
501839,10980,27-10-2025,42,Female,Lucknow,Uttar Pradesh,Grocery,Household,Vim Dishwash Liquid,3,191,574,13,499,Cash on Delivery,Delivered,5,5,40477276.30
501840,10495,12-06-2025,51,Male,Bhubaneswar,Odisha,Electronics,Smart Devices,Amazon Echo Dot,1,5205,5205,15,4424,UPI,Delivered,5,7,40477276.30
501841,11018,05-03-2025,29,Female,Mumbai,Maharashtra,Beauty & Personal Care,Personal Care,Dove Body Wash,1,404,404,8,371,UPI,Delivered,5,4,40477276.30
501842,10451,09-07-2026,33,Female,Indore,Madhya Pradesh,Home & Kitchen,Kitchen Appliances,Bajaj Air Fryer,2,4763,9526,29,6764,UPI,Cancelled,2,0,3077928.23
501843,10914,02-06-2025,51,Male,Kochi,Kerala,Fashion,Accessories,Lavie Handbag,1,2183,2183,18,1790,Net Banking,Delivered,5,4,40477276.30
501844,10273,03-04-2026,47,Male,Bengaluru,Karnataka,Grocery,Snacks,Lays Classic Chips,1,41,41,11,36,Credit Card,Delivered,4,3,40477276.30
501845,11394,16-03-2026,36,Female,Gurugram,Haryana,Home & Kitchen,Storage,Wardrobe Organizer,5,859,4297,13,3738,Net Banking,Delivered,4,2,40477276.30
501846,10133,26-01-2025,22,Male,Ahmedabad,Gujarat,Electronics,Smart Devices,Mi Smart Band 8,2,3362,6725,21,5313,Debit Card,Delivered,5,6,40477276.30
501847,10324,15-06-2026,57,Female,Pune,Maharashtra,Home & Kitchen,Storage,Kitchen Storage Jars,4,1135,4542,29,3225,UPI,Delivered,3,6,40477276.30
501848,11155,21-11-2025,52,Female,Lucknow,Uttar Pradesh,Books,Academic,Data Structures Handbook,4,782,3128,5,2972,Net Banking,Delivered,5,1,40477276.30
501849,10301,27-01-2025,25,Male,Bengaluru,Karnataka,Beauty & Personal Care,Haircare,Dove Hair Mask,1,398,398,17,331,Credit Card,Cancelled,3,0,3077928.23
501850,10886,17-11-2025,54,Male,Mumbai,Maharashtra,Grocery,Beverages,Tata Tea Gold,1,287,287,4,276,Credit Card,Delivered,3,2,40477276.30
501851,10959,16-06-2025,40,Male,Bengaluru,Karnataka,Beauty & Personal Care,Makeup,Lakme Lipstick,1,579,579,30,405,Net Banking,Delivered,4,2,40477276.30
501852,10350,23-06-2025,32,Male,Delhi,Delhi (NCT),Beauty & Personal Care,Skincare,The Derma Co Sunscreen,2,494,988,11,880,Credit Card,Delivered,4,6,40477276.30
501853,10367,13-08-2026,36,Female,Bhubaneswar,Odisha,Fashion,Accessories,Titan Wallet,1,1459,1459,12,1284,UPI,Returned,3,3,1813400.65
501854,11362,10-07-2026,40,Male,Pune,Maharashtra,Electronics,Laptops,Lenovo IdeaPad Slim 5,1,66246,66246,18,54322,Debit Card,Delivered,4,5,40477276.30
501855,10326,10-08-2026,21,Male,Gurugram,Haryana,Home & Kitchen,Home Decor,Decorative Table Lamp,1,1912,1912,21,1510,UPI,Delivered,3,4,40477276.30
501856,11153,28-04-2026,27,Female,Pune,Maharashtra,Grocery,Beverages,Tata Tea Gold,1,279,279,15,237,Debit Card,Delivered,5,4,40477276.30
501857,10491,11-03-2026,34,Female,Bengaluru,Karnataka,Fashion,Women Clothing,Libas Anarkali Kurta,1,2003,2003,19,1622,Credit Card,Delivered,5,4,40477276.30
501858,10667,23-01-2025,31,Female,Mumbai,Maharashtra,Electronics,Smart Devices,Mi Smart Band 8,1,3387,3387,20,2710,UPI,Delivered,4,3,40477276.30
501859,11030,31-10-2025,23,Male,Noida,Uttar Pradesh,Sports,Accessories,Sports Water Bottle,1,490,490,7,455,Debit Card,Delivered,3,5,40477276.30
501860,10821,05-02-2025,28,Female,Nashik,Maharashtra,Home & Kitchen,Kitchen Appliances,Havells OTG Oven,1,6778,6778,2,6642,Credit Card,Delivered,3,7,40477276.30
501861,10768,30-07-2025,53,Male,Chennai,Tamil Nadu,Electronics,Smartphones,Apple iPhone 15,5,73254,366269,2,358944,UPI,Delivered,5,3,40477276.30
501862,10758,31-03-2025,36,Female,Bengaluru,Karnataka,Beauty & Personal Care,Makeup,Sugar Mascara,1,759,759,30,531,Credit Card,Delivered,4,5,40477276.30
501863,10074,15-03-2025,51,Male,Visakhapatnam,Andhra Pradesh,Grocery,Beverages,Real Fruit Juice,1,175,175,16,147,Credit Card,Delivered,4,3,40477276.30
501864,11194,13-01-2025,38,Female,Ranchi,Jharkhand,Grocery,Snacks,Haldiram's Bhujia,2,169,338,21,267,Net Banking,Delivered,5,4,40477276.30
501865,10526,15-08-2026,15,Female,Mumbai,Maharashtra,Electronics,Smart Devices,Samsung Galaxy Watch,2,25225,50450,27,36828,Net Banking,Delivered,4,4,40477276.30
501866,10129,16-02-2026,35,Female,Bhopal,Madhya Pradesh,Fashion,Men Clothing,Allen Solly Polo T-Shirt,2,1539,3078,27,2247,UPI,Delivered,5,4,40477276.30
501867,10882,28-07-2026,28,Male,Kolkata,West Bengal,Books,Academic,Python Programming,1,662,662,23,510,UPI,Delivered,5,1,40477276.30
501868,11097,21-07-2025,35,Male,Delhi,Delhi (NCT),Grocery,Staples,India Gate Basmati Rice 5kg,2,728,1456,20,1165,Credit Card,Delivered,3,5,40477276.30
501869,10394,30-07-2025,54,Female,Mumbai,Maharashtra,Electronics,Smart Devices,Amazon Echo Dot,1,5318,5318,22,4148,Cash on Delivery,Delivered,3,4,40477276.30
501870,11039,04-05-2025,36,Female,Kochi,Kerala,Sports,Accessories,Sports Cap,1,385,385,4,369,Debit Card,Delivered,4,6,40477276.30
501871,10530,30-12-2025,24,Male,Mysuru,Karnataka,Home & Kitchen,Storage,Kitchen Storage Jars,1,1203,1203,27,878,UPI,Delivered,5,3,40477276.30
501872,10183,16-04-2025,22,Male,Gurugram,Haryana,Home & Kitchen,Home Decor,Decorative Table Lamp,2,2006,4013,28,2889,Debit Card,Cancelled,2,0,3077928.23
501873,10337,27-10-2025,25,Female,Ahmedabad,Gujarat,Grocery,Staples,Tata Salt 1kg,3,31,93,16,78,Wallet,Delivered,4,4,40477276.30
501874,11450,17-08-2025,34,Female,Patna,Bihar,Home & Kitchen,Home Decor,Artificial Plant,1,802,802,22,625,Cash on Delivery,Delivered,4,5,40477276.30
501875,10558,12-05-2026,29,Female,Nagpur,Maharashtra,Fashion,Footwear,Nike Revolution Running Shoes,3,5229,15687,13,13647,Net Banking,Delivered,4,3,40477276.30
501876,10959,18-01-2025,40,Male,Bengaluru,Karnataka,Beauty & Personal Care,Skincare,Minimalist Niacinamide Serum,2,597,1194,29,848,UPI,Delivered,5,3,40477276.30
501877,10724,03-09-2025,42,Male,Lucknow,Uttar Pradesh,Fashion,Men Clothing,Allen Solly Polo T-Shirt,2,1681,3362,12,2959,Net Banking,Delivered,5,3,40477276.30
501878,10111,02-05-2026,15,Male,Chandigarh,Chandigarh (UT),Electronics,Laptops,Dell Inspiron 15,5,55866,279328,16,234635,Net Banking,Delivered,4,4,40477276.30
501879,10868,08-08-2026,38,Male,Guwahati,Assam,Electronics,Laptops,Dell Inspiron 15,1,56612,56612,8,52083,UPI,Delivered,4,4,40477276.30
501880,11054,02-07-2026,37,Non-Binary,Visakhapatnam,Andhra Pradesh,Sports,Outdoor Sports,Yonex Badminton Racket,2,2384,4768,26,3528,Credit Card,Delivered,4,3,40477276.30
501881,10549,13-03-2026,38,Female,Delhi,Delhi (NCT),Home & Kitchen,Furniture,Bedside Table,3,3683,11048,11,9833,UPI,Delivered,3,4,40477276.30
501882,11325,19-07-2025,35,Male,Guwahati,Assam,Home & Kitchen,Storage,Cloth Organizer,1,679,679,22,529,Wallet,Delivered,4,4,40477276.30
501883,11274,11-09-2025,31,Female,Bengaluru,Karnataka,Fashion,Accessories,Titan Wallet,1,1500,1500,2,1470,UPI,Delivered,4,3,40477276.30
501884,10520,21-08-2026,42,Male,Pune,Maharashtra,Sports,Accessories,Gym Gloves,1,596,596,23,459,UPI,Delivered,3,2,40477276.30
501885,10563,29-07-2026,44,Male,Vadodara,Gujarat,Electronics,Audio,OnePlus Buds 3,1,5655,5655,9,5146,UPI,Cancelled,2,0,3077928.23
501886,10666,28-04-2025,35,Female,Dehradun,Uttarakhand,Fashion,Footwear,Skechers Walking Shoes,1,5933,5933,20,4746,Credit Card,Delivered,2,3,40477276.30
501887,10007,08-05-2025,51,Female,Surat,Gujarat,Home & Kitchen,Furniture,Office Chair,1,8092,8092,6,7606,Cash on Delivery,Delivered,4,6,40477276.30
501888,10143,21-05-2025,16,Male,Kolkata,West Bengal,Grocery,Staples,Aashirvaad Atta 5kg,5,297,1485,23,1144,Debit Card,Delivered,4,3,40477276.30
501889,10845,29-09-2025,36,Female,Hyderabad,Telangana,Electronics,Smart Devices,Amazon Echo Dot,2,5780,11560,16,9711,UPI,Delivered,5,3,40477276.30
501890,10799,02-07-2026,34,Female,Bhopal,Madhya Pradesh,Sports,Outdoor Sports,Nivia Basketball,4,1029,4118,21,3253,Cash on Delivery,Delivered,1,2,40477276.30
501891,10971,07-03-2026,35,Female,Pune,Maharashtra,Home & Kitchen,Home Decor,Artificial Plant,2,787,1574,10,1417,Credit Card,Delivered,3,4,40477276.30
501892,10812,29-04-2025,29,Male,Mumbai,Maharashtra,Home & Kitchen,Home Decor,Wall Art Set,1,1376,1376,13,1197,UPI,Delivered,4,1,40477276.30
501893,11298,26-07-2025,31,Male,Kochi,Kerala,Home & Kitchen,Storage,Plastic Storage Box Set,4,1004,4018,23,3093,Credit Card,Delivered,5,5,40477276.30
501894,10570,25-08-2025,30,Female,Pune,Maharashtra,Books,Fiction,The Alchemist,2,409,818,30,573,Credit Card,Delivered,5,1,40477276.30
501895,10273,03-02-2026,47,Male,Bengaluru,Karnataka,Books,Non-Fiction,Educated,2,603,1205,30,844,Debit Card,Delivered,3,3,40477276.30
501896,11174,14-05-2026,33,Male,Delhi,Delhi (NCT),Fashion,Footwear,Puma Sneakers,1,3761,3761,6,3535,Credit Card,Delivered,3,5,40477276.30
501897,11031,26-04-2025,31,Female,Jaipur,Rajasthan,Fashion,Women Clothing,W Women Dress,1,2514,2514,6,2363,Debit Card,Cancelled,5,0,3077928.23
501898,10048,23-03-2025,46,Male,Lucknow,Uttar Pradesh,Home & Kitchen,Furniture,Bookshelf,1,5800,5800,8,5336,UPI,Cancelled,5,0,3077928.23
501899,11418,31-03-2026,37,Female,Delhi,Delhi (NCT),Grocery,Beverages,Paper Boat Aamras,1,147,147,5,139,Debit Card,Delivered,4,4,40477276.30
501900,10179,26-03-2026,31,Male,Gurugram,Haryana,Home & Kitchen,Furniture,Study Table,5,6316,31581,10,28423,UPI,Delivered,4,5,40477276.30
501901,10185,15-10-2025,32,Female,Visakhapatnam,Andhra Pradesh,Fashion,Footwear,Puma Sneakers,1,4115,4115,4,3950,Debit Card,Delivered,4,3,40477276.30
501902,11275,27-07-2026,47,Female,Pune,Maharashtra,Electronics,Audio,OnePlus Buds 3,1,5622,5622,27,4104,Debit Card,Delivered,5,7,40477276.30
501903,11215,08-05-2026,31,Female,Mumbai,Maharashtra,Grocery,Staples,India Gate Basmati Rice 5kg,1,671,671,16,564,Debit Card,Delivered,4,5,40477276.30
501904,11285,14-07-2025,25,Female,Noida,Uttar Pradesh,Grocery,Beverages,Paper Boat Aamras,3,159,477,5,453,Credit Card,Delivered,5,2,40477276.30
501905,10931,29-09-2025,28,Female,Delhi,Delhi (NCT),Beauty & Personal Care,Makeup,Maybelline Foundation,2,700,1399,9,1273,Net Banking,Delivered,5,3,40477276.30
501906,10351,04-10-2025,37,Male,Surat,Gujarat,Electronics,Audio,OnePlus Buds 3,1,5675,5675,27,4143,Debit Card,Delivered,5,5,40477276.30
501907,10524,15-10-2025,40,Male,Jaipur,Rajasthan,Electronics,Laptops,Dell Inspiron 15,2,58557,117113,10,105402,UPI,Delivered,4,4,40477276.30
501908,10219,07-07-2025,29,Male,Delhi,Delhi (NCT),Grocery,Beverages,Paper Boat Aamras,1,142,142,24,108,UPI,Delivered,4,4,40477276.30
501909,10958,05-08-2025,39,Female,Nagpur,Maharashtra,Fashion,Accessories,Titan Wallet,1,1589,1589,29,1128,Cash on Delivery,Returned,2,6,1813400.65
501910,10783,28-03-2025,38,Female,Noida,Uttar Pradesh,Grocery,Staples,India Gate Basmati Rice 5kg,1,711,711,26,526,UPI,Delivered,3,3,40477276.30
501911,10094,18-12-2025,30,Male,Indore,Madhya Pradesh,Electronics,Smartphones,Google Pixel 8a,2,52635,105270,20,84216,UPI,Delivered,5,4,40477276.30
501912,11357,29-07-2026,28,Female,Hyderabad,Telangana,Beauty & Personal Care,Personal Care,Dove Body Wash,1,376,376,11,335,Debit Card,Delivered,5,3,40477276.30
501913,10944,28-07-2025,33,Male,Mumbai,Maharashtra,Grocery,Staples,India Gate Basmati Rice 5kg,1,683,683,15,580,Credit Card,Delivered,5,4,40477276.30
501914,10343,10-07-2025,37,Female,Visakhapatnam,Andhra Pradesh,Books,Fiction,Ikigai,1,398,398,13,346,Wallet,Delivered,3,4,40477276.30
501915,10045,10-05-2026,18,Male,Bengaluru,Karnataka,Sports,Outdoor Sports,SG Cricket Bat,1,3694,3694,9,3362,UPI,Delivered,4,1,40477276.30
501916,10758,01-02-2026,36,Female,Bengaluru,Karnataka,Electronics,Smartphones,Samsung Galaxy A55,3,38511,115533,19,93582,UPI,Delivered,3,2,40477276.30
501917,10059,22-06-2026,38,Female,Mumbai,Maharashtra,Electronics,Smartphones,OnePlus Nord CE 4,2,23636,47272,3,45854,UPI,Delivered,4,3,40477276.30
501918,10662,22-03-2025,28,Female,Nashik,Maharashtra,Fashion,Footwear,Nike Revolution Running Shoes,1,4904,4904,3,4757,Debit Card,Delivered,5,5,40477276.30
501919,10369,20-04-2026,35,Female,Coimbatore,Tamil Nadu,Grocery,Beverages,Tata Tea Gold,1,273,273,17,226,Credit Card,Delivered,5,5,40477276.30
501920,10054,27-12-2025,41,Male,Bengaluru,Karnataka,Fashion,Men Clothing,Peter England Formal Shirt,1,1947,1947,17,1616,Cash on Delivery,Delivered,4,4,40477276.30
501921,10562,31-03-2025,57,Male,Nashik,Maharashtra,Home & Kitchen,Furniture,Bookshelf,3,6273,18819,26,13926,UPI,Delivered,3,3,40477276.30
501922,10917,24-07-2025,41,Female,Bhopal,Madhya Pradesh,Sports,Accessories,Fitbit Fitness Tracker,2,8227,16454,9,14973,UPI,Delivered,4,4,40477276.30
501923,10320,23-12-2025,33,Female,Kolkata,West Bengal,Fashion,Accessories,Fastrack Analog Watch,1,2487,2487,6,2338,Cash on Delivery,Delivered,3,6,40477276.30
501924,11024,07-05-2026,58,Male,Jaipur,Rajasthan,Electronics,Smartphones,Samsung Galaxy A55,3,39328,117985,27,86129,UPI,Delivered,5,3,40477276.30
501925,10944,16-12-2025,33,Male,Mumbai,Maharashtra,Electronics,Audio,OnePlus Buds 3,1,5623,5623,10,5061,Cash on Delivery,Delivered,3,2,40477276.30
501926,10798,01-04-2026,41,Male,Jaipur,Rajasthan,Sports,Fitness Equipment,Decathlon Yoga Mat,1,1023,1023,16,859,UPI,Delivered,3,3,40477276.30
501927,10179,16-05-2026,31,Male,Gurugram,Haryana,Grocery,Snacks,Parle-G Biscuits,2,47,95,5,90,UPI,Delivered,4,7,40477276.30
501928,10370,20-08-2026,25,Non-Binary,Bengaluru,Karnataka,Books,Academic,Operating Systems Guide,1,729,729,23,562,Credit Card,Returned,2,2,1813400.65
501929,10118,25-02-2026,21,Male,Jaipur,Rajasthan,Grocery,Beverages,Nescafe Classic,1,378,378,29,268,Credit Card,Delivered,3,4,40477276.30
501930,11177,04-07-2026,15,Male,Surat,Gujarat,Beauty & Personal Care,Skincare,The Derma Co Sunscreen,1,494,494,18,405,Debit Card,Delivered,3,1,40477276.30
501931,10736,21-05-2026,39,Male,Gurugram,Haryana,Home & Kitchen,Storage,Wardrobe Organizer,1,915,915,28,659,UPI,Delivered,3,4,40477276.30
501932,10297,22-07-2025,44,Female,Indore,Madhya Pradesh,Books,Academic,Database Management Systems,4,888,3551,6,3338,UPI,Delivered,5,3,40477276.30
501933,11219,13-08-2026,25,Male,Bengaluru,Karnataka,Home & Kitchen,Storage,Wardrobe Organizer,1,915,915,15,778,Net Banking,Delivered,5,4,40477276.30
501934,10839,08-03-2025,45,Male,Jaipur,Rajasthan,Fashion,Footwear,Skechers Walking Shoes,2,5909,11817,26,8745,Credit Card,Delivered,5,4,40477276.30
501935,11111,21-02-2025,32,Female,Mumbai,Maharashtra,Fashion,Footwear,Skechers Walking Shoes,1,5800,5800,20,4640,Net Banking,Delivered,5,3,40477276.30
501936,10570,12-02-2025,30,Female,Pune,Maharashtra,Beauty & Personal Care,Makeup,Colorbar Eyeliner,1,485,485,18,398,Cash on Delivery,Delivered,4,6,40477276.30
501937,11134,31-05-2025,39,Male,Delhi,Delhi (NCT),Electronics,Audio,Sony WH-CH520,1,4282,4282,20,3426,Credit Card,Delivered,5,4,40477276.30
501938,10198,27-04-2026,36,Female,Kolkata,West Bengal,Electronics,Audio,JBL Tune 770NC,5,5854,29269,16,24586,Cash on Delivery,Delivered,5,4,40477276.30
501939,10582,29-05-2025,29,Male,Ahmedabad,Gujarat,Beauty & Personal Care,Personal Care,Dove Body Wash,1,383,383,18,314,Cash on Delivery,Delivered,5,4,40477276.30
501940,11093,24-10-2025,42,Female,Pune,Maharashtra,Sports,Fitness Equipment,Decathlon Yoga Mat,1,1004,1004,28,723,Debit Card,Returned,4,1,1813400.65
501941,10121,05-08-2025,43,Female,Gurugram,Haryana,Home & Kitchen,Home Decor,Decorative Table Lamp,1,1842,1842,3,1787,UPI,Delivered,5,7,40477276.30
501942,11216,29-04-2025,48,Male,Mumbai,Maharashtra,Grocery,Household,Colin Glass Cleaner,5,147,734,3,712,Debit Card,Delivered,4,4,40477276.30
501943,10329,19-06-2025,41,Male,Bhubaneswar,Odisha,Fashion,Footwear,Puma Sneakers,1,4147,4147,8,3815,Debit Card,Delivered,3,3,40477276.30
501944,10149,10-08-2026,40,Female,Surat,Gujarat,Books,Self-Help,Rich Dad Poor Dad,2,420,839,30,588,Net Banking,Delivered,5,4,40477276.30
501945,10028,01-05-2025,38,Male,Pune,Maharashtra,Electronics,Smartphones,Samsung Galaxy A55,3,37827,113481,20,90785,Credit Card,Delivered,5,5,40477276.30
501946,10389,15-10-2025,44,Female,Chandigarh,Chandigarh (UT),Fashion,Footwear,Nike Revolution Running Shoes,2,4884,9768,20,7814,Cash on Delivery,Delivered,4,3,40477276.30
501947,10786,08-08-2026,46,Female,Lucknow,Uttar Pradesh,Electronics,Smart Devices,Samsung Galaxy Watch,1,24081,24081,30,16857,Debit Card,Delivered,5,7,40477276.30
501948,10265,07-01-2025,31,Male,Delhi,Delhi (NCT),Home & Kitchen,Furniture,Bedside Table,3,3399,10196,16,8565,UPI,Delivered,3,3,40477276.30
501949,10287,26-01-2025,32,Female,Lucknow,Uttar Pradesh,Sports,Accessories,Sports Cap,2,418,836,22,652,Debit Card,Delivered,3,7,40477276.30
501950,10811,15-10-2025,32,Male,Lucknow,Uttar Pradesh,Sports,Outdoor Sports,Nivia Basketball,3,1012,3037,17,2520,Wallet,Delivered,3,2,40477276.30
501951,11437,18-02-2026,31,Female,Ahmedabad,Gujarat,Electronics,Audio,JBL Tune 770NC,1,5657,5657,29,4016,Credit Card,Delivered,5,3,40477276.30
501952,10317,30-07-2026,42,Male,Bengaluru,Karnataka,Home & Kitchen,Storage,Cloth Organizer,1,670,670,18,549,UPI,Delivered,4,5,40477276.30
501953,11088,25-07-2025,37,Male,Mumbai,Maharashtra,Home & Kitchen,Home Decor,Wooden Photo Frame,1,709,709,12,624,Debit Card,Delivered,5,3,40477276.30
501954,11173,07-02-2025,35,Male,Ahmedabad,Gujarat,Sports,Accessories,Gym Gloves,5,574,2871,13,2498,Credit Card,Delivered,4,5,40477276.30
501955,10475,08-11-2025,52,Female,Delhi,Delhi (NCT),Fashion,Accessories,Lavie Handbag,2,2390,4780,30,3346,Net Banking,Delivered,4,5,40477276.30
501956,10682,17-11-2025,22,Female,Hyderabad,Telangana,Grocery,Household,Harpic Toilet Cleaner,4,188,753,6,708,UPI,Delivered,5,4,40477276.30
501957,11284,10-05-2026,45,Male,Bengaluru,Karnataka,Fashion,Men Clothing,Levi's Slim Jeans,1,2549,2549,17,2116,Credit Card,Delivered,4,5,40477276.30
501958,10342,14-06-2026,37,Male,Kolkata,West Bengal,Sports,Fitness Equipment,Decathlon Yoga Mat,4,994,3975,8,3657,Debit Card,Delivered,3,2,40477276.30
501959,10531,20-04-2026,41,Female,Indore,Madhya Pradesh,Electronics,Smart Devices,Amazon Echo Dot,2,5526,11052,25,8289,Debit Card,Delivered,5,3,40477276.30
501960,10155,25-02-2025,37,Male,Ahmedabad,Gujarat,Electronics,Smartphones,Google Pixel 8a,1,52026,52026,23,40060,UPI,Cancelled,3,0,3077928.23
501961,10209,20-07-2025,40,Male,Chennai,Tamil Nadu,Grocery,Staples,India Gate Basmati Rice 5kg,1,717,717,10,645,UPI,Delivered,5,2,40477276.30
501962,10903,30-01-2025,34,Male,Chennai,Tamil Nadu,Grocery,Staples,Aashirvaad Atta 5kg,2,292,585,7,544,UPI,Delivered,5,4,40477276.30
501963,10614,24-05-2026,22,Female,Delhi,Delhi (NCT),Fashion,Men Clothing,Levi's Slim Jeans,1,2481,2481,18,2034,Net Banking,Cancelled,2,0,3077928.23
501964,11176,02-05-2026,31,Male,Pune,Maharashtra,Fashion,Men Clothing,Roadster Casual Shirt,5,1368,6842,30,4790,UPI,Delivered,4,5,40477276.30
501965,10259,25-11-2025,39,Female,Chennai,Tamil Nadu,Home & Kitchen,Furniture,Study Table,2,6171,12342,4,11848,UPI,Delivered,4,1,40477276.30
501966,10497,09-02-2025,23,Female,Chennai,Tamil Nadu,Grocery,Beverages,Tata Tea Gold,1,263,263,8,242,UPI,Delivered,3,3,40477276.30
501967,10007,30-04-2025,51,Female,Surat,Gujarat,Home & Kitchen,Kitchen Appliances,Havells OTG Oven,2,7402,14803,28,10658,UPI,Delivered,4,3,40477276.30
501968,10200,28-05-2026,21,Female,Delhi,Delhi (NCT),Electronics,Smartphones,Samsung Galaxy A55,1,37090,37090,26,27447,Debit Card,Delivered,5,3,40477276.30
501969,10828,17-05-2025,28,Female,Mumbai,Maharashtra,Fashion,Accessories,Lavie Handbag,1,2314,2314,22,1805,UPI,Delivered,5,4,40477276.30
501970,11258,19-08-2025,39,Female,Hyderabad,Telangana,Fashion,Women Clothing,Biba Printed Kurta,2,1745,3490,26,2583,Debit Card,Delivered,4,3,40477276.30
501971,10970,14-05-2026,18,Female,Vadodara,Gujarat,Fashion,Accessories,Titan Wallet,1,1572,1572,24,1195,Cash on Delivery,Delivered,5,3,40477276.30
501972,10911,03-12-2025,31,Female,Mumbai,Maharashtra,Fashion,Women Clothing,Aurelia Palazzo Set,3,2165,6494,23,5000,Credit Card,Delivered,5,5,40477276.30
501973,11240,01-04-2026,52,Male,Mumbai,Maharashtra,Electronics,Smartphones,OnePlus Nord CE 4,1,23728,23728,26,17559,UPI,Delivered,4,4,40477276.30
501974,11111,09-12-2025,32,Female,Mumbai,Maharashtra,Beauty & Personal Care,Makeup,Lakme Lipstick,1,632,632,5,600,Cash on Delivery,Delivered,4,4,40477276.30
501975,11100,22-01-2025,38,Female,Nagpur,Maharashtra,Fashion,Accessories,Fastrack Analog Watch,4,2641,10565,22,8241,UPI,Delivered,5,3,40477276.30
501976,10776,16-09-2025,17,Male,Mumbai,Maharashtra,Beauty & Personal Care,Skincare,The Derma Co Sunscreen,4,524,2097,23,1615,UPI,Delivered,5,2,40477276.30
501977,10563,06-10-2025,44,Male,Vadodara,Gujarat,Fashion,Women Clothing,Libas Anarkali Kurta,1,2038,2038,11,1813,Credit Card,Delivered,5,2,40477276.30
501978,10121,21-01-2025,43,Female,Gurugram,Haryana,Beauty & Personal Care,Skincare,The Derma Co Sunscreen,1,510,510,26,377,UPI,Delivered,2,6,40477276.30
501979,11188,01-07-2026,32,Male,Kolkata,West Bengal,Grocery,Household,Harpic Toilet Cleaner,1,205,205,8,189,Debit Card,Cancelled,5,0,3077928.23
501980,10886,09-08-2026,54,Male,Mumbai,Maharashtra,Sports,Accessories,Gym Gloves,3,631,1893,25,1420,UPI,Delivered,5,3,40477276.30
501981,11104,06-02-2025,32,Male,Delhi,Delhi (NCT),Home & Kitchen,Home Decor,Decorative Table Lamp,1,1876,1876,21,1482,Cash on Delivery,Delivered,3,5,40477276.30
501982,11245,07-08-2025,27,Male,Delhi,Delhi (NCT),Electronics,Audio,boAt Airdopes 141,1,1478,1478,17,1227,Credit Card,Returned,3,7,1813400.65
501983,11366,16-06-2025,32,Female,Gurugram,Haryana,Fashion,Accessories,Lavie Handbag,1,2408,2408,13,2095,Cash on Delivery,Delivered,3,4,40477276.30
501984,11232,29-03-2026,19,Male,Lucknow,Uttar Pradesh,Electronics,Smartphones,OnePlus Nord CE 4,1,24975,24975,28,17982,Cash on Delivery,Delivered,4,3,40477276.30
501985,11439,27-03-2025,39,Female,Kochi,Kerala,Books,Non-Fiction,Deep Work,1,487,487,10,438,UPI,Delivered,5,4,40477276.30
501986,10110,24-04-2026,33,Male,Kolkata,West Bengal,Sports,Fitness Equipment,Resistance Bands Set,2,662,1324,14,1139,Net Banking,Delivered,4,1,40477276.30
501987,11266,25-06-2026,18,Male,Nagpur,Maharashtra,Books,Academic,Database Management Systems,3,890,2669,15,2268,UPI,Delivered,3,3,40477276.30
501988,11277,27-05-2026,60,Female,Bengaluru,Karnataka,Sports,Outdoor Sports,Cosco Football,1,941,941,20,753,Wallet,Delivered,5,5,40477276.30
501989,10011,31-10-2025,29,Male,Ranchi,Jharkhand,Grocery,Beverages,Nescafe Classic,1,384,384,21,303,Credit Card,Delivered,4,7,40477276.30
501990,10263,28-04-2025,15,Male,Kolkata,West Bengal,Home & Kitchen,Home Decor,Wooden Photo Frame,1,739,739,29,525,Credit Card,Delivered,5,3,40477276.30
501991,11152,09-01-2026,15,Male,Ahmedabad,Gujarat,Sports,Accessories,Sports Cap,1,420,420,7,390,Cash on Delivery,Delivered,5,3,40477276.30
501992,11353,31-03-2026,40,Male,Mumbai,Maharashtra,Books,Academic,Data Structures Handbook,5,784,3919,27,2861,UPI,Delivered,4,3,40477276.30
501993,11276,29-05-2025,36,Male,Hyderabad,Telangana,Sports,Outdoor Sports,SG Cricket Bat,3,3321,9964,21,7871,Net Banking,Delivered,4,3,40477276.30
501994,10901,28-10-2025,38,Female,Lucknow,Uttar Pradesh,Fashion,Women Clothing,Aurelia Palazzo Set,5,2377,11886,27,8677,Debit Card,Delivered,5,3,40477276.30
501995,10850,16-03-2026,28,Male,Jaipur,Rajasthan,Beauty & Personal Care,Haircare,Mamaearth Hair Serum,1,516,516,19,418,UPI,Delivered,5,6,40477276.30
501996,11096,12-02-2026,33,Male,Bengaluru,Karnataka,Home & Kitchen,Furniture,Bedside Table,1,3411,3411,15,2900,Net Banking,Delivered,5,4,40477276.30
501997,10244,27-02-2026,44,Female,Indore,Madhya Pradesh,Electronics,Smartphones,Google Pixel 8a,1,52334,52334,18,42914,Debit Card,Returned,3,6,1813400.65
501998,10132,16-05-2026,35,Female,Delhi,Delhi (NCT),Fashion,Men Clothing,Levi's Slim Jeans,1,2583,2583,30,1808,UPI,Delivered,4,3,40477276.30
501999,10620,19-08-2025,36,Male,Pune,Maharashtra,Grocery,Snacks,Parle-G Biscuits,1,49,49,24,37,Debit Card,Delivered,3,2,40477276.30
502000,10385,01-03-2026,26,Male,Hyderabad,Telangana,Fashion,Footwear,Skechers Walking Shoes,1,6221,6221,19,5039,Wallet,Delivered,5,2,40477276.30
502001,10862,01-04-2026,17,Female,Surat,Gujarat,Electronics,Smartphones,OnePlus Nord CE 4,1,23951,23951,23,18442,Debit Card,Delivered,4,4,40477276.30
502002,11317,01-07-2025,22,Male,Mysuru,Karnataka,Beauty & Personal Care,Haircare,Dove Hair Mask,1,406,406,3,394,UPI,Delivered,4,3,40477276.30
502003,10752,23-08-2025,19,Female,Lucknow,Uttar Pradesh,Electronics,Laptops,Dell Inspiron 15,1,57663,57663,11,51320,Net Banking,Delivered,5,2,40477276.30
502004,10554,24-07-2026,37,Female,Guwahati,Assam,Books,Non-Fiction,Educated,1,616,616,18,505,UPI,Delivered,3,4,40477276.30
502005,11212,25-07-2026,26,Female,Lucknow,Uttar Pradesh,Beauty & Personal Care,Makeup,Sugar Mascara,3,805,2414,20,1931,UPI,Delivered,4,4,40477276.30
502006,10612,04-06-2026,33,Non-Binary,Jaipur,Rajasthan,Home & Kitchen,Furniture,Office Chair,1,8040,8040,22,6271,UPI,Delivered,5,1,40477276.30
502007,10261,04-04-2025,24,Female,Pune,Maharashtra,Sports,Fitness Equipment,Skipping Rope,2,289,578,5,549,UPI,Delivered,3,2,40477276.30
502008,10673,26-05-2026,30,Male,Chennai,Tamil Nadu,Home & Kitchen,Storage,Plastic Storage Box Set,1,1014,1014,14,872,Cash on Delivery,Delivered,4,1,40477276.30
502009,10031,24-04-2026,27,Female,Bengaluru,Karnataka,Sports,Accessories,Sports Cap,3,410,1231,30,862,UPI,Delivered,4,4,40477276.30
502010,10681,05-02-2025,42,Male,Delhi,Delhi (NCT),Home & Kitchen,Kitchen Appliances,Havells OTG Oven,1,6693,6693,30,4685,UPI,Delivered,5,2,40477276.30
502011,11368,23-10-2025,24,Male,Chennai,Tamil Nadu,Grocery,Household,Vim Dishwash Liquid,1,196,196,12,172,Credit Card,Delivered,3,2,40477276.30
502012,10024,30-01-2026,18,Male,Bengaluru,Karnataka,Fashion,Men Clothing,Peter England Formal Shirt,1,1815,1815,25,1361,UPI,Delivered,5,1,40477276.30
502013,10676,03-01-2025,25,Male,Delhi,Delhi (NCT),Beauty & Personal Care,Personal Care,Gillette Shaving Kit,3,570,1710,21,1351,UPI,Delivered,5,3,40477276.30
502014,11416,06-02-2026,44,Male,Surat,Gujarat,Electronics,Laptops,Lenovo IdeaPad Slim 5,1,61729,61729,28,44445,Debit Card,Returned,3,1,1813400.65
502015,10158,14-01-2026,39,Female,Lucknow,Uttar Pradesh,Electronics,Audio,JBL Tune 770NC,1,5722,5722,4,5493,Debit Card,Delivered,5,4,40477276.30
502016,10768,22-10-2025,53,Male,Chennai,Tamil Nadu,Electronics,Smart Devices,Samsung Galaxy Watch,1,24868,24868,30,17407,UPI,Delivered,4,3,40477276.30
502017,11200,18-01-2026,49,Male,Lucknow,Uttar Pradesh,Grocery,Staples,India Gate Basmati Rice 5kg,1,728,728,27,531,Debit Card,Delivered,4,3,40477276.30
502018,11186,16-08-2025,44,Female,Mysuru,Karnataka,Electronics,Laptops,ASUS Vivobook 15,1,56339,56339,30,39437,UPI,Cancelled,2,0,3077928.23
502019,10800,15-05-2026,34,Male,Vadodara,Gujarat,Home & Kitchen,Furniture,Bookshelf,1,6322,6322,12,5563,Credit Card,Delivered,5,4,40477276.30
502020,11077,06-05-2025,17,Female,Delhi,Delhi (NCT),Beauty & Personal Care,Makeup,Maybelline Foundation,2,720,1440,29,1022,Credit Card,Delivered,2,3,40477276.30
502021,10604,15-04-2025,49,Female,Indore,Madhya Pradesh,Fashion,Men Clothing,Levi's Slim Jeans,1,2607,2607,15,2216,UPI,Delivered,4,1,40477276.30
502022,10180,30-04-2025,64,Female,Mumbai,Maharashtra,Grocery,Staples,India Gate Basmati Rice 5kg,2,681,1362,18,1117,UPI,Delivered,4,4,40477276.30
502023,10684,14-02-2026,39,Male,Pune,Maharashtra,Home & Kitchen,Storage,Kitchen Storage Jars,1,1197,1197,6,1125,Credit Card,Delivered,3,2,40477276.30
502024,10226,18-08-2026,46,Male,Lucknow,Uttar Pradesh,Electronics,Smart Devices,Mi Smart Band 8,3,3521,10564,26,7817,Net Banking,Delivered,5,3,40477276.30
502025,10202,01-02-2025,40,Female,Delhi,Delhi (NCT),Sports,Outdoor Sports,Cosco Football,2,877,1755,20,1404,UPI,Cancelled,4,0,3077928.23
502026,10771,14-04-2026,42,Male,Chennai,Tamil Nadu,Books,Self-Help,The Psychology of Money,1,569,569,22,443,Credit Card,Delivered,4,3,40477276.30
502027,10973,29-04-2026,43,Female,Delhi,Delhi (NCT),Grocery,Snacks,Lays Classic Chips,2,40,80,22,63,Net Banking,Delivered,3,4,40477276.30
502028,10782,06-05-2025,19,Male,Indore,Madhya Pradesh,Fashion,Men Clothing,Levi's Slim Jeans,1,2531,2531,2,2480,UPI,Delivered,4,1,40477276.30
502029,11032,23-05-2026,16,Male,Surat,Gujarat,Beauty & Personal Care,Haircare,Dove Hair Mask,1,411,411,27,300,UPI,Returned,5,3,1813400.65
502030,11000,26-06-2026,40,Male,Ahmedabad,Gujarat,Home & Kitchen,Furniture,Office Chair,2,7788,15576,9,14174,Debit Card,Delivered,5,7,40477276.30
502031,10866,11-03-2026,30,Male,Chandigarh,Chandigarh (UT),Fashion,Women Clothing,Libas Anarkali Kurta,1,2003,2003,9,1823,Net Banking,Delivered,4,5,40477276.30
502032,11085,29-04-2025,38,Male,Pune,Maharashtra,Electronics,Smart Devices,Samsung Galaxy Watch,4,25411,101645,30,71152,Debit Card,Delivered,5,4,40477276.30
502033,11249,25-05-2026,37,Male,Bengaluru,Karnataka,Electronics,Smartphones,Samsung Galaxy A55,1,39174,39174,28,28205,UPI,Delivered,3,3,40477276.30
502034,10916,24-02-2025,37,Non-Binary,Chennai,Tamil Nadu,Beauty & Personal Care,Skincare,The Derma Co Sunscreen,2,471,941,26,697,Net Banking,Delivered,5,5,40477276.30
502035,10118,23-03-2025,21,Male,Jaipur,Rajasthan,Home & Kitchen,Furniture,Office Chair,1,7528,7528,17,6249,UPI,Delivered,5,1,40477276.30
502036,10297,17-09-2025,44,Female,Indore,Madhya Pradesh,Fashion,Accessories,Fastrack Analog Watch,2,2452,4904,16,4119,Credit Card,Delivered,5,3,40477276.30
502037,10038,18-01-2026,15,Female,Hyderabad,Telangana,Electronics,Smartphones,Google Pixel 8a,1,51622,51622,18,42330,Net Banking,Delivered,3,4,40477276.30
502038,11142,25-07-2026,49,Male,Pune,Maharashtra,Home & Kitchen,Home Decor,Decorative Table Lamp,3,1796,5387,15,4579,Debit Card,Delivered,4,2,40477276.30
502039,11177,05-03-2026,15,Male,Surat,Gujarat,Electronics,Laptops,Dell Inspiron 15,1,54654,54654,23,42083,Credit Card,Cancelled,1,0,3077928.23
502040,10124,29-10-2025,19,Male,Chandigarh,Chandigarh (UT),Beauty & Personal Care,Skincare,Neutrogena Moisturizer,1,821,821,29,583,Debit Card,Delivered,4,4,40477276.30
502041,11449,31-07-2026,48,Female,Bengaluru,Karnataka,Beauty & Personal Care,Haircare,Tresemme Conditioner,1,475,475,8,437,UPI,Cancelled,4,0,3077928.23
502042,11107,27-01-2025,41,Male,Bhopal,Madhya Pradesh,Sports,Outdoor Sports,SG Cricket Bat,3,3551,10652,30,7456,Cash on Delivery,Delivered,5,4,40477276.30
502043,10972,27-01-2026,27,Male,Hyderabad,Telangana,Beauty & Personal Care,Makeup,Sugar Mascara,1,763,763,6,717,Credit Card,Delivered,5,3,40477276.30
502044,10746,15-10-2025,26,Male,Visakhapatnam,Andhra Pradesh,Books,Self-Help,The Power of Habit,2,490,980,26,725,Credit Card,Delivered,3,4,40477276.30
502045,10897,28-05-2026,32,Male,Hyderabad,Telangana,Electronics,Audio,OnePlus Buds 3,3,5810,17431,9,15862,Debit Card,Delivered,4,1,40477276.30
502046,11062,15-02-2025,15,Male,Jaipur,Rajasthan,Fashion,Accessories,Wildcraft Backpack,1,2060,2060,18,1689,Net Banking,Cancelled,3,0,3077928.23
502047,11428,03-05-2026,22,Non-Binary,Kolkata,West Bengal,Beauty & Personal Care,Personal Care,Dove Body Wash,1,394,394,23,303,UPI,Delivered,4,3,40477276.30
502048,10363,25-04-2025,33,Female,Nashik,Maharashtra,Beauty & Personal Care,Makeup,Sugar Mascara,1,811,811,15,689,Debit Card,Returned,1,2,1813400.65
502049,10781,06-11-2025,36,Female,Hyderabad,Telangana,Grocery,Staples,Fortune Sunflower Oil 1L,1,157,157,10,141,UPI,Delivered,4,7,40477276.30
502050,10583,20-07-2025,41,Male,Ahmedabad,Gujarat,Sports,Accessories,Sports Cap,2,420,841,19,681,UPI,Delivered,4,2,40477276.30
502051,10657,10-06-2025,34,Female,Bhubaneswar,Odisha,Home & Kitchen,Storage,Wardrobe Organizer,3,920,2759,30,1931,Cash on Delivery,Delivered,5,3,40477276.30
502052,10816,04-06-2026,18,Male,Jaipur,Rajasthan,Beauty & Personal Care,Haircare,L'Oreal Shampoo,1,616,616,18,505,Credit Card,Delivered,4,3,40477276.30
502053,11141,30-07-2026,31,Female,Bhopal,Madhya Pradesh,Electronics,Laptops,ASUS Vivobook 15,1,57811,57811,16,48561,UPI,Delivered,5,5,40477276.30
502054,10100,02-04-2026,31,Female,Mumbai,Maharashtra,Fashion,Men Clothing,Allen Solly Polo T-Shirt,2,1647,3295,25,2471,UPI,Delivered,1,5,40477276.30
502055,11293,04-03-2026,34,Female,Patna,Bihar,Fashion,Footwear,Puma Sneakers,2,4055,8109,17,6731,Debit Card,Delivered,5,2,40477276.30
502056,10914,24-09-2025,51,Male,Kochi,Kerala,Home & Kitchen,Furniture,Bookshelf,1,6208,6208,29,4408,Debit Card,Delivered,3,2,40477276.30
502057,10556,29-05-2025,29,Female,Bengaluru,Karnataka,Electronics,Smart Devices,Samsung Galaxy Watch,1,23641,23641,4,22695,Credit Card,Delivered,4,5,40477276.30
502058,10705,03-08-2025,17,Male,Nagpur,Maharashtra,Sports,Outdoor Sports,Nivia Basketball,2,1033,2065,21,1632,Net Banking,Delivered,4,5,40477276.30
502059,10627,11-05-2026,23,Female,Mumbai,Maharashtra,Electronics,Audio,Sony WH-CH520,1,4586,4586,10,4127,UPI,Delivered,5,6,40477276.30
502060,10633,10-01-2026,32,Female,Nashik,Maharashtra,Fashion,Men Clothing,Levi's Slim Jeans,1,2379,2379,13,2070,UPI,Delivered,4,4,40477276.30
502061,10216,23-04-2025,42,Male,Mumbai,Maharashtra,Grocery,Beverages,Nescafe Classic,2,411,823,26,609,UPI,Delivered,4,5,40477276.30
502062,10208,23-06-2025,40,Male,Patna,Bihar,Electronics,Laptops,HP Pavilion 14,3,62157,186471,22,145448,Credit Card,Delivered,4,1,40477276.30
502063,10662,24-06-2026,28,Female,Nashik,Maharashtra,Electronics,Laptops,Lenovo IdeaPad Slim 5,2,64373,128746,18,105572,Debit Card,Delivered,4,2,40477276.30
502064,11386,08-11-2025,37,Female,Indore,Madhya Pradesh,Books,Fiction,Ikigai,4,402,1610,14,1384,Credit Card,Returned,3,4,1813400.65
502065,11360,08-12-2025,36,Male,Hyderabad,Telangana,Grocery,Household,Harpic Toilet Cleaner,1,196,196,29,139,Credit Card,Delivered,4,1,40477276.30
502066,10621,10-08-2026,25,Female,Delhi,Delhi (NCT),Electronics,Smartphones,OnePlus Nord CE 4,1,24129,24129,29,17131,Credit Card,Cancelled,5,0,3077928.23
502067,10899,27-07-2026,47,Female,Ranchi,Jharkhand,Electronics,Laptops,Dell Inspiron 15,1,59147,59147,24,44952,UPI,Returned,3,3,1813400.65
502068,10458,10-05-2025,23,Male,Chennai,Tamil Nadu,Home & Kitchen,Kitchen Appliances,Bajaj Air Fryer,2,5123,10246,29,7274,Net Banking,Delivered,1,6,40477276.30
502069,10248,19-12-2025,27,Female,Jaipur,Rajasthan,Sports,Outdoor Sports,Yonex Badminton Racket,1,2429,2429,26,1798,Debit Card,Delivered,5,7,40477276.30
502070,11055,13-02-2025,28,Female,Delhi,Delhi (NCT),Fashion,Footwear,Skechers Walking Shoes,1,5821,5821,27,4250,Cash on Delivery,Delivered,5,5,40477276.30
502071,11014,09-09-2025,26,Male,Vadodara,Gujarat,Home & Kitchen,Kitchen Appliances,Philips Mixer Grinder,2,3402,6804,5,6464,Credit Card,Delivered,3,5,40477276.30
502072,10322,04-04-2026,41,Male,Delhi,Delhi (NCT),Sports,Accessories,Sports Cap,1,407,407,28,293,UPI,Delivered,3,4,40477276.30
502073,11165,08-02-2026,45,Male,Coimbatore,Tamil Nadu,Fashion,Accessories,Wildcraft Backpack,3,1930,5791,19,4691,Credit Card,Delivered,4,4,40477276.30
502074,11000,07-06-2026,40,Male,Ahmedabad,Gujarat,Fashion,Men Clothing,Allen Solly Polo T-Shirt,1,1505,1505,20,1204,UPI,Delivered,3,3,40477276.30
502075,10621,27-07-2025,25,Female,Delhi,Delhi (NCT),Fashion,Accessories,Titan Wallet,1,1513,1513,25,1135,UPI,Delivered,4,5,40477276.30
502076,10871,03-01-2026,32,Female,Surat,Gujarat,Electronics,Laptops,ASUS Vivobook 15,1,53982,53982,30,37788,Credit Card,Delivered,4,5,40477276.30
502077,11343,02-03-2026,39,Male,Delhi,Delhi (NCT),Electronics,Laptops,ASUS Vivobook 15,1,53043,53043,28,38191,UPI,Delivered,5,2,40477276.30
502078,11355,05-01-2025,28,Male,Bhopal,Madhya Pradesh,Electronics,Smart Devices,Apple Watch SE,2,28765,57531,13,50052,UPI,Delivered,4,3,40477276.30
502079,10187,26-05-2025,39,Male,Chennai,Tamil Nadu,Electronics,Audio,boAt Airdopes 141,1,1437,1437,11,1279,Net Banking,Delivered,4,4,40477276.30
502080,10775,30-06-2026,41,Male,Hyderabad,Telangana,Sports,Sportswear,Adidas Track Pants,1,2501,2501,22,1951,Credit Card,Delivered,4,4,40477276.30
502081,10258,08-07-2025,26,Male,Bhubaneswar,Odisha,Fashion,Women Clothing,W Women Dress,2,2402,4803,28,3458,Debit Card,Delivered,5,7,40477276.30
502082,10219,15-07-2026,29,Male,Delhi,Delhi (NCT),Fashion,Women Clothing,Aurelia Palazzo Set,1,2251,2251,6,2116,UPI,Delivered,5,4,40477276.30
502083,10103,24-06-2025,30,Male,Lucknow,Uttar Pradesh,Fashion,Accessories,Lavie Handbag,2,2346,4692,28,3378,UPI,Delivered,4,2,40477276.30
502084,10928,13-08-2026,38,Female,Mumbai,Maharashtra,Grocery,Beverages,Tata Tea Gold,2,260,520,4,500,UPI,Delivered,2,4,40477276.30
502085,11119,13-02-2025,36,Female,Bengaluru,Karnataka,Beauty & Personal Care,Skincare,Cetaphil Face Wash,1,733,733,12,645,Net Banking,Delivered,3,2,40477276.30
502086,10215,08-06-2026,31,Female,Bhopal,Madhya Pradesh,Grocery,Staples,India Gate Basmati Rice 5kg,1,697,697,12,614,Credit Card,Delivered,4,2,40477276.30
502087,10495,18-09-2025,51,Male,Bhubaneswar,Odisha,Home & Kitchen,Home Decor,Wall Art Set,2,1296,2591,15,2203,UPI,Delivered,5,4,40477276.30
502088,10427,31-01-2025,23,Female,Ranchi,Jharkhand,Fashion,Accessories,Fastrack Analog Watch,1,2496,2496,13,2171,UPI,Delivered,5,3,40477276.30
502089,10700,14-04-2026,32,Male,Bhubaneswar,Odisha,Fashion,Men Clothing,Peter England Formal Shirt,3,1899,5698,29,4045,UPI,Delivered,4,3,40477276.30
502090,10234,12-04-2026,27,Female,Ahmedabad,Gujarat,Home & Kitchen,Storage,Cloth Organizer,5,730,3652,19,2958,UPI,Delivered,3,3,40477276.30
502091,11058,07-01-2025,47,Female,Mumbai,Maharashtra,Home & Kitchen,Kitchen Appliances,Philips Mixer Grinder,1,3379,3379,18,2771,Credit Card,Delivered,2,4,40477276.30
502092,10839,23-02-2026,45,Male,Jaipur,Rajasthan,Electronics,Audio,Sony WH-CH520,1,4660,4660,3,4520,Debit Card,Returned,1,3,1813400.65
502093,10765,12-07-2026,47,Female,Visakhapatnam,Andhra Pradesh,Grocery,Beverages,Nescafe Classic,1,391,391,22,305,UPI,Delivered,5,3,40477276.30
502094,10483,02-01-2026,16,Female,Pune,Maharashtra,Books,Academic,Data Structures Handbook,1,778,778,23,599,Credit Card,Delivered,5,5,40477276.30
502095,10872,09-07-2026,25,Female,Bengaluru,Karnataka,Beauty & Personal Care,Makeup,Lakme Lipstick,1,591,591,21,467,UPI,Delivered,4,3,40477276.30
502096,10506,10-07-2025,29,Female,Bengaluru,Karnataka,Grocery,Staples,Tata Salt 1kg,3,30,89,9,81,UPI,Delivered,2,5,40477276.30
502097,10772,16-01-2025,28,Male,Kolkata,West Bengal,Electronics,Smart Devices,Samsung Galaxy Watch,1,23639,23639,19,19147,UPI,Delivered,5,2,40477276.30
502098,11240,06-05-2026,52,Male,Mumbai,Maharashtra,Fashion,Men Clothing,Roadster Casual Shirt,1,1292,1292,30,905,UPI,Delivered,5,4,40477276.30
502099,10117,17-04-2026,34,Female,Chennai,Tamil Nadu,Electronics,Audio,OnePlus Buds 3,1,5399,5399,20,4319,UPI,Delivered,3,7,40477276.30
502100,10682,04-04-2025,22,Female,Hyderabad,Telangana,Fashion,Women Clothing,Aurelia Palazzo Set,2,2210,4419,4,4243,Cash on Delivery,Delivered,3,3,40477276.30
502101,10041,16-07-2026,42,Male,Mysuru,Karnataka,Beauty & Personal Care,Makeup,Maybelline Foundation,1,734,734,15,624,Cash on Delivery,Delivered,5,4,40477276.30
502102,10298,25-05-2025,37,Male,Bengaluru,Karnataka,Home & Kitchen,Storage,Plastic Storage Box Set,1,965,965,28,695,UPI,Delivered,5,3,40477276.30
502103,10636,30-01-2025,16,Female,Mumbai,Maharashtra,Fashion,Footwear,Skechers Walking Shoes,2,6056,12112,6,11386,UPI,Delivered,3,7,40477276.30
502104,10879,10-04-2026,34,Male,Delhi,Delhi (NCT),Home & Kitchen,Furniture,Study Table,1,6784,6784,27,4952,Credit Card,Delivered,5,2,40477276.30
502105,11310,22-02-2025,39,Male,Dehradun,Uttarakhand,Home & Kitchen,Home Decor,Wall Art Set,1,1258,1258,14,1082,Debit Card,Delivered,5,5,40477276.30
502106,10823,07-04-2025,59,Female,Delhi,Delhi (NCT),Grocery,Snacks,Parle-G Biscuits,2,49,97,15,83,Debit Card,Delivered,4,5,40477276.30
502107,10925,01-09-2025,47,Non-Binary,Lucknow,Uttar Pradesh,Home & Kitchen,Kitchen Appliances,Bajaj Air Fryer,2,4702,9403,13,8181,Debit Card,Cancelled,5,0,3077928.23
502108,10113,24-01-2025,35,Female,Bengaluru,Karnataka,Electronics,Audio,Sony WH-CH520,1,4721,4721,15,4013,UPI,Delivered,5,3,40477276.30
502109,11378,23-01-2026,45,Male,Mumbai,Maharashtra,Grocery,Staples,Tata Salt 1kg,4,30,120,26,89,Net Banking,Delivered,5,6,40477276.30
502110,10640,05-07-2026,20,Female,Lucknow,Uttar Pradesh,Fashion,Men Clothing,Levi's Slim Jeans,1,2374,2374,26,1757,Cash on Delivery,Delivered,4,3,40477276.30
502111,10186,28-06-2026,42,Female,Mumbai,Maharashtra,Sports,Fitness Equipment,Decathlon Yoga Mat,3,939,2817,6,2648,UPI,Delivered,5,2,40477276.30
502112,11220,30-07-2025,58,Female,Hyderabad,Telangana,Books,Non-Fiction,Sapiens,1,704,704,30,493,Cash on Delivery,Delivered,5,2,40477276.30
502113,10516,02-01-2025,42,Female,Bhopal,Madhya Pradesh,Books,Academic,Python Programming,2,708,1416,22,1105,UPI,Delivered,4,4,40477276.30
502114,10935,13-06-2025,39,Male,Chennai,Tamil Nadu,Fashion,Men Clothing,Levi's Slim Jeans,1,2645,2645,19,2142,Debit Card,Delivered,4,6,40477276.30
502115,10698,06-03-2025,20,Female,Bengaluru,Karnataka,Electronics,Audio,JBL Tune 770NC,1,6347,6347,12,5585,Credit Card,Delivered,5,1,40477276.30
502116,10325,11-06-2026,23,Female,Lucknow,Uttar Pradesh,Home & Kitchen,Storage,Kitchen Storage Jars,2,1153,2307,15,1961,Debit Card,Delivered,3,7,40477276.30
502117,10950,30-03-2025,37,Male,Kolkata,West Bengal,Books,Self-Help,The 7 Habits of Highly Effective People,1,696,696,18,571,UPI,Delivered,3,5,40477276.30
502118,10336,27-04-2025,32,Female,Vadodara,Gujarat,Fashion,Accessories,Wildcraft Backpack,1,1932,1932,7,1797,Credit Card,Delivered,4,3,40477276.30
502119,10146,07-02-2026,43,Female,Delhi,Delhi (NCT),Beauty & Personal Care,Personal Care,Himalaya Face Scrub,1,296,296,30,207,Cash on Delivery,Delivered,5,6,40477276.30
502120,10019,10-05-2026,24,Female,Surat,Gujarat,Electronics,Smartphones,Samsung Galaxy A55,1,38650,38650,20,30920,Credit Card,Delivered,5,4,40477276.30
502121,11359,28-07-2025,18,Male,Mysuru,Karnataka,Beauty & Personal Care,Makeup,Sugar Mascara,2,822,1644,28,1184,UPI,Delivered,5,1,40477276.30
502122,10380,25-02-2026,25,Female,Visakhapatnam,Andhra Pradesh,Fashion,Footwear,Skechers Walking Shoes,3,6304,18911,20,15129,UPI,Delivered,5,2,40477276.30
502123,10411,21-02-2025,42,Male,Bengaluru,Karnataka,Sports,Sportswear,Decathlon Sports T-Shirt,1,827,827,15,703,UPI,Returned,5,3,1813400.65
502124,10568,05-06-2026,23,Female,Jaipur,Rajasthan,Sports,Outdoor Sports,Yonex Badminton Racket,2,2179,4359,14,3749,UPI,Delivered,4,2,40477276.30
502125,11276,13-02-2026,36,Male,Hyderabad,Telangana,Beauty & Personal Care,Makeup,Lakme Lipstick,1,597,597,29,424,Credit Card,Delivered,4,5,40477276.30
502126,10826,17-06-2025,50,Female,Coimbatore,Tamil Nadu,Home & Kitchen,Furniture,Bookshelf,1,5639,5639,16,4737,Cash on Delivery,Delivered,5,4,40477276.30
502127,10729,02-08-2025,28,Female,Bhubaneswar,Odisha,Home & Kitchen,Home Decor,Wall Art Set,3,1350,4049,29,2875,Credit Card,Delivered,4,4,40477276.30
502128,10208,14-11-2025,40,Male,Patna,Bihar,Fashion,Footwear,Nike Revolution Running Shoes,4,5149,20597,27,15036,UPI,Delivered,4,5,40477276.30
502129,10394,08-08-2025,54,Female,Mumbai,Maharashtra,Beauty & Personal Care,Haircare,L'Oreal Shampoo,1,587,587,12,516,UPI,Delivered,4,4,40477276.30
502130,10676,06-04-2025,25,Male,Delhi,Delhi (NCT),Sports,Sportswear,Decathlon Sports T-Shirt,1,775,775,2,759,Credit Card,Delivered,4,2,40477276.30
502131,10069,04-06-2026,38,Female,Ranchi,Jharkhand,Home & Kitchen,Kitchen Appliances,Havells OTG Oven,1,7401,7401,17,6143,Debit Card,Delivered,5,6,40477276.30
502132,10576,16-05-2025,15,Male,Visakhapatnam,Andhra Pradesh,Books,Non-Fiction,Deep Work,1,513,513,13,447,Credit Card,Delivered,5,2,40477276.30
502133,10858,12-10-2025,39,Male,Indore,Madhya Pradesh,Fashion,Footwear,Skechers Walking Shoes,3,6139,18418,15,15655,UPI,Delivered,5,6,40477276.30
502134,11179,15-01-2026,23,Male,Hyderabad,Telangana,Electronics,Laptops,HP Pavilion 14,1,64814,64814,18,53147,Credit Card,Delivered,5,3,40477276.30
502135,10701,15-02-2026,28,Male,Bhopal,Madhya Pradesh,Fashion,Footwear,Nike Revolution Running Shoes,1,5261,5261,10,4734,UPI,Delivered,4,3,40477276.30
502136,10664,08-04-2026,28,Male,Kolkata,West Bengal,Electronics,Smartphones,OnePlus Nord CE 4,1,25770,25770,30,18039,Cash on Delivery,Delivered,4,6,40477276.30
502137,10242,12-11-2025,33,Male,Nagpur,Maharashtra,Beauty & Personal Care,Makeup,Maybelline Foundation,1,695,695,12,611,Debit Card,Delivered,4,4,40477276.30
502138,10417,26-07-2025,51,Female,Vadodara,Gujarat,Electronics,Smartphones,Google Pixel 8a,3,53524,160572,25,120429,Credit Card,Delivered,2,3,40477276.30
502139,10389,28-01-2026,44,Female,Chandigarh,Chandigarh (UT),Electronics,Audio,OnePlus Buds 3,1,5595,5595,24,4253,UPI,Delivered,5,2,40477276.30
502140,10978,26-07-2025,15,Male,Mysuru,Karnataka,Fashion,Men Clothing,Allen Solly Polo T-Shirt,1,1521,1521,15,1293,Credit Card,Delivered,5,4,40477276.30
502141,10414,01-09-2025,48,Male,Kochi,Kerala,Home & Kitchen,Home Decor,Wall Art Set,5,1231,6153,19,4984,Credit Card,Delivered,4,4,40477276.30
502142,11107,28-02-2026,41,Male,Bhopal,Madhya Pradesh,Fashion,Men Clothing,Roadster Casual Shirt,1,1364,1364,26,1009,UPI,Delivered,4,7,40477276.30
502143,10806,01-01-2026,31,Female,Mumbai,Maharashtra,Grocery,Snacks,Lays Classic Chips,1,39,39,4,38,Credit Card,Cancelled,3,0,3077928.23
502144,11073,17-04-2025,35,Female,Hyderabad,Telangana,Home & Kitchen,Kitchen Appliances,Philips Mixer Grinder,2,3446,6892,24,5238,Debit Card,Delivered,4,3,40477276.30
502145,10573,15-07-2026,38,Male,Delhi,Delhi (NCT),Sports,Sportswear,Decathlon Sports T-Shirt,1,775,775,19,628,Debit Card,Delivered,4,4,40477276.30
502146,11440,02-02-2025,42,Male,Bengaluru,Karnataka,Grocery,Household,Harpic Toilet Cleaner,3,190,569,24,432,UPI,Delivered,3,3,40477276.30
502147,11058,17-07-2026,47,Female,Mumbai,Maharashtra,Electronics,Laptops,HP Pavilion 14,2,62980,125961,25,94471,UPI,Delivered,4,4,40477276.30
502148,11435,08-01-2025,32,Male,Kolkata,West Bengal,Fashion,Footwear,Nike Revolution Running Shoes,1,5084,5084,26,3762,Credit Card,Delivered,5,7,40477276.30
502149,11014,12-06-2025,26,Male,Vadodara,Gujarat,Home & Kitchen,Kitchen Appliances,Bajaj Air Fryer,1,5210,5210,21,4116,UPI,Delivered,4,2,40477276.30
502150,11059,08-07-2025,40,Male,Lucknow,Uttar Pradesh,Beauty & Personal Care,Makeup,Maybelline Foundation,1,661,661,4,634,UPI,Delivered,5,6,40477276.30
502151,10207,09-12-2025,40,Male,Hyderabad,Telangana,Beauty & Personal Care,Personal Care,Gillette Shaving Kit,1,603,603,25,453,Cash on Delivery,Delivered,4,4,40477276.30
502152,10838,05-08-2025,23,Female,Mumbai,Maharashtra,Fashion,Women Clothing,Libas Anarkali Kurta,2,2110,4219,7,3924,Debit Card,Delivered,4,4,40477276.30
502153,10701,21-06-2025,28,Male,Bhopal,Madhya Pradesh,Books,Academic,Data Structures Handbook,2,842,1685,8,1550,Net Banking,Delivered,4,3,40477276.30
502154,11163,20-08-2026,19,Male,Mumbai,Maharashtra,Home & Kitchen,Furniture,Office Chair,1,7844,7844,6,7373,UPI,Delivered,4,3,40477276.30
502155,10080,20-01-2026,15,Female,Chennai,Tamil Nadu,Fashion,Footwear,Puma Sneakers,1,4081,4081,16,3428,Cash on Delivery,Delivered,3,2,40477276.30
502156,11092,18-05-2025,34,Female,Ahmedabad,Gujarat,Fashion,Accessories,Titan Wallet,2,1458,2915,6,2740,Credit Card,Returned,2,4,1813400.65
502157,10845,06-05-2025,36,Female,Hyderabad,Telangana,Home & Kitchen,Home Decor,Wall Art Set,1,1336,1336,25,1002,UPI,Delivered,5,2,40477276.30
502158,11331,03-04-2025,51,Female,Pune,Maharashtra,Grocery,Staples,Fortune Sunflower Oil 1L,1,161,161,10,145,Credit Card,Delivered,2,3,40477276.30
502159,10961,01-10-2025,41,Male,Jaipur,Rajasthan,Fashion,Men Clothing,Levi's Slim Jeans,1,2420,2420,27,1766,UPI,Cancelled,5,0,3077928.23
502160,10845,02-09-2025,36,Female,Hyderabad,Telangana,Home & Kitchen,Kitchen Appliances,Philips Mixer Grinder,3,3179,9536,29,6771,UPI,Delivered,4,4,40477276.30
502161,11084,09-05-2025,57,Female,Delhi,Delhi (NCT),Electronics,Smartphones,Google Pixel 8a,4,53338,213352,5,202684,Debit Card,Delivered,4,4,40477276.30
502162,11184,26-02-2026,17,Male,Mumbai,Maharashtra,Grocery,Beverages,Real Fruit Juice,1,188,188,22,147,UPI,Delivered,3,4,40477276.30
502163,11388,08-05-2026,51,Female,Kolkata,West Bengal,Beauty & Personal Care,Skincare,Neutrogena Moisturizer,1,845,845,10,760,Debit Card,Delivered,3,3,40477276.30
502164,10117,18-01-2026,34,Female,Chennai,Tamil Nadu,Home & Kitchen,Furniture,Office Chair,1,8445,8445,30,5911,Cash on Delivery,Delivered,5,5,40477276.30
502165,10178,08-01-2025,50,Male,Patna,Bihar,Beauty & Personal Care,Skincare,Cetaphil Face Wash,1,711,711,17,590,Credit Card,Delivered,4,3,40477276.30
502166,10313,12-06-2026,43,Female,Nashik,Maharashtra,Beauty & Personal Care,Skincare,Minimalist Niacinamide Serum,2,606,1212,20,970,UPI,Returned,4,5,1813400.65
502167,11135,11-08-2025,31,Female,Pune,Maharashtra,Electronics,Smartphones,Samsung Galaxy A55,1,39282,39282,10,35354,UPI,Delivered,3,3,40477276.30
502168,10295,20-06-2025,38,Female,Coimbatore,Tamil Nadu,Fashion,Accessories,Fastrack Analog Watch,1,2637,2637,18,2162,UPI,Delivered,2,3,40477276.30
502169,10904,20-04-2026,48,Male,Indore,Madhya Pradesh,Beauty & Personal Care,Skincare,Neutrogena Moisturizer,1,757,757,10,681,Debit Card,Delivered,5,6,40477276.30
502170,10213,14-06-2026,44,Male,Bengaluru,Karnataka,Beauty & Personal Care,Makeup,Lakme Lipstick,1,577,577,29,410,Credit Card,Delivered,3,6,40477276.30
502171,11015,12-08-2025,53,Female,Pune,Maharashtra,Books,Academic,Data Structures Handbook,1,784,784,21,619,Credit Card,Delivered,4,7,40477276.30
502172,11430,07-05-2025,31,Male,Ahmedabad,Gujarat,Electronics,Smart Devices,Samsung Galaxy Watch,1,24490,24490,11,21796,UPI,Delivered,5,3,40477276.30
502173,10514,01-01-2025,24,Female,Delhi,Delhi (NCT),Fashion,Footwear,Skechers Walking Shoes,1,6303,6303,24,4790,Wallet,Delivered,4,2,40477276.30
502174,11394,17-07-2025,36,Female,Gurugram,Haryana,Books,Self-Help,The 7 Habits of Highly Effective People,1,661,661,29,469,Cash on Delivery,Delivered,5,3,40477276.30
502175,10309,09-06-2025,40,Male,Kolkata,West Bengal,Sports,Fitness Equipment,Decathlon Yoga Mat,2,954,1909,29,1355,UPI,Delivered,4,3,40477276.30
502176,10233,01-06-2026,35,Female,Hyderabad,Telangana,Electronics,Smart Devices,Samsung Galaxy Watch,2,25276,50551,30,35386,Debit Card,Delivered,4,4,40477276.30
502177,11112,28-08-2025,36,Female,Hyderabad,Telangana,Fashion,Women Clothing,Aurelia Palazzo Set,4,2339,9357,28,6737,UPI,Delivered,5,4,40477276.30
502178,10628,06-09-2025,33,Female,Bhubaneswar,Odisha,Home & Kitchen,Furniture,Bedside Table,1,3586,3586,27,2618,UPI,Delivered,5,1,40477276.30
502179,10531,19-06-2026,41,Female,Indore,Madhya Pradesh,Home & Kitchen,Kitchen Appliances,Philips Mixer Grinder,3,3252,9756,10,8780,UPI,Delivered,5,5,40477276.30
502180,10884,24-03-2025,45,Female,Jaipur,Rajasthan,Electronics,Smartphones,Apple iPhone 15,2,72261,144523,7,134406,Debit Card,Delivered,3,1,40477276.30
502181,10348,29-09-2025,19,Female,Mumbai,Maharashtra,Beauty & Personal Care,Skincare,Neutrogena Moisturizer,1,821,821,23,633,UPI,Delivered,5,4,40477276.30
502182,11226,15-06-2026,33,Male,Patna,Bihar,Grocery,Household,Colin Glass Cleaner,1,147,147,19,119,UPI,Delivered,5,6,40477276.30
502183,10956,14-02-2026,46,Male,Pune,Maharashtra,Home & Kitchen,Storage,Cloth Organizer,1,721,721,24,548,UPI,Delivered,5,2,40477276.30
502184,10894,04-02-2025,47,Male,Ahmedabad,Gujarat,Beauty & Personal Care,Haircare,Dove Hair Mask,2,405,809,13,704,Credit Card,Delivered,4,5,40477276.30
502185,11026,07-05-2026,39,Male,Surat,Gujarat,Home & Kitchen,Storage,Plastic Storage Box Set,1,940,940,8,865,UPI,Delivered,4,5,40477276.30
502186,11077,30-07-2026,17,Female,Delhi,Delhi (NCT),Beauty & Personal Care,Skincare,Minimalist Niacinamide Serum,1,573,573,21,453,Debit Card,Delivered,4,4,40477276.30
502187,10587,08-05-2025,29,Non-Binary,Mumbai,Maharashtra,Home & Kitchen,Home Decor,Decorative Table Lamp,1,2008,2008,21,1586,Cash on Delivery,Delivered,5,2,40477276.30
502188,11013,06-06-2026,57,Female,Surat,Gujarat,Fashion,Accessories,Fastrack Analog Watch,2,2608,5215,3,5059,UPI,Delivered,5,2,40477276.30
502189,10129,31-03-2026,35,Female,Bhopal,Madhya Pradesh,Electronics,Audio,Sony WH-CH520,1,4576,4576,14,3935,Credit Card,Delivered,5,4,40477276.30
502190,11274,20-02-2026,31,Female,Bengaluru,Karnataka,Grocery,Household,Harpic Toilet Cleaner,2,207,414,11,368,Debit Card,Delivered,3,3,40477276.30
502191,10387,29-12-2025,38,Female,Mumbai,Maharashtra,Beauty & Personal Care,Haircare,Tresemme Conditioner,2,438,877,19,710,Credit Card,Delivered,4,3,40477276.30
502192,10032,09-07-2026,54,Male,Mumbai,Maharashtra,Books,Non-Fiction,Deep Work,1,508,508,6,477,UPI,Delivered,5,7,40477276.30
502193,10362,13-06-2025,51,Female,Lucknow,Uttar Pradesh,Sports,Fitness Equipment,Adjustable Dumbbells,2,2362,4725,15,4016,UPI,Delivered,5,3,40477276.30
502194,11030,19-06-2026,23,Male,Noida,Uttar Pradesh,Beauty & Personal Care,Personal Care,Himalaya Face Scrub,1,317,317,26,234,Credit Card,Delivered,4,2,40477276.30
502195,11174,31-07-2026,33,Male,Delhi,Delhi (NCT),Beauty & Personal Care,Personal Care,Dove Body Wash,1,379,379,4,364,Credit Card,Delivered,5,2,40477276.30
502196,10073,29-05-2026,34,Male,Bhubaneswar,Odisha,Home & Kitchen,Home Decor,Artificial Plant,1,781,781,17,648,Debit Card,Delivered,4,6,40477276.30
502197,11032,23-01-2025,16,Male,Surat,Gujarat,Beauty & Personal Care,Makeup,Maybelline Foundation,1,669,669,16,562,Debit Card,Cancelled,5,0,3077928.23
502198,11181,26-11-2025,36,Female,Ahmedabad,Gujarat,Fashion,Accessories,Fastrack Analog Watch,1,2528,2528,17,2098,Debit Card,Delivered,2,6,40477276.30
502199,10791,02-03-2025,39,Female,Surat,Gujarat,Electronics,Laptops,HP Pavilion 14,2,63842,127683,30,89378,Credit Card,Delivered,5,4,40477276.30
502200,11236,04-02-2025,52,Female,Gurugram,Haryana,Home & Kitchen,Furniture,Bookshelf,1,6144,6144,20,4915,UPI,Delivered,3,4,40477276.30
502201,10327,08-04-2025,47,Female,Kochi,Kerala,Fashion,Accessories,Titan Wallet,2,1562,3123,4,2998,Credit Card,Delivered,5,4,40477276.30
502202,10452,17-10-2025,45,Female,Nashik,Maharashtra,Fashion,Footwear,Bata Formal Shoes,1,2613,2613,5,2482,UPI,Delivered,5,4,40477276.30
502203,10905,18-10-2025,36,Male,Kolkata,West Bengal,Beauty & Personal Care,Makeup,Sugar Mascara,2,757,1514,27,1105,Credit Card,Delivered,3,4,40477276.30
502204,10419,28-03-2025,47,Male,Kochi,Kerala,Fashion,Footwear,Nike Revolution Running Shoes,1,5126,5126,20,4101,UPI,Delivered,3,4,40477276.30
502205,10562,13-01-2026,57,Male,Nashik,Maharashtra,Beauty & Personal Care,Personal Care,Gillette Shaving Kit,1,565,565,22,440,UPI,Delivered,3,3,40477276.30
502206,11130,04-08-2025,38,Female,Patna,Bihar,Grocery,Beverages,Tata Tea Gold,5,286,1429,16,1201,Cash on Delivery,Returned,2,6,1813400.65
502207,11413,17-07-2025,39,Male,Ahmedabad,Gujarat,Beauty & Personal Care,Makeup,Lakme Lipstick,2,578,1155,3,1121,Cash on Delivery,Delivered,3,4,40477276.30
502208,10195,07-07-2025,36,Male,Mumbai,Maharashtra,Beauty & Personal Care,Skincare,Neutrogena Moisturizer,1,763,763,12,672,UPI,Delivered,5,3,40477276.30
502209,11189,07-08-2025,40,Female,Mumbai,Maharashtra,Electronics,Laptops,ASUS Vivobook 15,1,56404,56404,29,40047,Debit Card,Returned,2,6,1813400.65
502210,10809,23-03-2026,48,Male,Indore,Madhya Pradesh,Books,Academic,Operating Systems Guide,1,725,725,29,515,UPI,Delivered,5,1,40477276.30
502211,11023,16-06-2026,34,Female,Patna,Bihar,Fashion,Men Clothing,Roadster Casual Shirt,1,1235,1235,23,951,UPI,Delivered,5,5,40477276.30
502212,10625,05-12-2025,52,Non-Binary,Delhi,Delhi (NCT),Fashion,Men Clothing,Roadster Casual Shirt,2,1325,2649,21,2093,UPI,Delivered,5,5,40477276.30
502213,11385,27-06-2025,42,Male,Patna,Bihar,Grocery,Snacks,Haldiram's Bhujia,1,178,178,21,140,Cash on Delivery,Delivered,5,4,40477276.30
502214,10501,21-11-2025,44,Female,Bengaluru,Karnataka,Beauty & Personal Care,Makeup,Sugar Mascara,1,767,767,3,744,Cash on Delivery,Delivered,5,6,40477276.30
502215,10082,16-06-2025,38,Female,Patna,Bihar,Home & Kitchen,Home Decor,Wall Art Set,4,1326,5302,16,4454,Cash on Delivery,Delivered,3,5,40477276.30
502216,11090,05-03-2026,32,Female,Indore,Madhya Pradesh,Beauty & Personal Care,Makeup,Sugar Mascara,1,775,775,13,674,Credit Card,Delivered,5,3,40477276.30
502217,10035,06-01-2026,43,Male,Bhubaneswar,Odisha,Home & Kitchen,Kitchen Appliances,Havells OTG Oven,2,7058,14115,20,11292,Debit Card,Delivered,5,2,40477276.30
502218,10088,08-04-2026,38,Male,Delhi,Delhi (NCT),Electronics,Smartphones,Samsung Galaxy A55,2,39942,79884,9,72694,UPI,Delivered,5,4,40477276.30
502219,11326,06-07-2025,15,Male,Delhi,Delhi (NCT),Fashion,Accessories,Wildcraft Backpack,1,1888,1888,24,1435,Debit Card,Delivered,5,3,40477276.30
502220,10541,22-07-2026,43,Female,Delhi,Delhi (NCT),Beauty & Personal Care,Personal Care,Himalaya Face Scrub,1,310,310,7,288,Credit Card,Delivered,3,1,40477276.30
502221,10337,09-08-2026,25,Female,Ahmedabad,Gujarat,Books,Academic,Operating Systems Guide,1,723,723,26,535,Credit Card,Delivered,4,3,40477276.30
502222,10361,04-07-2025,40,Female,Bhopal,Madhya Pradesh,Home & Kitchen,Storage,Plastic Storage Box Set,2,1003,2006,8,1845,Credit Card,Delivered,4,3,40477276.30
502223,10561,24-05-2026,37,Female,Ranchi,Jharkhand,Sports,Accessories,Sports Water Bottle,2,504,1009,22,787,Debit Card,Delivered,4,7,40477276.30
502224,11367,20-04-2026,34,Male,Chennai,Tamil Nadu,Fashion,Men Clothing,Levi's Slim Jeans,2,2364,4727,5,4491,Cash on Delivery,Delivered,5,1,40477276.30
502225,10644,12-02-2026,17,Male,Mumbai,Maharashtra,Beauty & Personal Care,Makeup,Colorbar Eyeliner,1,524,524,10,471,UPI,Delivered,5,4,40477276.30
502226,10943,12-12-2025,41,Male,Indore,Madhya Pradesh,Sports,Accessories,Sports Water Bottle,1,516,516,13,449,UPI,Delivered,4,1,40477276.30
502227,10186,10-12-2025,42,Female,Mumbai,Maharashtra,Books,Fiction,Atomic Habits,1,585,585,21,462,Net Banking,Delivered,5,4,40477276.30
502228,11182,26-12-2025,49,Female,Hyderabad,Telangana,Sports,Fitness Equipment,Resistance Bands Set,2,735,1469,28,1058,Wallet,Delivered,4,3,40477276.30
502229,10624,30-06-2026,49,Female,Surat,Gujarat,Beauty & Personal Care,Personal Care,Dove Body Wash,1,381,381,14,327,UPI,Cancelled,2,0,3077928.23
502230,10410,13-06-2026,40,Male,Ahmedabad,Gujarat,Fashion,Men Clothing,Allen Solly Polo T-Shirt,5,1551,7753,26,5737,Debit Card,Cancelled,5,0,3077928.23
502231,10732,14-06-2025,23,Female,Mumbai,Maharashtra,Fashion,Women Clothing,Aurelia Palazzo Set,1,2171,2171,14,1867,UPI,Cancelled,5,0,3077928.23
502232,11345,02-09-2025,44,Female,Indore,Madhya Pradesh,Grocery,Staples,Aashirvaad Atta 5kg,1,296,296,16,249,Credit Card,Delivered,4,3,40477276.30
502233,10926,07-08-2025,17,Male,Noida,Uttar Pradesh,Books,Non-Fiction,Sapiens,2,698,1396,20,1117,Cash on Delivery,Delivered,5,3,40477276.30
502234,10371,28-10-2025,34,Female,Chennai,Tamil Nadu,Fashion,Women Clothing,W Women Dress,1,2389,2389,2,2341,Cash on Delivery,Delivered,3,3,40477276.30
502235,10021,06-01-2025,50,Female,Kolkata,West Bengal,Sports,Fitness Equipment,Skipping Rope,1,309,309,11,275,Net Banking,Delivered,5,5,40477276.30
502236,10158,25-08-2025,39,Female,Lucknow,Uttar Pradesh,Books,Non-Fiction,Think Like a Monk,1,396,396,27,289,Credit Card,Delivered,4,3,40477276.30
502237,10245,20-01-2025,21,Male,Coimbatore,Tamil Nadu,Beauty & Personal Care,Haircare,Dove Hair Mask,1,386,386,18,317,Cash on Delivery,Delivered,1,4,40477276.30
502238,10948,22-02-2025,26,Male,Noida,Uttar Pradesh,Fashion,Accessories,Wildcraft Backpack,2,2061,4122,30,2886,UPI,Delivered,4,2,40477276.30
502239,10638,06-01-2025,35,Female,Pune,Maharashtra,Home & Kitchen,Furniture,Bedside Table,1,3590,3590,7,3338,UPI,Delivered,4,5,40477276.30
502240,10781,25-11-2025,36,Female,Hyderabad,Telangana,Sports,Fitness Equipment,Decathlon Yoga Mat,1,1015,1015,10,914,UPI,Delivered,5,3,40477276.30
502241,10320,21-03-2026,33,Female,Kolkata,West Bengal,Electronics,Audio,boAt Airdopes 141,3,1526,4579,20,3663,Credit Card,Delivered,4,2,40477276.30
502242,10094,01-11-2025,30,Male,Indore,Madhya Pradesh,Grocery,Beverages,Real Fruit Juice,2,175,350,25,262,UPI,Delivered,5,3,40477276.30
502243,10907,18-04-2025,19,Male,Chandigarh,Chandigarh (UT),Books,Academic,Python Programming,1,660,660,8,607,Wallet,Delivered,3,3,40477276.30
502244,11213,22-02-2026,26,Male,Pune,Maharashtra,Beauty & Personal Care,Skincare,Neutrogena Moisturizer,1,787,787,24,598,UPI,Delivered,4,4,40477276.30
502245,10893,18-03-2026,46,Female,Mumbai,Maharashtra,Fashion,Accessories,Lavie Handbag,1,2313,2313,13,2012,Debit Card,Cancelled,4,0,3077928.23
502246,11155,11-06-2026,52,Female,Lucknow,Uttar Pradesh,Fashion,Footwear,Skechers Walking Shoes,1,5932,5932,26,4390,UPI,Delivered,5,1,40477276.30
502247,11370,19-03-2025,24,Female,Ahmedabad,Gujarat,Fashion,Accessories,Fastrack Analog Watch,1,2621,2621,21,2070,Debit Card,Delivered,4,1,40477276.30
502248,11291,03-04-2025,38,Male,Bengaluru,Karnataka,Electronics,Smart Devices,Apple Watch SE,1,30462,30462,19,24674,Wallet,Delivered,5,3,40477276.30
502249,11219,15-03-2025,25,Male,Bengaluru,Karnataka,Electronics,Smart Devices,Samsung Galaxy Watch,1,24403,24403,27,17814,Cash on Delivery,Delivered,5,4,40477276.30
502250,10514,28-04-2026,24,Female,Delhi,Delhi (NCT),Fashion,Women Clothing,Biba Printed Kurta,3,1837,5510,7,5124,Cash on Delivery,Delivered,4,5,40477276.30
502251,10775,21-10-2025,41,Male,Hyderabad,Telangana,Electronics,Audio,OnePlus Buds 3,1,5435,5435,18,4456,Debit Card,Delivered,5,5,40477276.30
502252,10989,26-01-2026,32,Female,Delhi,Delhi (NCT),Electronics,Smartphones,Apple iPhone 15,1,73421,73421,3,71218,Credit Card,Delivered,3,3,40477276.30
502253,10960,15-01-2025,39,Male,Mumbai,Maharashtra,Fashion,Accessories,Titan Wallet,2,1516,3032,13,2638,UPI,Delivered,5,4,40477276.30
502254,10027,07-03-2025,21,Female,Bengaluru,Karnataka,Fashion,Accessories,Wildcraft Backpack,2,1956,3912,28,2816,Debit Card,Delivered,5,7,40477276.30
502255,10841,15-01-2026,33,Male,Surat,Gujarat,Electronics,Smart Devices,Mi Smart Band 8,1,3317,3317,25,2488,UPI,Delivered,4,2,40477276.30
502256,11355,27-09-2025,28,Male,Bhopal,Madhya Pradesh,Fashion,Women Clothing,Libas Anarkali Kurta,1,1939,1939,26,1435,Wallet,Delivered,5,3,40477276.30
502257,10930,18-04-2026,33,Female,Ahmedabad,Gujarat,Books,Academic,Operating Systems Guide,2,763,1526,17,1266,UPI,Delivered,5,3,40477276.30
502258,10461,12-04-2025,56,Male,Patna,Bihar,Home & Kitchen,Kitchen Appliances,Philips Mixer Grinder,2,3465,6930,13,6029,Debit Card,Delivered,5,2,40477276.30
502259,11159,27-03-2025,45,Female,Jaipur,Rajasthan,Beauty & Personal Care,Makeup,Sugar Mascara,1,846,846,16,711,UPI,Returned,3,6,1813400.65
502260,10304,12-10-2025,41,Female,Dehradun,Uttarakhand,Fashion,Women Clothing,Libas Anarkali Kurta,2,1890,3780,30,2646,Wallet,Delivered,4,2,40477276.30
502261,11365,02-09-2025,47,Female,Jaipur,Rajasthan,Fashion,Accessories,Lavie Handbag,1,2360,2360,9,2148,UPI,Delivered,4,3,40477276.30
502262,10521,26-03-2026,16,Female,Delhi,Delhi (NCT),Grocery,Snacks,Kurkure Masala Munch,1,40,40,25,30,Debit Card,Delivered,5,5,40477276.30
502263,10567,20-04-2025,15,Female,Kochi,Kerala,Electronics,Audio,boAt Airdopes 141,1,1540,1540,29,1093,Credit Card,Delivered,5,3,40477276.30
502264,11196,10-02-2026,39,Female,Mumbai,Maharashtra,Fashion,Footwear,Puma Sneakers,2,4190,8380,14,7207,UPI,Delivered,3,2,40477276.30
502265,10616,28-01-2026,35,Male,Pune,Maharashtra,Beauty & Personal Care,Makeup,Colorbar Eyeliner,1,524,524,23,404,Credit Card,Delivered,4,2,40477276.30
502266,10145,10-04-2026,37,Male,Bhubaneswar,Odisha,Electronics,Smartphones,Apple iPhone 15,1,68384,68384,2,67017,Net Banking,Delivered,5,3,40477276.30
502267,10140,28-01-2025,20,Male,Surat,Gujarat,Electronics,Laptops,Lenovo IdeaPad Slim 5,1,61393,61393,15,52184,Cash on Delivery,Delivered,4,7,40477276.30
502268,10224,14-09-2025,16,Female,Ahmedabad,Gujarat,Grocery,Beverages,Paper Boat Aamras,1,156,156,22,122,UPI,Delivered,5,5,40477276.30
502269,10232,26-05-2025,36,Male,Surat,Gujarat,Home & Kitchen,Storage,Cloth Organizer,1,713,713,25,534,UPI,Delivered,3,4,40477276.30
502270,10913,30-01-2026,37,Female,Mumbai,Maharashtra,Fashion,Men Clothing,Allen Solly Polo T-Shirt,2,1525,3049,12,2683,Wallet,Delivered,5,4,40477276.30
502271,10912,18-02-2025,36,Male,Hyderabad,Telangana,Fashion,Footwear,Skechers Walking Shoes,4,5839,23357,30,16350,Net Banking,Cancelled,4,0,3077928.23
502272,10005,04-08-2026,31,Male,Delhi,Delhi (NCT),Electronics,Smartphones,Apple iPhone 15,1,72425,72425,19,58664,UPI,Delivered,3,3,40477276.30
502273,11178,22-08-2025,33,Male,Ahmedabad,Gujarat,Beauty & Personal Care,Makeup,Colorbar Eyeliner,1,480,480,22,375,Debit Card,Delivered,5,5,40477276.30
502274,10607,18-04-2026,25,Male,Mysuru,Karnataka,Home & Kitchen,Storage,Kitchen Storage Jars,4,1146,4584,3,4447,Credit Card,Delivered,3,5,40477276.30
502275,10507,12-07-2026,27,Female,Pune,Maharashtra,Fashion,Women Clothing,Biba Printed Kurta,1,1862,1862,20,1490,Debit Card,Delivered,4,4,40477276.30
502276,10295,16-01-2026,38,Female,Coimbatore,Tamil Nadu,Electronics,Smart Devices,Apple Watch SE,1,31046,31046,14,26700,Wallet,Cancelled,5,0,3077928.23
502277,11291,17-08-2026,38,Male,Bengaluru,Karnataka,Sports,Accessories,Sports Water Bottle,4,505,2020,22,1576,Credit Card,Delivered,4,2,40477276.30
502278,10487,30-05-2026,27,Male,Bhopal,Madhya Pradesh,Beauty & Personal Care,Makeup,Maybelline Foundation,1,734,734,17,610,UPI,Cancelled,1,0,3077928.23
502279,10053,05-03-2025,27,Female,Kochi,Kerala,Fashion,Women Clothing,Aurelia Palazzo Set,1,2241,2241,25,1681,Wallet,Cancelled,3,0,3077928.23
502280,10534,16-06-2026,21,Male,Jaipur,Rajasthan,Home & Kitchen,Kitchen Appliances,Philips Mixer Grinder,1,3185,3185,29,2262,UPI,Cancelled,2,0,3077928.23
502281,11142,29-01-2025,49,Male,Pune,Maharashtra,Beauty & Personal Care,Haircare,Dove Hair Mask,2,397,794,24,604,Credit Card,Delivered,4,1,40477276.30
502282,10805,10-11-2025,29,Male,Hyderabad,Telangana,Home & Kitchen,Home Decor,Artificial Plant,4,782,3127,21,2470,UPI,Delivered,2,3,40477276.30
502283,10998,28-01-2026,41,Female,Mysuru,Karnataka,Grocery,Household,Surf Excel Detergent,2,694,1387,3,1346,UPI,Delivered,4,5,40477276.30
502284,10277,17-03-2025,36,Male,Delhi,Delhi (NCT),Home & Kitchen,Home Decor,Wooden Photo Frame,1,680,680,29,483,UPI,Delivered,5,1,40477276.30
502285,10721,11-05-2026,37,Male,Pune,Maharashtra,Home & Kitchen,Furniture,Bedside Table,1,3513,3513,28,2529,Debit Card,Delivered,4,6,40477276.30
502286,10533,17-05-2026,33,Male,Chennai,Tamil Nadu,Beauty & Personal Care,Haircare,Tresemme Conditioner,5,469,2343,8,2156,UPI,Delivered,4,5,40477276.30
502287,10052,12-09-2025,30,Male,Coimbatore,Tamil Nadu,Fashion,Accessories,Wildcraft Backpack,1,1976,1976,2,1937,UPI,Delivered,3,6,40477276.30
502288,11278,08-02-2026,38,Male,Coimbatore,Tamil Nadu,Beauty & Personal Care,Haircare,Tresemme Conditioner,2,469,938,23,722,Credit Card,Cancelled,4,0,3077928.23
502289,10833,05-12-2025,23,Male,Jaipur,Rajasthan,Beauty & Personal Care,Makeup,Sugar Mascara,2,778,1556,22,1214,UPI,Delivered,4,4,40477276.30
502290,10835,24-01-2025,34,Male,Noida,Uttar Pradesh,Fashion,Accessories,Lavie Handbag,1,2237,2237,6,2103,Net Banking,Delivered,5,4,40477276.30
502291,11180,15-06-2025,22,Male,Mumbai,Maharashtra,Fashion,Footwear,Skechers Walking Shoes,2,5911,11822,10,10639,UPI,Delivered,4,3,40477276.30
502292,11107,20-07-2026,41,Male,Bhopal,Madhya Pradesh,Grocery,Beverages,Paper Boat Aamras,2,150,299,19,242,UPI,Delivered,2,4,40477276.30
502293,11338,23-11-2025,31,Female,Surat,Gujarat,Fashion,Men Clothing,Roadster Casual Shirt,5,1269,6344,23,4885,UPI,Delivered,5,3,40477276.30
502294,10378,14-06-2025,36,Female,Bhopal,Madhya Pradesh,Electronics,Smart Devices,Mi Smart Band 8,1,3377,3377,23,2600,Cash on Delivery,Delivered,5,4,40477276.30
502295,11423,08-05-2026,30,Female,Bengaluru,Karnataka,Electronics,Smart Devices,Mi Smart Band 8,1,3556,3556,13,3094,UPI,Delivered,4,5,40477276.30
502296,10521,16-07-2026,16,Female,Delhi,Delhi (NCT),Sports,Accessories,Sports Cap,1,389,389,13,338,Debit Card,Delivered,4,4,40477276.30
502297,10108,14-01-2025,36,Female,Gurugram,Haryana,Electronics,Smartphones,Google Pixel 8a,1,51308,51308,9,46690,Credit Card,Delivered,5,2,40477276.30
502298,10738,05-03-2026,45,Male,Bengaluru,Karnataka,Grocery,Snacks,Haldiram's Bhujia,1,184,184,3,179,Debit Card,Delivered,4,2,40477276.30
502299,10399,23-05-2025,33,Male,Mysuru,Karnataka,Grocery,Snacks,Parle-G Biscuits,1,47,47,6,44,Credit Card,Delivered,4,3,40477276.30
502300,11150,27-02-2025,25,Male,Chennai,Tamil Nadu,Electronics,Smartphones,Samsung Galaxy A55,1,40301,40301,14,34659,Credit Card,Delivered,4,3,40477276.30
502301,10131,09-06-2026,17,Male,Mysuru,Karnataka,Sports,Accessories,Fitbit Fitness Tracker,1,8044,8044,6,7561,Net Banking,Delivered,5,6,40477276.30
502302,10506,02-07-2025,29,Female,Bengaluru,Karnataka,Sports,Outdoor Sports,Yonex Badminton Racket,2,2390,4781,19,3872,UPI,Delivered,5,5,40477276.30
502303,10518,11-02-2026,23,Male,Mumbai,Maharashtra,Electronics,Smartphones,Apple iPhone 15,2,66055,132111,18,108331,Debit Card,Delivered,4,3,40477276.30
502304,11026,17-01-2025,39,Male,Surat,Gujarat,Home & Kitchen,Storage,Cloth Organizer,1,684,684,4,657,Credit Card,Delivered,5,3,40477276.30
502305,10281,05-11-2025,35,Male,Bengaluru,Karnataka,Fashion,Men Clothing,Roadster Casual Shirt,2,1313,2626,28,1891,Credit Card,Delivered,4,4,40477276.30
502306,10161,22-01-2026,23,Female,Lucknow,Uttar Pradesh,Electronics,Laptops,ASUS Vivobook 15,2,54444,108888,4,104532,Credit Card,Delivered,2,3,40477276.30
502307,10711,04-04-2026,36,Female,Delhi,Delhi (NCT),Home & Kitchen,Home Decor,Artificial Plant,2,813,1625,23,1251,UPI,Delivered,4,2,40477276.30
502308,10720,10-05-2025,33,Female,Surat,Gujarat,Fashion,Women Clothing,Aurelia Palazzo Set,1,2377,2377,7,2210,Cash on Delivery,Delivered,3,6,40477276.30
502309,10851,25-02-2026,27,Male,Guwahati,Assam,Beauty & Personal Care,Haircare,L'Oreal Shampoo,2,612,1223,26,905,Credit Card,Delivered,5,5,40477276.30
502310,10584,02-01-2026,59,Female,Hyderabad,Telangana,Grocery,Snacks,Haldiram's Bhujia,3,185,555,25,416,Credit Card,Delivered,3,4,40477276.30
502311,10094,13-07-2026,30,Male,Indore,Madhya Pradesh,Electronics,Laptops,HP Pavilion 14,1,66505,66505,15,56529,UPI,Delivered,3,3,40477276.30
502312,10169,22-07-2025,31,Female,Guwahati,Assam,Fashion,Women Clothing,Libas Anarkali Kurta,2,1915,3830,24,2911,Debit Card,Delivered,5,4,40477276.30
502313,11309,10-05-2025,46,Male,Patna,Bihar,Beauty & Personal Care,Skincare,The Derma Co Sunscreen,1,519,519,9,472,Net Banking,Cancelled,5,0,3077928.23
502314,10981,18-06-2025,43,Male,Bhubaneswar,Odisha,Fashion,Accessories,Lavie Handbag,1,2201,2201,9,2003,Debit Card,Delivered,2,5,40477276.30
502315,10479,04-10-2025,68,Female,Patna,Bihar,Home & Kitchen,Home Decor,Wooden Photo Frame,1,700,700,20,560,UPI,Delivered,5,6,40477276.30
502316,10896,18-11-2025,41,Female,Bengaluru,Karnataka,Electronics,Audio,boAt Airdopes 141,1,1460,1460,18,1198,Debit Card,Delivered,4,1,40477276.30
502317,11063,09-10-2025,47,Female,Noida,Uttar Pradesh,Fashion,Women Clothing,Aurelia Palazzo Set,1,2244,2244,28,1615,Credit Card,Delivered,5,2,40477276.30
502318,10749,04-06-2026,27,Male,Lucknow,Uttar Pradesh,Electronics,Smart Devices,Mi Smart Band 8,1,3638,3638,5,3456,Net Banking,Delivered,4,2,40477276.30
502319,10725,28-03-2025,36,Male,Visakhapatnam,Andhra Pradesh,Fashion,Accessories,Lavie Handbag,2,2318,4636,25,3477,UPI,Delivered,5,4,40477276.30
502320,10442,16-06-2025,34,Male,Hyderabad,Telangana,Books,Non-Fiction,Think Like a Monk,3,377,1132,28,815,Credit Card,Delivered,4,4,40477276.30
502321,10308,24-11-2025,27,Male,Delhi,Delhi (NCT),Fashion,Men Clothing,Roadster Casual Shirt,1,1347,1347,9,1226,Debit Card,Delivered,5,4,40477276.30
502322,10426,21-08-2026,49,Male,Guwahati,Assam,Beauty & Personal Care,Makeup,Colorbar Eyeliner,2,523,1047,11,932,Credit Card,Delivered,4,3,40477276.30
502323,11106,12-04-2025,23,Female,Patna,Bihar,Fashion,Men Clothing,Roadster Casual Shirt,1,1318,1318,29,936,Credit Card,Delivered,5,6,40477276.30
502324,10033,12-07-2026,34,Female,Bhopal,Madhya Pradesh,Grocery,Staples,Fortune Sunflower Oil 1L,1,161,161,22,125,Net Banking,Delivered,5,5,40477276.30
502325,10102,20-05-2025,29,Female,Surat,Gujarat,Grocery,Household,Colin Glass Cleaner,4,155,622,22,485,Debit Card,Delivered,5,7,40477276.30
502326,11066,10-01-2025,22,Male,Mumbai,Maharashtra,Beauty & Personal Care,Skincare,Cetaphil Face Wash,1,726,726,26,537,UPI,Delivered,4,2,40477276.30
502327,10180,01-06-2026,64,Female,Mumbai,Maharashtra,Electronics,Audio,Sony WH-CH520,1,4677,4677,26,3461,UPI,Cancelled,3,0,3077928.23
502328,10818,07-04-2025,44,Female,Delhi,Delhi (NCT),Fashion,Men Clothing,Levi's Slim Jeans,1,2623,2623,10,2361,Debit Card,Delivered,4,6,40477276.30
502329,11069,08-05-2026,29,Male,Indore,Madhya Pradesh,Grocery,Beverages,Real Fruit Juice,5,178,892,19,723,Cash on Delivery,Returned,5,6,1813400.65
502330,10556,19-10-2025,29,Female,Bengaluru,Karnataka,Beauty & Personal Care,Personal Care,Dove Body Wash,3,392,1176,30,823,Debit Card,Delivered,5,1,40477276.30
502331,11095,07-06-2025,42,Female,Chennai,Tamil Nadu,Beauty & Personal Care,Haircare,Mamaearth Hair Serum,2,480,960,28,691,UPI,Returned,4,6,1813400.65
502332,11327,22-01-2026,24,Female,Mumbai,Maharashtra,Home & Kitchen,Kitchen Appliances,Havells OTG Oven,2,6719,13439,10,12095,Credit Card,Delivered,5,4,40477276.30
502333,10102,08-07-2026,29,Female,Surat,Gujarat,Beauty & Personal Care,Makeup,Lakme Lipstick,1,617,617,8,568,UPI,Delivered,4,1,40477276.30
502334,10499,04-06-2025,24,Female,Patna,Bihar,Electronics,Laptops,ASUS Vivobook 15,1,54825,54825,26,40571,Net Banking,Delivered,4,3,40477276.30
502335,10486,06-07-2026,18,Male,Mumbai,Maharashtra,Beauty & Personal Care,Skincare,Minimalist Niacinamide Serum,1,587,587,30,411,UPI,Delivered,5,3,40477276.30
502336,10663,23-01-2026,34,Female,Delhi,Delhi (NCT),Grocery,Staples,Tata Salt 1kg,3,30,91,7,84,UPI,Delivered,5,2,40477276.30
502337,10833,13-05-2026,23,Male,Jaipur,Rajasthan,Home & Kitchen,Home Decor,Wall Art Set,3,1224,3673,20,2939,UPI,Returned,3,7,1813400.65
502338,10648,31-07-2026,33,Male,Jaipur,Rajasthan,Electronics,Audio,OnePlus Buds 3,1,5457,5457,10,4911,UPI,Delivered,5,3,40477276.30
502339,11097,21-08-2025,35,Male,Delhi,Delhi (NCT),Fashion,Men Clothing,Peter England Formal Shirt,2,1912,3824,27,2792,UPI,Delivered,4,3,40477276.30
502340,11193,27-05-2026,27,Male,Ahmedabad,Gujarat,Home & Kitchen,Home Decor,Artificial Plant,1,816,816,14,702,UPI,Delivered,3,6,40477276.30
502341,11449,01-06-2026,48,Female,Bengaluru,Karnataka,Sports,Accessories,Fitbit Fitness Tracker,1,8108,8108,6,7622,UPI,Delivered,4,3,40477276.30
502342,10322,25-09-2025,41,Male,Delhi,Delhi (NCT),Electronics,Smartphones,Apple iPhone 15,1,73488,73488,3,71283,Wallet,Delivered,4,3,40477276.30
502343,10357,14-05-2026,34,Female,Nagpur,Maharashtra,Grocery,Beverages,Tata Tea Gold,2,262,524,10,471,UPI,Delivered,4,5,40477276.30
502344,10202,17-06-2026,40,Female,Delhi,Delhi (NCT),Electronics,Laptops,HP Pavilion 14,4,63872,255489,27,186507,UPI,Delivered,5,2,40477276.30
502345,10671,18-02-2025,48,Male,Ahmedabad,Gujarat,Fashion,Women Clothing,Biba Printed Kurta,3,1743,5229,27,3817,UPI,Delivered,5,7,40477276.30
502346,10294,22-06-2026,43,Male,Visakhapatnam,Andhra Pradesh,Fashion,Footwear,Bata Formal Shoes,2,2471,4943,21,3905,Credit Card,Delivered,4,2,40477276.30
502347,11049,04-01-2025,50,Female,Mumbai,Maharashtra,Sports,Sportswear,Nike Dri-FIT T-Shirt,1,1946,1946,20,1557,Credit Card,Delivered,4,3,40477276.30
502348,11035,03-08-2026,29,Male,Lucknow,Uttar Pradesh,Grocery,Staples,Aashirvaad Atta 5kg,1,300,300,11,267,Credit Card,Delivered,5,4,40477276.30
502349,10522,23-02-2025,40,Male,Indore,Madhya Pradesh,Fashion,Footwear,Puma Sneakers,1,4186,4186,4,4018,UPI,Delivered,4,4,40477276.30
502350,10186,20-03-2025,42,Female,Mumbai,Maharashtra,Fashion,Women Clothing,W Women Dress,1,2352,2352,6,2211,UPI,Delivered,5,2,40477276.30
502351,10679,18-01-2026,44,Female,Kochi,Kerala,Electronics,Laptops,Dell Inspiron 15,4,55165,220658,6,207419,Debit Card,Delivered,3,5,40477276.30
502352,10774,23-09-2025,45,Female,Mumbai,Maharashtra,Books,Fiction,The Silent Patient,1,525,525,26,388,Cash on Delivery,Delivered,4,7,40477276.30
502353,10996,26-10-2025,31,Male,Ahmedabad,Gujarat,Electronics,Smartphones,Google Pixel 8a,1,55538,55538,20,44431,UPI,Delivered,4,4,40477276.30
502354,10314,19-07-2026,43,Female,Mumbai,Maharashtra,Grocery,Beverages,Paper Boat Aamras,1,156,156,30,109,UPI,Delivered,5,5,40477276.30
502355,11290,06-10-2025,15,Female,Delhi,Delhi (NCT),Fashion,Men Clothing,Levi's Slim Jeans,1,2377,2377,19,1926,UPI,Delivered,3,3,40477276.30
502356,10592,18-03-2026,29,Male,Pune,Maharashtra,Home & Kitchen,Home Decor,Wooden Photo Frame,1,688,688,17,571,UPI,Delivered,5,7,40477276.30
502357,10870,07-05-2026,56,Male,Nagpur,Maharashtra,Beauty & Personal Care,Skincare,The Derma Co Sunscreen,1,502,502,11,447,UPI,Delivered,5,3,40477276.30
502358,10133,28-08-2025,22,Male,Ahmedabad,Gujarat,Fashion,Men Clothing,Levi's Slim Jeans,3,2599,7796,16,6549,UPI,Delivered,1,5,40477276.30
502359,10296,06-02-2026,26,Male,Bengaluru,Karnataka,Home & Kitchen,Home Decor,Wooden Photo Frame,1,664,664,23,512,Credit Card,Delivered,5,5,40477276.30
502360,10453,02-05-2026,23,Female,Bhubaneswar,Odisha,Fashion,Footwear,Skechers Walking Shoes,1,6350,6350,29,4509,UPI,Delivered,5,2,40477276.30
502361,11104,30-07-2026,32,Male,Delhi,Delhi (NCT),Electronics,Laptops,HP Pavilion 14,1,60800,60800,26,44992,Debit Card,Delivered,5,2,40477276.30
502362,10537,02-08-2026,25,Female,Patna,Bihar,Electronics,Smart Devices,Apple Watch SE,1,30409,30409,11,27064,Net Banking,Delivered,5,3,40477276.30
502363,11294,02-05-2026,43,Male,Guwahati,Assam,Fashion,Men Clothing,Peter England Formal Shirt,1,1832,1832,9,1667,UPI,Returned,1,4,1813400.65
502364,11126,17-03-2025,21,Female,Nagpur,Maharashtra,Fashion,Accessories,Titan Wallet,2,1514,3029,15,2575,Credit Card,Delivered,4,3,40477276.30
502365,10675,08-04-2025,19,Male,Jaipur,Rajasthan,Fashion,Accessories,Titan Wallet,1,1414,1414,25,1060,UPI,Delivered,5,3,40477276.30
502366,11411,11-09-2025,49,Male,Pune,Maharashtra,Beauty & Personal Care,Haircare,L'Oreal Shampoo,1,615,615,5,584,UPI,Delivered,5,7,40477276.30
502367,10102,18-08-2025,29,Female,Surat,Gujarat,Electronics,Smartphones,OnePlus Nord CE 4,2,26364,52729,15,44819,UPI,Delivered,1,1,40477276.30
502368,11008,23-05-2026,41,Female,Delhi,Delhi (NCT),Beauty & Personal Care,Haircare,Tresemme Conditioner,1,471,471,10,424,Cash on Delivery,Delivered,5,2,40477276.30
502369,11026,10-06-2025,39,Male,Surat,Gujarat,Fashion,Accessories,Wildcraft Backpack,1,1902,1902,19,1541,UPI,Cancelled,4,0,3077928.23
502370,10164,28-08-2025,25,Male,Mumbai,Maharashtra,Home & Kitchen,Kitchen Appliances,Prestige Electric Kettle,1,1734,1734,3,1682,UPI,Delivered,5,2,40477276.30
502371,10050,26-01-2025,15,Male,Indore,Madhya Pradesh,Fashion,Footwear,Nike Revolution Running Shoes,1,5274,5274,17,4377,UPI,Delivered,5,5,40477276.30
502372,10359,08-07-2026,38,Female,Kochi,Kerala,Fashion,Footwear,Puma Sneakers,2,3943,7886,29,5599,Credit Card,Delivered,3,3,40477276.30
502373,10554,25-09-2025,37,Female,Guwahati,Assam,Home & Kitchen,Kitchen Appliances,Bajaj Air Fryer,2,4851,9702,29,6888,Debit Card,Delivered,4,3,40477276.30
502374,11218,13-01-2025,37,Female,Ahmedabad,Gujarat,Sports,Accessories,Gym Gloves,1,564,564,9,513,UPI,Delivered,3,1,40477276.30
502375,11062,28-01-2025,15,Male,Jaipur,Rajasthan,Grocery,Beverages,Nescafe Classic,1,383,383,22,299,Credit Card,Delivered,5,1,40477276.30
502376,10228,28-08-2025,22,Female,Delhi,Delhi (NCT),Fashion,Accessories,Titan Wallet,1,1432,1432,13,1246,Cash on Delivery,Delivered,4,4,40477276.30
502377,10372,09-05-2025,39,Female,Mumbai,Maharashtra,Electronics,Smartphones,Samsung Galaxy A55,2,38495,76990,10,69291,Credit Card,Delivered,4,2,40477276.30
502378,11376,08-10-2025,32,Female,Gurugram,Haryana,Electronics,Smart Devices,Samsung Galaxy Watch,1,24717,24717,12,21751,Net Banking,Delivered,4,4,40477276.30
502379,10646,09-06-2026,31,Female,Pune,Maharashtra,Home & Kitchen,Home Decor,Wooden Photo Frame,1,671,671,10,604,Credit Card,Delivered,5,4,40477276.30
502380,11432,09-08-2026,43,Male,Dehradun,Uttarakhand,Electronics,Laptops,Lenovo IdeaPad Slim 5,2,68170,136341,8,125434,UPI,Delivered,5,3,40477276.30
502381,10236,14-03-2026,41,Non-Binary,Kolkata,West Bengal,Home & Kitchen,Storage,Wardrobe Organizer,1,888,888,6,835,UPI,Delivered,5,2,40477276.30
502382,10322,19-03-2025,41,Male,Delhi,Delhi (NCT),Electronics,Smart Devices,Mi Smart Band 8,1,3439,3439,29,2442,Credit Card,Delivered,5,5,40477276.30
502383,10904,03-06-2025,48,Male,Indore,Madhya Pradesh,Grocery,Snacks,Haldiram's Bhujia,1,181,181,21,143,UPI,Delivered,3,4,40477276.30
502384,10637,28-03-2026,43,Male,Lucknow,Uttar Pradesh,Home & Kitchen,Kitchen Appliances,Bajaj Air Fryer,1,4888,4888,26,3617,UPI,Delivered,3,5,40477276.30
502385,10181,30-01-2025,41,Female,Ranchi,Jharkhand,Home & Kitchen,Storage,Kitchen Storage Jars,1,1243,1243,26,920,Credit Card,Delivered,4,1,40477276.30
502386,10685,10-02-2025,21,Male,Bhopal,Madhya Pradesh,Books,Academic,Operating Systems Guide,2,746,1492,17,1238,Debit Card,Delivered,5,5,40477276.30
502387,10125,08-11-2025,40,Male,Lucknow,Uttar Pradesh,Grocery,Staples,Aashirvaad Atta 5kg,2,290,580,5,551,Net Banking,Delivered,5,2,40477276.30
502388,11158,24-06-2025,59,Male,Kolkata,West Bengal,Fashion,Men Clothing,Allen Solly Polo T-Shirt,2,1549,3099,20,2479,UPI,Delivered,4,5,40477276.30
502389,11148,05-08-2026,18,Male,Gurugram,Haryana,Electronics,Laptops,HP Pavilion 14,1,65537,65537,26,48498,Credit Card,Delivered,4,5,40477276.30
502390,11096,09-07-2025,33,Male,Bengaluru,Karnataka,Beauty & Personal Care,Skincare,The Derma Co Sunscreen,2,496,992,24,754,Credit Card,Delivered,5,6,40477276.30
502391,10373,24-02-2025,50,Male,Noida,Uttar Pradesh,Beauty & Personal Care,Personal Care,Dove Body Wash,2,393,787,5,747,Credit Card,Delivered,4,5,40477276.30
502392,11360,03-01-2026,36,Male,Hyderabad,Telangana,Fashion,Accessories,Fastrack Analog Watch,2,2504,5008,5,4758,Credit Card,Delivered,5,4,40477276.30
502393,10154,09-05-2026,37,Non-Binary,Jaipur,Rajasthan,Books,Fiction,Atomic Habits,1,622,622,21,492,Cash on Delivery,Delivered,5,5,40477276.30
502394,11361,07-07-2025,34,Male,Coimbatore,Tamil Nadu,Fashion,Men Clothing,Allen Solly Polo T-Shirt,1,1660,1660,24,1261,Debit Card,Delivered,4,1,40477276.30
502395,10555,14-08-2025,38,Male,Jaipur,Rajasthan,Home & Kitchen,Kitchen Appliances,Prestige Electric Kettle,2,1835,3669,5,3486,Credit Card,Delivered,4,2,40477276.30
502396,11208,13-11-2025,27,Female,Bengaluru,Karnataka,Electronics,Smart Devices,Apple Watch SE,1,29976,29976,23,23081,UPI,Delivered,5,4,40477276.30
502397,10947,27-02-2025,17,Female,Indore,Madhya Pradesh,Home & Kitchen,Home Decor,Artificial Plant,5,809,4045,30,2831,Cash on Delivery,Delivered,5,1,40477276.30
502398,11399,06-11-2025,47,Female,Bengaluru,Karnataka,Home & Kitchen,Furniture,Office Chair,2,8319,16639,25,12479,Cash on Delivery,Delivered,4,4,40477276.30
502399,10548,14-08-2025,32,Male,Bengaluru,Karnataka,Electronics,Smartphones,Google Pixel 8a,1,56002,56002,5,53201,UPI,Delivered,5,3,40477276.30
502400,11351,01-08-2026,21,Male,Pune,Maharashtra,Fashion,Footwear,Skechers Walking Shoes,1,6201,6201,7,5767,UPI,Delivered,5,3,40477276.30
502401,10930,02-08-2025,33,Female,Ahmedabad,Gujarat,Fashion,Footwear,Puma Sneakers,1,3936,3936,21,3109,Cash on Delivery,Delivered,5,2,40477276.30
502402,10619,01-11-2025,39,Female,Mumbai,Maharashtra,Electronics,Audio,OnePlus Buds 3,2,5552,11104,19,8994,Credit Card,Delivered,3,3,40477276.30
502403,10617,26-03-2025,35,Male,Kochi,Kerala,Electronics,Laptops,ASUS Vivobook 15,2,55678,111356,10,100220,Net Banking,Delivered,3,3,40477276.30
502404,10878,26-12-2025,36,Female,Bengaluru,Karnataka,Fashion,Footwear,Puma Sneakers,1,4030,4030,30,2821,UPI,Delivered,5,4,40477276.30
502405,11297,21-12-2025,44,Female,Dehradun,Uttarakhand,Beauty & Personal Care,Personal Care,Himalaya Face Scrub,2,312,625,25,469,Cash on Delivery,Delivered,4,3,40477276.30
502406,10337,04-12-2025,25,Female,Ahmedabad,Gujarat,Home & Kitchen,Storage,Cloth Organizer,1,717,717,22,559,Credit Card,Delivered,4,6,40477276.30
502407,11112,19-03-2025,36,Female,Hyderabad,Telangana,Books,Self-Help,Rich Dad Poor Dad,1,389,389,15,330,Credit Card,Delivered,4,3,40477276.30
502408,10451,25-05-2025,33,Female,Indore,Madhya Pradesh,Sports,Sportswear,Decathlon Sports T-Shirt,1,844,844,17,701,UPI,Delivered,5,6,40477276.30
502409,10333,31-07-2025,35,Male,Chennai,Tamil Nadu,Fashion,Women Clothing,Libas Anarkali Kurta,1,1955,1955,15,1662,Net Banking,Delivered,4,4,40477276.30
502410,11016,31-03-2026,36,Female,Bengaluru,Karnataka,Electronics,Smartphones,OnePlus Nord CE 4,1,23804,23804,25,17853,UPI,Delivered,5,3,40477276.30
502411,10884,04-06-2026,45,Female,Jaipur,Rajasthan,Fashion,Women Clothing,W Women Dress,2,2350,4699,28,3383,UPI,Delivered,5,1,40477276.30
502412,10736,11-03-2025,39,Male,Gurugram,Haryana,Home & Kitchen,Furniture,Bookshelf,1,5921,5921,22,4618,Credit Card,Delivered,4,3,40477276.30
502413,10496,28-12-2025,40,Female,Kolkata,West Bengal,Sports,Fitness Equipment,Skipping Rope,1,297,297,14,255,UPI,Delivered,4,3,40477276.30
502414,11232,31-07-2026,19,Male,Lucknow,Uttar Pradesh,Grocery,Household,Surf Excel Detergent,1,728,728,14,626,Credit Card,Delivered,4,4,40477276.30
502415,10046,31-01-2025,26,Male,Bhopal,Madhya Pradesh,Grocery,Snacks,Parle-G Biscuits,1,51,51,19,41,UPI,Delivered,5,6,40477276.30
502416,10967,15-05-2025,27,Male,Jaipur,Rajasthan,Fashion,Footwear,Nike Revolution Running Shoes,1,4784,4784,28,3444,Credit Card,Delivered,3,4,40477276.30
502417,10176,06-10-2025,43,Male,Nagpur,Maharashtra,Electronics,Audio,OnePlus Buds 3,3,5678,17035,30,11925,Debit Card,Delivered,3,4,40477276.30
502418,11234,04-06-2025,62,Male,Bhopal,Madhya Pradesh,Fashion,Men Clothing,Levi's Slim Jeans,1,2448,2448,3,2375,Cash on Delivery,Delivered,2,5,40477276.30
502419,10354,08-10-2025,32,Female,Pune,Maharashtra,Fashion,Men Clothing,Levi's Slim Jeans,1,2531,2531,26,1873,Debit Card,Delivered,4,3,40477276.30
502420,10850,29-04-2025,28,Male,Jaipur,Rajasthan,Electronics,Laptops,ASUS Vivobook 15,2,53867,107734,10,96961,Debit Card,Delivered,2,2,40477276.30
502421,11206,14-07-2026,34,Female,Bengaluru,Karnataka,Electronics,Laptops,ASUS Vivobook 15,1,53361,53361,24,40554,Credit Card,Delivered,4,4,40477276.30
502422,11197,26-05-2026,34,Female,Dehradun,Uttarakhand,Electronics,Smart Devices,Mi Smart Band 8,2,3303,6605,10,5945,UPI,Delivered,4,5,40477276.30
502423,10380,02-05-2026,25,Female,Visakhapatnam,Andhra Pradesh,Home & Kitchen,Storage,Wardrobe Organizer,2,855,1709,24,1299,Debit Card,Cancelled,3,0,3077928.23
502424,10620,17-09-2025,36,Male,Pune,Maharashtra,Beauty & Personal Care,Haircare,Dove Hair Mask,2,406,812,27,593,UPI,Delivered,3,4,40477276.30
502425,11382,22-01-2025,29,Male,Pune,Maharashtra,Electronics,Laptops,ASUS Vivobook 15,1,58765,58765,20,47012,UPI,Delivered,4,2,40477276.30
502426,10076,01-01-2026,43,Male,Lucknow,Uttar Pradesh,Books,Fiction,Ikigai,1,396,396,15,337,UPI,Delivered,4,5,40477276.30
502427,10132,02-09-2025,35,Female,Delhi,Delhi (NCT),Electronics,Laptops,Dell Inspiron 15,1,60169,60169,29,42720,UPI,Delivered,3,3,40477276.30
502428,11188,08-12-2025,32,Male,Kolkata,West Bengal,Sports,Accessories,Fitbit Fitness Tracker,1,7869,7869,30,5509,Cash on Delivery,Delivered,5,3,40477276.30
502429,10293,25-03-2026,28,Female,Jaipur,Rajasthan,Home & Kitchen,Storage,Plastic Storage Box Set,1,948,948,28,683,UPI,Cancelled,5,0,3077928.23
502430,10592,13-02-2026,29,Male,Pune,Maharashtra,Fashion,Women Clothing,W Women Dress,1,2453,2453,24,1864,UPI,Delivered,4,4,40477276.30
502431,10023,20-10-2025,35,Female,Hyderabad,Telangana,Home & Kitchen,Storage,Kitchen Storage Jars,1,1251,1251,19,1013,Wallet,Delivered,5,3,40477276.30
502432,11373,26-05-2026,19,Female,Ahmedabad,Gujarat,Beauty & Personal Care,Makeup,Maybelline Foundation,1,676,676,3,656,UPI,Delivered,5,4,40477276.30
502433,11265,23-02-2025,36,Female,Indore,Madhya Pradesh,Home & Kitchen,Kitchen Appliances,Bajaj Air Fryer,1,4847,4847,25,3635,Credit Card,Delivered,4,3,40477276.30
502434,11367,06-08-2025,34,Male,Chennai,Tamil Nadu,Books,Academic,Python Programming,2,696,1393,9,1267,Cash on Delivery,Delivered,4,3,40477276.30
502435,10998,27-11-2025,41,Female,Mysuru,Karnataka,Home & Kitchen,Furniture,Bookshelf,4,6169,24674,15,20973,Credit Card,Delivered,3,3,40477276.30
502436,10069,16-04-2026,38,Female,Ranchi,Jharkhand,Sports,Accessories,Sports Water Bottle,2,522,1043,26,772,UPI,Delivered,5,3,40477276.30
502437,10137,07-08-2025,25,Male,Hyderabad,Telangana,Fashion,Women Clothing,Aurelia Palazzo Set,1,2302,2302,18,1887,Debit Card,Delivered,4,5,40477276.30
502438,11177,28-11-2025,15,Male,Surat,Gujarat,Home & Kitchen,Kitchen Appliances,Havells OTG Oven,1,7300,7300,15,6205,UPI,Delivered,5,2,40477276.30
502439,10833,17-08-2025,23,Male,Jaipur,Rajasthan,Home & Kitchen,Furniture,Study Table,1,6311,6311,23,4859,Cash on Delivery,Delivered,5,2,40477276.30
502440,10962,15-04-2026,49,Female,Lucknow,Uttar Pradesh,Fashion,Women Clothing,Biba Printed Kurta,1,1738,1738,5,1651,Cash on Delivery,Returned,3,3,1813400.65
502441,11027,28-11-2025,34,Male,Coimbatore,Tamil Nadu,Grocery,Staples,Fortune Sunflower Oil 1L,1,165,165,15,140,Debit Card,Delivered,5,4,40477276.30
502442,10360,23-02-2026,25,Female,Bengaluru,Karnataka,Beauty & Personal Care,Skincare,Minimalist Niacinamide Serum,1,586,586,14,504,UPI,Delivered,4,4,40477276.30
502443,11255,12-01-2025,48,Female,Gurugram,Haryana,Home & Kitchen,Storage,Plastic Storage Box Set,1,982,982,17,815,Cash on Delivery,Delivered,4,2,40477276.30
502444,10921,17-08-2026,46,Male,Pune,Maharashtra,Electronics,Laptops,ASUS Vivobook 15,1,57247,57247,12,50377,Credit Card,Cancelled,5,0,3077928.23
502445,11177,09-02-2025,15,Male,Surat,Gujarat,Fashion,Footwear,Puma Sneakers,1,3821,3821,21,3019,UPI,Delivered,4,6,40477276.30
502446,10978,28-02-2026,15,Male,Mysuru,Karnataka,Home & Kitchen,Home Decor,Wooden Photo Frame,2,697,1393,22,1087,UPI,Delivered,4,3,40477276.30
502447,10792,13-04-2026,36,Male,Chennai,Tamil Nadu,Fashion,Footwear,Nike Revolution Running Shoes,1,4772,4772,29,3388,UPI,Delivered,4,4,40477276.30
502448,10988,12-07-2026,44,Male,Mysuru,Karnataka,Electronics,Smart Devices,Apple Watch SE,1,28436,28436,17,23602,UPI,Delivered,4,5,40477276.30
502449,11242,27-02-2025,32,Female,Ranchi,Jharkhand,Fashion,Women Clothing,Libas Anarkali Kurta,1,1890,1890,23,1455,UPI,Delivered,4,1,40477276.30
502450,10850,27-01-2025,28,Male,Jaipur,Rajasthan,Fashion,Accessories,Fastrack Analog Watch,1,2582,2582,18,2117,UPI,Delivered,5,3,40477276.30
502451,11273,17-01-2026,22,Female,Nagpur,Maharashtra,Beauty & Personal Care,Haircare,Dove Hair Mask,1,383,383,15,325,Credit Card,Delivered,3,3,40477276.30
502452,10894,03-02-2026,47,Male,Ahmedabad,Gujarat,Sports,Sportswear,Puma Training Shorts,1,1883,1883,13,1638,UPI,Delivered,5,3,40477276.30
502453,10230,27-06-2026,41,Female,Ahmedabad,Gujarat,Electronics,Audio,boAt Airdopes 141,1,1583,1583,24,1203,UPI,Delivered,3,5,40477276.30
502454,10946,09-05-2025,22,Male,Mysuru,Karnataka,Electronics,Smart Devices,Amazon Echo Dot,1,5350,5350,24,4066,Credit Card,Delivered,5,1,40477276.30
502455,10948,02-07-2026,26,Male,Noida,Uttar Pradesh,Home & Kitchen,Furniture,Bedside Table,2,3341,6683,11,5948,Debit Card,Delivered,4,4,40477276.30
502456,10724,12-06-2025,42,Male,Lucknow,Uttar Pradesh,Electronics,Laptops,HP Pavilion 14,1,62557,62557,29,44416,UPI,Delivered,3,5,40477276.30
502457,10879,19-08-2026,34,Male,Delhi,Delhi (NCT),Sports,Sportswear,Adidas Track Pants,2,2358,4716,16,3961,UPI,Delivered,4,2,40477276.30
502458,11076,01-05-2025,29,Female,Delhi,Delhi (NCT),Fashion,Footwear,Puma Sneakers,1,3931,3931,10,3538,Credit Card,Delivered,4,2,40477276.30
502459,10184,24-07-2025,39,Male,Kolkata,West Bengal,Fashion,Men Clothing,Allen Solly Polo T-Shirt,1,1643,1643,3,1594,UPI,Delivered,4,4,40477276.30
502460,10311,06-01-2026,32,Female,Delhi,Delhi (NCT),Beauty & Personal Care,Skincare,Neutrogena Moisturizer,1,809,809,11,720,Credit Card,Cancelled,3,0,3077928.23
502461,10928,16-06-2026,38,Female,Mumbai,Maharashtra,Fashion,Women Clothing,W Women Dress,1,2501,2501,14,2151,Credit Card,Delivered,5,6,40477276.30
502462,10450,31-03-2025,22,Male,Nagpur,Maharashtra,Electronics,Smart Devices,Apple Watch SE,2,29565,59130,9,53808,Cash on Delivery,Delivered,5,3,40477276.30
502463,10956,26-01-2025,46,Male,Pune,Maharashtra,Home & Kitchen,Home Decor,Decorative Table Lamp,4,1917,7669,10,6902,UPI,Delivered,4,5,40477276.30
502464,10369,24-10-2025,35,Female,Coimbatore,Tamil Nadu,Books,Self-Help,Rich Dad Poor Dad,2,383,766,15,651,Credit Card,Delivered,5,1,40477276.30
502465,10110,27-11-2025,33,Male,Kolkata,West Bengal,Electronics,Smart Devices,Amazon Echo Dot,1,5362,5362,22,4183,UPI,Delivered,5,4,40477276.30
502466,10412,16-11-2025,22,Male,Kolkata,West Bengal,Grocery,Snacks,Parle-G Biscuits,1,50,50,24,38,Credit Card,Cancelled,2,0,3077928.23
502467,10090,17-03-2026,40,Male,Chennai,Tamil Nadu,Beauty & Personal Care,Haircare,Mamaearth Hair Serum,1,475,475,16,399,UPI,Delivered,3,4,40477276.30
502468,10786,19-06-2026,46,Female,Lucknow,Uttar Pradesh,Books,Fiction,Atomic Habits,3,589,1767,30,1237,Credit Card,Delivered,4,3,40477276.30
502469,10211,04-02-2026,40,Female,Bengaluru,Karnataka,Beauty & Personal Care,Personal Care,Dove Body Wash,1,411,411,20,329,UPI,Delivered,4,1,40477276.30
502470,10968,26-05-2025,54,Female,Mumbai,Maharashtra,Electronics,Laptops,Lenovo IdeaPad Slim 5,1,65311,65311,28,47024,UPI,Delivered,2,2,40477276.30
502471,10468,15-07-2026,42,Male,Mumbai,Maharashtra,Books,Fiction,The Silent Patient,1,518,518,19,419,Credit Card,Delivered,1,2,40477276.30
502472,10834,25-12-2025,26,Male,Visakhapatnam,Andhra Pradesh,Home & Kitchen,Storage,Kitchen Storage Jars,1,1152,1152,16,968,Credit Card,Delivered,2,3,40477276.30
502473,11450,10-07-2026,34,Female,Patna,Bihar,Fashion,Men Clothing,Roadster Casual Shirt,1,1265,1265,2,1240,Cash on Delivery,Delivered,4,2,40477276.30
502474,10809,15-11-2025,48,Male,Indore,Madhya Pradesh,Fashion,Women Clothing,W Women Dress,1,2400,2400,13,2088,UPI,Delivered,3,4,40477276.30
502475,10442,08-12-2025,34,Male,Hyderabad,Telangana,Grocery,Staples,Tata Salt 1kg,1,31,31,20,24,Credit Card,Delivered,4,4,40477276.30
502476,10738,26-12-2025,45,Male,Bengaluru,Karnataka,Electronics,Smart Devices,Amazon Echo Dot,2,5530,11060,4,10618,UPI,Delivered,5,5,40477276.30
502477,11059,14-03-2026,40,Male,Lucknow,Uttar Pradesh,Grocery,Staples,Fortune Sunflower Oil 1L,1,155,155,16,130,UPI,Delivered,5,3,40477276.30
502478,10679,03-04-2026,44,Female,Kochi,Kerala,Beauty & Personal Care,Skincare,The Derma Co Sunscreen,1,478,478,25,358,Credit Card,Delivered,5,3,40477276.30
502479,10932,20-03-2026,55,Female,Indore,Madhya Pradesh,Grocery,Staples,Aashirvaad Atta 5kg,2,300,601,8,553,UPI,Cancelled,3,0,3077928.23
502480,11089,29-03-2026,31,Male,Indore,Madhya Pradesh,Home & Kitchen,Kitchen Appliances,Philips Mixer Grinder,1,3438,3438,13,2991,Debit Card,Delivered,2,6,40477276.30
502481,10565,12-12-2025,47,Female,Surat,Gujarat,Beauty & Personal Care,Makeup,Lakme Lipstick,1,616,616,19,499,Wallet,Delivered,5,5,40477276.30
502482,10252,26-12-2025,44,Female,Chennai,Tamil Nadu,Fashion,Footwear,Bata Formal Shoes,1,2618,2618,12,2303,UPI,Delivered,3,4,40477276.30
502483,11063,15-05-2025,47,Female,Noida,Uttar Pradesh,Fashion,Women Clothing,W Women Dress,4,2387,9546,17,7923,Cash on Delivery,Delivered,5,4,40477276.30
502484,10936,16-01-2026,28,Female,Pune,Maharashtra,Beauty & Personal Care,Haircare,Dove Hair Mask,1,402,402,29,285,Credit Card,Delivered,5,3,40477276.30
502485,10188,08-05-2026,33,Female,Mumbai,Maharashtra,Books,Academic,Operating Systems Guide,1,793,793,21,627,Credit Card,Delivered,5,7,40477276.30
502486,11095,17-03-2026,42,Female,Chennai,Tamil Nadu,Books,Academic,Python Programming,1,739,739,6,695,Debit Card,Delivered,5,4,40477276.30
502487,11350,22-12-2025,32,Male,Delhi,Delhi (NCT),Beauty & Personal Care,Haircare,Mamaearth Hair Serum,1,518,518,27,378,Wallet,Delivered,3,2,40477276.30
502488,11050,05-03-2025,49,Male,Pune,Maharashtra,Home & Kitchen,Storage,Wardrobe Organizer,1,867,867,4,832,Cash on Delivery,Delivered,5,3,40477276.30
502489,10051,02-02-2026,38,Female,Patna,Bihar,Grocery,Snacks,Kurkure Masala Munch,1,40,40,23,31,UPI,Delivered,4,3,40477276.30
502490,11353,21-04-2026,40,Male,Mumbai,Maharashtra,Fashion,Accessories,Titan Wallet,2,1482,2964,4,2846,Credit Card,Delivered,4,3,40477276.30
502491,10179,08-12-2025,31,Male,Gurugram,Haryana,Sports,Sportswear,Nike Dri-FIT T-Shirt,2,2064,4128,15,3509,Credit Card,Delivered,3,6,40477276.30
502492,11191,18-01-2025,35,Female,Jaipur,Rajasthan,Fashion,Footwear,Nike Revolution Running Shoes,3,4806,14419,16,12112,Cash on Delivery,Delivered,2,3,40477276.30
502493,10061,28-07-2025,29,Female,Mumbai,Maharashtra,Grocery,Staples,Tata Salt 1kg,1,30,30,16,25,UPI,Delivered,5,1,40477276.30
502494,11386,17-02-2026,37,Female,Indore,Madhya Pradesh,Electronics,Smartphones,Apple iPhone 15,2,66740,133480,26,98775,Cash on Delivery,Delivered,4,3,40477276.30
502495,10647,12-08-2025,15,Female,Gurugram,Haryana,Beauty & Personal Care,Personal Care,Dove Body Wash,3,412,1237,11,1101,Cash on Delivery,Delivered,3,3,40477276.30
502496,10862,11-01-2026,17,Female,Surat,Gujarat,Grocery,Beverages,Paper Boat Aamras,2,144,287,21,227,UPI,Delivered,5,4,40477276.30
502497,11099,15-12-2025,44,Female,Surat,Gujarat,Beauty & Personal Care,Skincare,Neutrogena Moisturizer,3,820,2460,22,1919,Debit Card,Delivered,5,3,40477276.30
502498,10473,26-06-2026,17,Female,Jaipur,Rajasthan,Grocery,Household,Harpic Toilet Cleaner,1,202,202,21,159,UPI,Delivered,5,3,40477276.30
502499,10094,11-03-2026,30,Male,Indore,Madhya Pradesh,Beauty & Personal Care,Makeup,Maybelline Foundation,1,683,683,18,560,Net Banking,Delivered,5,4,40477276.30
502500,11302,18-03-2025,45,Male,Bhopal,Madhya Pradesh,Grocery,Household,Surf Excel Detergent,1,707,707,8,651,UPI,Delivered,5,1,40477276.30
502501,11130,03-03-2026,38,Female,Patna,Bihar,Fashion,Women Clothing,Aurelia Palazzo Set,1,2174,2174,30,1522,UPI,Delivered,5,2,40477276.30
502502,10618,20-01-2025,42,Male,Ranchi,Jharkhand,Home & Kitchen,Storage,Kitchen Storage Jars,1,1223,1223,23,942,Cash on Delivery,Delivered,5,4,40477276.30
502503,10235,07-12-2025,58,Male,Mumbai,Maharashtra,Fashion,Footwear,Nike Revolution Running Shoes,1,4879,4879,16,4098,UPI,Delivered,5,1,40477276.30
502504,11305,13-02-2025,40,Female,Indore,Madhya Pradesh,Beauty & Personal Care,Skincare,Neutrogena Moisturizer,1,773,773,4,742,Net Banking,Delivered,5,4,40477276.30
502505,11326,24-12-2025,15,Male,Delhi,Delhi (NCT),Home & Kitchen,Furniture,Office Chair,1,7973,7973,19,6458,Cash on Delivery,Delivered,5,2,40477276.30
502506,10644,21-01-2025,17,Male,Mumbai,Maharashtra,Home & Kitchen,Storage,Wardrobe Organizer,1,927,927,10,834,Credit Card,Returned,3,7,1813400.65
502507,11170,29-03-2026,43,Male,Coimbatore,Tamil Nadu,Fashion,Women Clothing,W Women Dress,1,2462,2462,17,2044,UPI,Delivered,4,4,40477276.30
502508,10304,09-07-2026,41,Female,Dehradun,Uttarakhand,Fashion,Women Clothing,Aurelia Palazzo Set,1,2410,2410,23,1856,Debit Card,Delivered,1,3,40477276.30
502509,10180,11-05-2025,64,Female,Mumbai,Maharashtra,Sports,Outdoor Sports,SG Cricket Bat,1,3642,3642,29,2586,UPI,Delivered,5,2,40477276.30
502510,10218,26-10-2025,31,Female,Patna,Bihar,Fashion,Accessories,Wildcraft Backpack,1,1923,1923,15,1635,UPI,Delivered,4,4,40477276.30
502511,10093,03-08-2025,26,Male,Hyderabad,Telangana,Electronics,Audio,boAt Airdopes 141,2,1529,3059,23,2355,Credit Card,Delivered,4,3,40477276.30
502512,11294,31-07-2025,43,Male,Guwahati,Assam,Fashion,Men Clothing,Allen Solly Polo T-Shirt,1,1678,1678,8,1543,UPI,Delivered,3,2,40477276.30
502513,10633,29-07-2026,32,Female,Nashik,Maharashtra,Electronics,Audio,JBL Tune 770NC,1,5996,5996,5,5696,UPI,Delivered,3,3,40477276.30
502514,11443,25-04-2025,36,Male,Dehradun,Uttarakhand,Beauty & Personal Care,Personal Care,Himalaya Face Scrub,1,293,293,24,222,UPI,Delivered,4,2,40477276.30
502515,10405,29-11-2025,29,Female,Delhi,Delhi (NCT),Books,Non-Fiction,Think Like a Monk,1,414,414,25,310,Debit Card,Delivered,5,2,40477276.30
502516,11447,15-02-2026,28,Female,Mumbai,Maharashtra,Home & Kitchen,Storage,Plastic Storage Box Set,1,987,987,30,691,Cash on Delivery,Delivered,5,3,40477276.30
502517,10065,11-06-2025,43,Male,Mumbai,Maharashtra,Grocery,Beverages,Tata Tea Gold,1,268,268,17,223,Debit Card,Delivered,4,6,40477276.30
502518,11336,19-08-2026,30,Female,Chandigarh,Chandigarh (UT),Beauty & Personal Care,Skincare,Cetaphil Face Wash,1,722,722,12,635,Credit Card,Cancelled,4,0,3077928.23
502519,10874,26-07-2025,26,Male,Hyderabad,Telangana,Grocery,Household,Colin Glass Cleaner,1,157,157,21,124,UPI,Delivered,4,4,40477276.30
502520,10846,09-01-2026,39,Male,Delhi,Delhi (NCT),Beauty & Personal Care,Makeup,Maybelline Foundation,1,732,732,18,600,Credit Card,Delivered,3,4,40477276.30
502521,10715,03-02-2025,34,Male,Indore,Madhya Pradesh,Fashion,Men Clothing,Roadster Casual Shirt,1,1248,1248,29,886,Credit Card,Cancelled,3,0,3077928.23
502522,10285,02-09-2025,57,Male,Nashik,Maharashtra,Sports,Accessories,Sports Water Bottle,1,496,496,17,412,Debit Card,Delivered,5,5,40477276.30
502523,10358,29-01-2026,31,Male,Delhi,Delhi (NCT),Home & Kitchen,Storage,Wardrobe Organizer,3,934,2803,6,2635,UPI,Delivered,4,6,40477276.30
502524,10938,27-05-2025,42,Female,Guwahati,Assam,Books,Academic,Operating Systems Guide,2,777,1554,23,1196,UPI,Cancelled,2,0,3077928.23
502525,10797,29-04-2025,34,Female,Hyderabad,Telangana,Electronics,Audio,Sony WH-CH520,3,4664,13993,23,10775,UPI,Delivered,5,2,40477276.30
502526,10742,14-01-2025,20,Male,Delhi,Delhi (NCT),Fashion,Women Clothing,Aurelia Palazzo Set,1,2274,2274,24,1728,UPI,Cancelled,3,0,3077928.23
502527,10254,06-07-2025,45,Male,Ahmedabad,Gujarat,Beauty & Personal Care,Makeup,Lakme Lipstick,1,584,584,26,432,Debit Card,Delivered,5,4,40477276.30
502528,10004,28-05-2026,51,Female,Ahmedabad,Gujarat,Beauty & Personal Care,Makeup,Lakme Lipstick,2,597,1193,8,1098,UPI,Delivered,5,7,40477276.30
502529,10501,24-07-2025,44,Female,Bengaluru,Karnataka,Sports,Outdoor Sports,SG Cricket Bat,1,3557,3557,30,2490,UPI,Delivered,5,4,40477276.30
502530,10227,11-11-2025,35,Female,Patna,Bihar,Grocery,Staples,Aashirvaad Atta 5kg,3,297,890,29,632,Debit Card,Delivered,2,5,40477276.30
502531,11446,04-06-2026,27,Female,Chennai,Tamil Nadu,Fashion,Men Clothing,Allen Solly Polo T-Shirt,1,1686,1686,16,1416,Debit Card,Delivered,3,3,40477276.30
502532,10725,06-11-2025,36,Male,Visakhapatnam,Andhra Pradesh,Beauty & Personal Care,Personal Care,Nivea Body Lotion,1,356,356,2,349,Cash on Delivery,Delivered,3,2,40477276.30
502533,10619,05-07-2025,39,Female,Mumbai,Maharashtra,Beauty & Personal Care,Skincare,Minimalist Niacinamide Serum,1,569,569,13,495,UPI,Delivered,5,2,40477276.30
502534,10613,17-11-2025,37,Male,Pune,Maharashtra,Books,Academic,Database Management Systems,5,895,4474,18,3669,UPI,Delivered,5,4,40477276.30
502535,10070,12-03-2025,27,Female,Chennai,Tamil Nadu,Electronics,Smartphones,Samsung Galaxy A55,1,37414,37414,26,27686,UPI,Delivered,4,5,40477276.30
502536,10883,26-07-2025,29,Male,Lucknow,Uttar Pradesh,Electronics,Laptops,Lenovo IdeaPad Slim 5,2,65549,131098,29,93079,UPI,Delivered,4,4,40477276.30
502537,10537,29-06-2025,25,Female,Patna,Bihar,Sports,Sportswear,Adidas Track Pants,4,2614,10456,27,7633,UPI,Delivered,5,3,40477276.30
502538,10659,27-10-2025,36,Male,Bengaluru,Karnataka,Books,Self-Help,The Psychology of Money,2,582,1164,29,827,Net Banking,Delivered,5,1,40477276.30
502539,11331,03-07-2025,51,Female,Pune,Maharashtra,Electronics,Smartphones,Google Pixel 8a,1,52848,52848,21,41750,Credit Card,Returned,3,4,1813400.65
502540,11070,16-12-2025,38,Female,Mumbai,Maharashtra,Electronics,Smartphones,Apple iPhone 15,2,71245,142490,18,116842,UPI,Delivered,4,3,40477276.30
502541,10221,25-05-2025,59,Male,Dehradun,Uttarakhand,Beauty & Personal Care,Personal Care,Gillette Shaving Kit,2,587,1174,4,1127,Cash on Delivery,Delivered,4,5,40477276.30
502542,10365,21-02-2026,42,Male,Mumbai,Maharashtra,Electronics,Smartphones,Google Pixel 8a,4,55875,223498,26,165389,Cash on Delivery,Delivered,3,5,40477276.30
502543,10079,01-06-2025,35,Female,Gurugram,Haryana,Electronics,Smartphones,Samsung Galaxy A55,4,40712,162846,13,141676,UPI,Delivered,5,3,40477276.30
502544,10098,12-01-2026,37,Female,Surat,Gujarat,Grocery,Household,Surf Excel Detergent,1,682,682,27,498,UPI,Delivered,4,5,40477276.30
502545,11204,29-08-2025,40,Male,Vadodara,Gujarat,Fashion,Men Clothing,Roadster Casual Shirt,1,1222,1222,29,868,UPI,Delivered,5,7,40477276.30
502546,10745,03-03-2026,40,Female,Bhopal,Madhya Pradesh,Grocery,Snacks,Lays Classic Chips,1,39,39,10,35,Credit Card,Delivered,4,3,40477276.30
502547,10532,27-12-2025,16,Female,Mumbai,Maharashtra,Sports,Accessories,Sports Cap,2,380,759,8,699,UPI,Delivered,2,3,40477276.30
502548,10263,07-03-2026,15,Male,Kolkata,West Bengal,Fashion,Women Clothing,Biba Printed Kurta,1,1769,1769,22,1380,Cash on Delivery,Delivered,4,5,40477276.30
502549,11101,03-03-2025,45,Male,Hyderabad,Telangana,Sports,Fitness Equipment,Adjustable Dumbbells,1,2589,2589,27,1890,UPI,Delivered,4,4,40477276.30
502550,10350,08-10-2025,32,Male,Delhi,Delhi (NCT),Home & Kitchen,Kitchen Appliances,Philips Mixer Grinder,2,3363,6726,12,5919,UPI,Delivered,2,4,40477276.30
502551,10793,27-01-2026,37,Male,Nashik,Maharashtra,Electronics,Laptops,ASUS Vivobook 15,2,54283,108565,20,86852,Debit Card,Delivered,4,3,40477276.30
502552,10901,30-09-2025,38,Female,Lucknow,Uttar Pradesh,Books,Academic,Data Structures Handbook,1,820,820,26,607,Credit Card,Delivered,5,1,40477276.30
502553,10306,20-04-2026,35,Female,Surat,Gujarat,Fashion,Footwear,Nike Revolution Running Shoes,4,5058,20233,30,14163,Credit Card,Delivered,4,2,40477276.30
502554,11251,09-09-2025,38,Female,Kochi,Kerala,Home & Kitchen,Kitchen Appliances,Bajaj Air Fryer,1,5106,5106,27,3727,Credit Card,Delivered,4,3,40477276.30
502555,11009,17-02-2025,46,Male,Kolkata,West Bengal,Electronics,Smart Devices,Amazon Echo Dot,1,5183,5183,4,4976,Wallet,Delivered,4,4,40477276.30
502556,11395,01-05-2026,30,Female,Kolkata,West Bengal,Fashion,Women Clothing,Aurelia Palazzo Set,1,2248,2248,2,2203,Credit Card,Delivered,4,4,40477276.30
502557,10116,27-01-2026,37,Female,Nashik,Maharashtra,Fashion,Accessories,Lavie Handbag,1,2328,2328,17,1932,Cash on Delivery,Delivered,5,3,40477276.30
502558,10796,27-05-2026,46,Male,Chandigarh,Chandigarh (UT),Grocery,Household,Colin Glass Cleaner,2,147,294,8,270,Credit Card,Cancelled,3,0,3077928.23
502559,10099,13-08-2025,34,Male,Kochi,Kerala,Fashion,Women Clothing,Biba Printed Kurta,1,1729,1729,13,1505,Debit Card,Delivered,5,3,40477276.30
502560,10980,20-08-2025,42,Female,Lucknow,Uttar Pradesh,Beauty & Personal Care,Personal Care,Gillette Shaving Kit,1,583,583,7,542,Debit Card,Delivered,5,5,40477276.30
502561,11206,10-06-2026,34,Female,Bengaluru,Karnataka,Books,Non-Fiction,Deep Work,2,525,1050,2,1029,UPI,Cancelled,4,0,3077928.23
502562,10930,29-05-2026,33,Female,Ahmedabad,Gujarat,Fashion,Men Clothing,Roadster Casual Shirt,1,1278,1278,11,1137,Credit Card,Delivered,3,3,40477276.30
502563,10803,05-10-2025,35,Male,Bhopal,Madhya Pradesh,Home & Kitchen,Furniture,Study Table,1,6526,6526,4,6265,Debit Card,Delivered,4,3,40477276.30
502564,10845,09-10-2025,36,Female,Hyderabad,Telangana,Beauty & Personal Care,Personal Care,Nivea Body Lotion,2,356,711,23,548,Credit Card,Returned,3,4,1813400.65
502565,10438,13-09-2025,19,Female,Nagpur,Maharashtra,Electronics,Audio,boAt Airdopes 141,1,1411,1411,4,1354,Credit Card,Delivered,4,6,40477276.30
502566,10206,05-03-2026,24,Female,Kolkata,West Bengal,Grocery,Beverages,Real Fruit Juice,1,185,185,15,157,Credit Card,Delivered,4,4,40477276.30
502567,10225,21-01-2026,29,Female,Hyderabad,Telangana,Electronics,Smartphones,Apple iPhone 15,1,73826,73826,2,72349,UPI,Delivered,5,2,40477276.30
502568,10214,18-10-2025,41,Female,Chennai,Tamil Nadu,Sports,Outdoor Sports,Yonex Badminton Racket,3,2339,7017,29,4982,Cash on Delivery,Delivered,1,4,40477276.30
502569,11099,07-01-2026,44,Female,Surat,Gujarat,Beauty & Personal Care,Makeup,Colorbar Eyeliner,2,525,1049,2,1028,UPI,Delivered,3,2,40477276.30
502570,10891,02-02-2025,43,Male,Indore,Madhya Pradesh,Beauty & Personal Care,Skincare,The Derma Co Sunscreen,1,470,470,26,348,UPI,Delivered,3,3,40477276.30
502571,10032,20-03-2025,54,Male,Mumbai,Maharashtra,Electronics,Laptops,Dell Inspiron 15,2,55019,110039,29,78128,Debit Card,Delivered,4,3,40477276.30
502572,10917,02-12-2025,41,Female,Bhopal,Madhya Pradesh,Grocery,Staples,India Gate Basmati Rice 5kg,2,739,1478,30,1034,UPI,Cancelled,3,0,3077928.23
502573,10171,30-12-2025,24,Female,Indore,Madhya Pradesh,Home & Kitchen,Storage,Plastic Storage Box Set,5,965,4824,23,3714,UPI,Delivered,5,4,40477276.30
502574,10667,03-02-2025,31,Female,Mumbai,Maharashtra,Home & Kitchen,Kitchen Appliances,Philips Mixer Grinder,1,3275,3275,14,2817,Credit Card,Cancelled,4,0,3077928.23
502575,11313,15-09-2025,49,Male,Chennai,Tamil Nadu,Fashion,Women Clothing,Aurelia Palazzo Set,2,2300,4599,25,3449,UPI,Delivered,5,3,40477276.30
502576,10051,09-08-2025,38,Female,Patna,Bihar,Fashion,Women Clothing,Libas Anarkali Kurta,2,1905,3810,24,2896,UPI,Delivered,5,2,40477276.30
502577,10227,12-07-2026,35,Female,Patna,Bihar,Home & Kitchen,Storage,Cloth Organizer,1,727,727,20,581,Debit Card,Delivered,3,1,40477276.30
502578,10198,24-07-2026,36,Female,Kolkata,West Bengal,Grocery,Snacks,Lays Classic Chips,1,42,42,10,38,Credit Card,Delivered,5,5,40477276.30
502579,11165,25-05-2026,45,Male,Coimbatore,Tamil Nadu,Grocery,Snacks,Kurkure Masala Munch,1,39,39,12,34,UPI,Delivered,5,1,40477276.30
502580,10852,06-11-2025,28,Male,Gurugram,Haryana,Electronics,Audio,OnePlus Buds 3,1,5309,5309,19,4300,UPI,Delivered,3,6,40477276.30
502581,11336,16-04-2025,30,Female,Chandigarh,Chandigarh (UT),Electronics,Smart Devices,Apple Watch SE,3,28929,86788,14,74638,Cash on Delivery,Delivered,4,1,40477276.30
502582,11047,31-03-2025,41,Male,Bengaluru,Karnataka,Grocery,Household,Surf Excel Detergent,1,705,705,18,578,Wallet,Delivered,4,2,40477276.30
502583,10260,20-10-2025,43,Female,Dehradun,Uttarakhand,Grocery,Beverages,Tata Tea Gold,1,287,287,27,210,UPI,Delivered,3,6,40477276.30
502584,10250,29-06-2025,38,Male,Gurugram,Haryana,Electronics,Smartphones,OnePlus Nord CE 4,2,25118,50236,2,49231,Credit Card,Delivered,3,5,40477276.30
502585,10088,11-08-2025,38,Male,Delhi,Delhi (NCT),Electronics,Smart Devices,Amazon Echo Dot,2,5461,10923,12,9612,Credit Card,Returned,5,2,1813400.65
502586,10688,03-08-2026,30,Female,Pune,Maharashtra,Grocery,Snacks,Kurkure Masala Munch,1,38,38,28,27,Credit Card,Cancelled,2,0,3077928.23
502587,10143,11-08-2025,16,Male,Kolkata,West Bengal,Fashion,Accessories,Wildcraft Backpack,2,2105,4209,30,2946,Net Banking,Delivered,5,5,40477276.30
502588,10859,05-04-2026,28,Male,Bhopal,Madhya Pradesh,Sports,Fitness Equipment,Skipping Rope,2,291,581,26,430,Credit Card,Delivered,4,5,40477276.30
502589,11082,20-05-2025,30,Female,Bhopal,Madhya Pradesh,Home & Kitchen,Furniture,Bookshelf,1,5698,5698,17,4729,Cash on Delivery,Cancelled,4,0,3077928.23
502590,10963,15-01-2026,36,Non-Binary,Guwahati,Assam,Grocery,Household,Vim Dishwash Liquid,1,209,209,10,188,Cash on Delivery,Returned,1,3,1813400.65
502591,10191,11-02-2026,29,Male,Visakhapatnam,Andhra Pradesh,Electronics,Laptops,Dell Inspiron 15,1,59980,59980,24,45585,Net Banking,Delivered,4,3,40477276.30
502592,10018,15-11-2025,37,Male,Lucknow,Uttar Pradesh,Home & Kitchen,Storage,Kitchen Storage Jars,4,1212,4847,12,4266,UPI,Delivered,5,5,40477276.30
502593,10390,03-12-2025,28,Male,Surat,Gujarat,Beauty & Personal Care,Makeup,Maybelline Foundation,1,740,740,23,570,Credit Card,Delivered,4,2,40477276.30
502594,11422,26-08-2025,46,Male,Mumbai,Maharashtra,Electronics,Smartphones,OnePlus Nord CE 4,1,23782,23782,14,20452,UPI,Delivered,3,3,40477276.30
502595,11257,12-11-2025,52,Female,Nashik,Maharashtra,Grocery,Snacks,Parle-G Biscuits,1,53,53,29,37,Cash on Delivery,Delivered,3,6,40477276.30
502596,11158,24-05-2026,59,Male,Kolkata,West Bengal,Fashion,Accessories,Fastrack Analog Watch,1,2548,2548,28,1834,UPI,Delivered,4,6,40477276.30
502597,10972,10-11-2025,27,Male,Hyderabad,Telangana,Beauty & Personal Care,Haircare,Mamaearth Hair Serum,1,516,516,30,361,UPI,Delivered,5,7,40477276.30
502598,10944,09-07-2026,33,Male,Mumbai,Maharashtra,Grocery,Household,Vim Dishwash Liquid,1,195,195,8,179,Credit Card,Delivered,5,3,40477276.30
502599,10394,31-01-2026,54,Female,Mumbai,Maharashtra,Beauty & Personal Care,Haircare,Tresemme Conditioner,2,451,902,2,884,Net Banking,Returned,2,6,1813400.65
502600,11259,01-02-2026,26,Female,Coimbatore,Tamil Nadu,Home & Kitchen,Kitchen Appliances,Havells OTG Oven,1,6629,6629,9,6033,Credit Card,Delivered,4,2,40477276.30
502601,10330,14-08-2025,41,Male,Delhi,Delhi (NCT),Grocery,Beverages,Real Fruit Juice,1,182,182,19,148,Credit Card,Delivered,4,2,40477276.30
502602,11300,09-05-2026,38,Male,Bhopal,Madhya Pradesh,Electronics,Laptops,HP Pavilion 14,1,60907,60907,24,46289,Credit Card,Delivered,5,4,40477276.30
502603,10211,06-02-2026,40,Female,Bengaluru,Karnataka,Beauty & Personal Care,Makeup,Lakme Lipstick,1,584,584,2,573,Wallet,Delivered,5,2,40477276.30
502604,10228,05-10-2025,22,Female,Delhi,Delhi (NCT),Electronics,Smartphones,Google Pixel 8a,1,50390,50390,19,40816,Credit Card,Delivered,4,1,40477276.30
502605,10731,26-01-2025,36,Male,Coimbatore,Tamil Nadu,Beauty & Personal Care,Makeup,Colorbar Eyeliner,2,469,939,3,910,Debit Card,Cancelled,3,0,3077928.23
502606,11159,18-10-2025,45,Female,Jaipur,Rajasthan,Electronics,Smart Devices,Amazon Echo Dot,1,5613,5613,13,4883,Credit Card,Delivered,5,2,40477276.30
502607,10575,08-05-2026,43,Male,Jaipur,Rajasthan,Electronics,Audio,JBL Tune 770NC,1,5713,5713,28,4114,UPI,Delivered,5,5,40477276.30
502608,10747,12-07-2026,36,Female,Chennai,Tamil Nadu,Grocery,Staples,Tata Salt 1kg,1,30,30,25,23,UPI,Delivered,5,5,40477276.30
502609,10993,25-03-2026,31,Female,Chandigarh,Chandigarh (UT),Home & Kitchen,Home Decor,Wall Art Set,3,1294,3883,14,3340,Credit Card,Delivered,5,4,40477276.30
502610,11061,21-11-2025,42,Female,Guwahati,Assam,Electronics,Laptops,HP Pavilion 14,3,61060,183179,27,133721,Credit Card,Delivered,3,5,40477276.30
502611,10155,01-02-2025,37,Male,Ahmedabad,Gujarat,Electronics,Smartphones,Apple iPhone 15,1,71356,71356,15,60653,UPI,Cancelled,3,0,3077928.23
502612,11399,16-01-2025,47,Female,Bengaluru,Karnataka,Books,Self-Help,The 7 Habits of Highly Effective People,2,659,1318,11,1173,Cash on Delivery,Delivered,5,2,40477276.30
502613,10295,11-06-2025,38,Female,Coimbatore,Tamil Nadu,Beauty & Personal Care,Personal Care,Gillette Shaving Kit,1,615,615,7,572,Debit Card,Delivered,5,4,40477276.30
502614,10859,21-09-2025,28,Male,Bhopal,Madhya Pradesh,Electronics,Smart Devices,Mi Smart Band 8,3,3289,9867,2,9670,Debit Card,Delivered,3,4,40477276.30
502615,11288,27-02-2026,40,Male,Mumbai,Maharashtra,Fashion,Footwear,Skechers Walking Shoes,1,5687,5687,2,5573,UPI,Delivered,4,3,40477276.30
502616,11351,01-04-2026,21,Male,Pune,Maharashtra,Home & Kitchen,Kitchen Appliances,Bajaj Air Fryer,2,4830,9660,13,8404,UPI,Delivered,3,3,40477276.30
502617,10968,07-10-2025,54,Female,Mumbai,Maharashtra,Books,Academic,Python Programming,1,727,727,9,661,UPI,Delivered,3,3,40477276.30
502618,11406,01-02-2026,26,Female,Delhi,Delhi (NCT),Books,Non-Fiction,Deep Work,1,494,494,23,380,Cash on Delivery,Delivered,3,1,40477276.30
502619,10931,01-03-2026,28,Female,Delhi,Delhi (NCT),Home & Kitchen,Furniture,Study Table,3,6565,19694,29,13983,Debit Card,Delivered,3,5,40477276.30
502620,11149,14-03-2026,52,Female,Bengaluru,Karnataka,Home & Kitchen,Home Decor,Wall Art Set,2,1316,2632,20,2106,UPI,Delivered,4,3,40477276.30
502621,10340,21-05-2025,28,Female,Mumbai,Maharashtra,Beauty & Personal Care,Personal Care,Nivea Body Lotion,1,339,339,8,312,Cash on Delivery,Delivered,4,5,40477276.30
502622,11362,07-11-2025,40,Male,Pune,Maharashtra,Beauty & Personal Care,Skincare,Cetaphil Face Wash,4,695,2782,3,2698,UPI,Delivered,5,1,40477276.30
502623,10037,06-07-2025,36,Male,Coimbatore,Tamil Nadu,Fashion,Accessories,Wildcraft Backpack,1,1917,1917,16,1610,Credit Card,Returned,1,4,1813400.65
502624,10475,04-05-2026,52,Female,Delhi,Delhi (NCT),Fashion,Women Clothing,W Women Dress,1,2631,2631,30,1842,UPI,Delivered,5,4,40477276.30
502625,10774,02-10-2025,45,Female,Mumbai,Maharashtra,Home & Kitchen,Kitchen Appliances,Prestige Electric Kettle,2,1870,3740,24,2843,Debit Card,Delivered,5,2,40477276.30
502626,10438,25-10-2025,19,Female,Nagpur,Maharashtra,Fashion,Accessories,Fastrack Analog Watch,2,2553,5107,20,4085,UPI,Returned,4,2,1813400.65
502627,10674,21-07-2026,30,Male,Pune,Maharashtra,Electronics,Smart Devices,Mi Smart Band 8,2,3390,6780,24,5152,Wallet,Delivered,4,2,40477276.30
502628,11416,09-01-2025,44,Male,Surat,Gujarat,Electronics,Audio,boAt Airdopes 141,1,1530,1530,13,1331,UPI,Cancelled,2,0,3077928.23
502629,10667,27-03-2026,31,Female,Mumbai,Maharashtra,Grocery,Snacks,Kurkure Masala Munch,1,42,42,25,31,UPI,Delivered,5,5,40477276.30
502630,10110,26-06-2026,33,Male,Kolkata,West Bengal,Fashion,Men Clothing,Peter England Formal Shirt,1,1927,1927,28,1387,UPI,Delivered,2,2,40477276.30
502631,10730,05-12-2025,25,Male,Jaipur,Rajasthan,Fashion,Footwear,Skechers Walking Shoes,1,5840,5840,4,5606,Credit Card,Delivered,5,4,40477276.30
502632,11419,31-10-2025,51,Male,Mumbai,Maharashtra,Electronics,Audio,Sony WH-CH520,2,4254,8509,25,6382,Net Banking,Delivered,4,6,40477276.30
502633,10882,10-06-2026,28,Male,Kolkata,West Bengal,Beauty & Personal Care,Haircare,Tresemme Conditioner,2,441,882,22,688,Debit Card,Delivered,5,7,40477276.30
502634,11415,14-01-2026,27,Female,Chennai,Tamil Nadu,Grocery,Household,Harpic Toilet Cleaner,2,193,386,10,348,Credit Card,Delivered,3,3,40477276.30
502635,10176,07-08-2026,43,Male,Nagpur,Maharashtra,Books,Academic,Data Structures Handbook,1,816,816,20,653,UPI,Returned,1,3,1813400.65
502636,10628,02-02-2026,33,Female,Bhubaneswar,Odisha,Electronics,Audio,boAt Airdopes 141,1,1559,1559,21,1232,UPI,Delivered,4,2,40477276.30
502637,10908,08-01-2026,42,Female,Jaipur,Rajasthan,Electronics,Smart Devices,Amazon Echo Dot,2,5442,10884,21,8598,UPI,Delivered,4,5,40477276.30
502638,11323,09-10-2025,33,Female,Bhopal,Madhya Pradesh,Fashion,Accessories,Lavie Handbag,1,2428,2428,16,2039,Credit Card,Delivered,5,5,40477276.30
502639,10823,01-10-2025,59,Female,Delhi,Delhi (NCT),Fashion,Men Clothing,Levi's Slim Jeans,1,2369,2369,22,1848,UPI,Delivered,5,3,40477276.30
502640,10674,03-09-2025,30,Male,Pune,Maharashtra,Home & Kitchen,Home Decor,Artificial Plant,2,764,1528,23,1177,Debit Card,Delivered,4,5,40477276.30
502641,10545,19-06-2026,15,Male,Indore,Madhya Pradesh,Sports,Sportswear,Decathlon Sports T-Shirt,2,842,1685,30,1179,UPI,Delivered,5,4,40477276.30
502642,11348,08-06-2026,44,Male,Guwahati,Assam,Sports,Outdoor Sports,Cosco Football,4,891,3563,9,3242,Wallet,Delivered,4,5,40477276.30
502643,10206,29-08-2025,24,Female,Kolkata,West Bengal,Fashion,Footwear,Bata Formal Shoes,1,2377,2377,28,1712,UPI,Delivered,5,1,40477276.30
502644,11228,16-04-2026,32,Female,Mumbai,Maharashtra,Electronics,Laptops,ASUS Vivobook 15,2,58337,116674,17,96840,UPI,Delivered,5,1,40477276.30
502645,11008,02-10-2025,41,Female,Delhi,Delhi (NCT),Books,Academic,Python Programming,2,677,1353,28,974,UPI,Delivered,2,4,40477276.30
502646,10709,24-08-2025,15,Female,Mumbai,Maharashtra,Home & Kitchen,Storage,Plastic Storage Box Set,1,1042,1042,28,750,Debit Card,Delivered,5,3,40477276.30
502647,10735,18-06-2025,45,Female,Ranchi,Jharkhand,Beauty & Personal Care,Personal Care,Gillette Shaving Kit,2,630,1261,10,1135,Credit Card,Delivered,5,4,40477276.30
502648,10590,20-08-2025,25,Female,Gurugram,Haryana,Books,Academic,Data Structures Handbook,1,787,787,21,622,Cash on Delivery,Delivered,5,5,40477276.30
502649,11014,26-02-2025,26,Male,Vadodara,Gujarat,Sports,Sportswear,Decathlon Sports T-Shirt,4,787,3147,19,2549,UPI,Delivered,3,5,40477276.30
502650,11146,23-05-2026,34,Female,Guwahati,Assam,Grocery,Staples,India Gate Basmati Rice 5kg,1,699,699,23,538,UPI,Delivered,4,3,40477276.30
502651,11324,04-05-2026,39,Female,Bengaluru,Karnataka,Fashion,Accessories,Titan Wallet,1,1468,1468,25,1101,Credit Card,Delivered,5,2,40477276.30
502652,11267,07-06-2025,33,Male,Lucknow,Uttar Pradesh,Books,Non-Fiction,Sapiens,1,670,670,16,563,UPI,Delivered,5,4,40477276.30
502653,10954,08-05-2025,50,Male,Chennai,Tamil Nadu,Electronics,Smart Devices,Samsung Galaxy Watch,1,24539,24539,2,24049,Wallet,Delivered,5,4,40477276.30
502654,11284,20-02-2025,45,Male,Bengaluru,Karnataka,Electronics,Smartphones,OnePlus Nord CE 4,2,25084,50169,25,37626,Credit Card,Returned,4,5,1813400.65
502655,10981,18-01-2026,43,Male,Bhubaneswar,Odisha,Beauty & Personal Care,Makeup,Maybelline Foundation,2,669,1337,23,1030,Debit Card,Delivered,4,7,40477276.30
502656,10684,19-01-2026,39,Male,Pune,Maharashtra,Fashion,Men Clothing,Roadster Casual Shirt,1,1307,1307,19,1058,UPI,Delivered,4,7,40477276.30
502657,10056,05-09-2025,44,Male,Bhopal,Madhya Pradesh,Grocery,Household,Vim Dishwash Liquid,2,195,390,10,351,Credit Card,Delivered,3,5,40477276.30
502658,11072,02-01-2026,39,Male,Visakhapatnam,Andhra Pradesh,Fashion,Women Clothing,Biba Printed Kurta,1,1708,1708,15,1452,UPI,Cancelled,1,0,3077928.23
502659,11403,15-11-2025,47,Female,Vadodara,Gujarat,Electronics,Smartphones,OnePlus Nord CE 4,1,24648,24648,6,23169,Cash on Delivery,Delivered,4,5,40477276.30
502660,10588,04-05-2026,25,Female,Hyderabad,Telangana,Grocery,Staples,Tata Salt 1kg,2,30,60,28,43,Credit Card,Delivered,5,6,40477276.30
502661,10736,05-03-2025,39,Male,Gurugram,Haryana,Electronics,Audio,boAt Airdopes 141,2,1427,2854,14,2454,UPI,Delivered,2,4,40477276.30
502662,10253,24-08-2025,57,Female,Bengaluru,Karnataka,Electronics,Audio,boAt Airdopes 141,2,1483,2967,16,2492,Cash on Delivery,Delivered,5,3,40477276.30
502663,10843,09-09-2025,22,Female,Bengaluru,Karnataka,Fashion,Footwear,Puma Sneakers,1,4204,4204,29,2984,Debit Card,Returned,1,6,1813400.65
502664,10247,03-05-2026,29,Female,Hyderabad,Telangana,Electronics,Audio,boAt Airdopes 141,4,1535,6141,24,4667,Debit Card,Delivered,4,6,40477276.30
502665,11449,03-03-2025,48,Female,Bengaluru,Karnataka,Home & Kitchen,Furniture,Office Chair,1,8394,8394,12,7387,Debit Card,Delivered,5,7,40477276.30
502666,10134,28-02-2025,39,Female,Bhopal,Madhya Pradesh,Electronics,Audio,boAt Airdopes 141,2,1558,3116,11,2773,Credit Card,Delivered,4,4,40477276.30
502667,11219,23-07-2026,25,Male,Bengaluru,Karnataka,Fashion,Men Clothing,Roadster Casual Shirt,2,1329,2658,26,1967,Debit Card,Delivered,5,3,40477276.30
502668,11136,01-08-2026,45,Male,Jaipur,Rajasthan,Beauty & Personal Care,Makeup,Maybelline Foundation,2,721,1442,12,1269,Debit Card,Delivered,5,1,40477276.30
502669,11076,22-05-2025,29,Female,Delhi,Delhi (NCT),Electronics,Audio,boAt Airdopes 141,1,1581,1581,19,1281,UPI,Delivered,4,5,40477276.30
502670,10546,21-10-2025,25,Male,Mumbai,Maharashtra,Home & Kitchen,Furniture,Bedside Table,1,3708,3708,27,2707,UPI,Delivered,5,3,40477276.30
502671,10465,07-07-2026,33,Male,Delhi,Delhi (NCT),Home & Kitchen,Furniture,Bookshelf,1,6039,6039,8,5556,UPI,Delivered,4,4,40477276.30
502672,10762,23-03-2025,35,Female,Mumbai,Maharashtra,Books,Fiction,The Alchemist,4,388,1551,13,1349,UPI,Delivered,5,3,40477276.30
502673,10720,20-04-2025,33,Female,Surat,Gujarat,Books,Self-Help,The 7 Habits of Highly Effective People,2,717,1433,15,1218,UPI,Delivered,4,6,40477276.30
502674,10224,08-10-2025,16,Female,Ahmedabad,Gujarat,Grocery,Household,Surf Excel Detergent,1,683,683,28,492,UPI,Delivered,4,4,40477276.30
502675,10556,21-05-2026,29,Female,Bengaluru,Karnataka,Fashion,Men Clothing,Peter England Formal Shirt,1,1971,1971,29,1399,Net Banking,Delivered,5,3,40477276.30
502676,10110,27-01-2026,33,Male,Kolkata,West Bengal,Home & Kitchen,Furniture,Bedside Table,2,3586,7173,6,6742,UPI,Cancelled,3,0,3077928.23
502677,11238,23-04-2025,28,Male,Hyderabad,Telangana,Electronics,Audio,boAt Airdopes 141,2,1539,3078,21,2432,UPI,Delivered,5,2,40477276.30
502678,11241,22-07-2026,30,Male,Bengaluru,Karnataka,Grocery,Household,Surf Excel Detergent,1,700,700,7,651,Cash on Delivery,Delivered,4,2,40477276.30
502679,10201,02-01-2025,38,Female,Delhi,Delhi (NCT),Electronics,Audio,OnePlus Buds 3,1,5600,5600,15,4760,UPI,Delivered,2,7,40477276.30
502680,10540,05-04-2026,28,Male,Bengaluru,Karnataka,Home & Kitchen,Storage,Cloth Organizer,1,728,728,13,634,Credit Card,Delivered,3,3,40477276.30
502681,10989,02-08-2025,32,Female,Delhi,Delhi (NCT),Beauty & Personal Care,Haircare,Mamaearth Hair Serum,2,494,987,7,918,Debit Card,Delivered,4,6,40477276.30
502682,10491,01-03-2025,34,Female,Bengaluru,Karnataka,Fashion,Women Clothing,W Women Dress,1,2512,2512,19,2035,Wallet,Delivered,4,5,40477276.30
502683,10079,28-02-2025,35,Female,Gurugram,Haryana,Fashion,Women Clothing,Libas Anarkali Kurta,5,1886,9432,6,8866,UPI,Delivered,5,3,40477276.30
502684,10645,08-02-2025,31,Female,Lucknow,Uttar Pradesh,Sports,Accessories,Fitbit Fitness Tracker,1,8450,8450,22,6591,UPI,Delivered,1,4,40477276.30
502685,10419,21-06-2025,47,Male,Kochi,Kerala,Books,Self-Help,The Psychology of Money,1,567,567,26,419,Net Banking,Delivered,5,2,40477276.30
502686,10350,18-03-2026,32,Male,Delhi,Delhi (NCT),Sports,Outdoor Sports,Yonex Badminton Racket,1,2186,2186,5,2077,UPI,Delivered,5,4,40477276.30
502687,11209,06-02-2025,19,Male,Bengaluru,Karnataka,Fashion,Accessories,Fastrack Analog Watch,1,2531,2531,26,1873,Net Banking,Delivered,5,4,40477276.30
502688,10526,11-02-2026,15,Female,Mumbai,Maharashtra,Grocery,Snacks,Haldiram's Bhujia,1,186,186,19,151,Credit Card,Delivered,5,2,40477276.30
502689,10973,09-01-2025,43,Female,Delhi,Delhi (NCT),Beauty & Personal Care,Haircare,L'Oreal Shampoo,1,585,585,13,509,Debit Card,Delivered,4,6,40477276.30
502690,10043,15-02-2026,33,Female,Chennai,Tamil Nadu,Fashion,Men Clothing,Levi's Slim Jeans,1,2367,2367,29,1681,Credit Card,Delivered,3,4,40477276.30
502691,10823,02-08-2026,59,Female,Delhi,Delhi (NCT),Fashion,Men Clothing,Roadster Casual Shirt,1,1368,1368,5,1300,UPI,Delivered,4,3,40477276.30
502692,10601,18-03-2026,42,Female,Gurugram,Haryana,Grocery,Snacks,Kurkure Masala Munch,2,38,75,5,71,Net Banking,Cancelled,5,0,3077928.23
502693,11243,05-10-2025,28,Female,Bengaluru,Karnataka,Electronics,Audio,boAt Airdopes 141,1,1570,1570,13,1366,Net Banking,Delivered,4,2,40477276.30
502694,11284,17-01-2026,45,Male,Bengaluru,Karnataka,Home & Kitchen,Storage,Wardrobe Organizer,1,940,940,19,761,Debit Card,Delivered,1,3,40477276.30
502695,11191,15-04-2026,35,Female,Jaipur,Rajasthan,Electronics,Laptops,Dell Inspiron 15,1,55708,55708,2,54594,UPI,Delivered,4,6,40477276.30
502696,10093,09-04-2025,26,Male,Hyderabad,Telangana,Electronics,Smart Devices,Apple Watch SE,1,31676,31676,27,23124,Credit Card,Delivered,5,7,40477276.30
502697,10420,13-05-2026,35,Female,Mumbai,Maharashtra,Books,Self-Help,The Psychology of Money,3,621,1863,20,1491,Debit Card,Delivered,4,5,40477276.30
502698,10073,24-01-2026,34,Male,Bhubaneswar,Odisha,Home & Kitchen,Home Decor,Wooden Photo Frame,1,728,728,15,619,UPI,Delivered,4,2,40477276.30
502699,11194,28-06-2026,38,Female,Ranchi,Jharkhand,Sports,Sportswear,Adidas Track Pants,1,2471,2471,21,1952,UPI,Delivered,5,1,40477276.30
502700,11165,09-01-2026,45,Male,Coimbatore,Tamil Nadu,Electronics,Audio,boAt Airdopes 141,1,1479,1479,13,1286,Cash on Delivery,Delivered,4,5,40477276.30
502701,10470,03-07-2025,28,Male,Nagpur,Maharashtra,Fashion,Footwear,Puma Sneakers,2,4176,8353,6,7852,Net Banking,Delivered,5,2,40477276.30
502702,11128,06-02-2026,26,Female,Lucknow,Uttar Pradesh,Electronics,Smartphones,Google Pixel 8a,2,51442,102885,25,77164,Debit Card,Delivered,4,2,40477276.30
502703,11399,15-06-2026,47,Female,Bengaluru,Karnataka,Home & Kitchen,Storage,Kitchen Storage Jars,1,1271,1271,9,1156,Cash on Delivery,Delivered,5,6,40477276.30
502704,10689,09-04-2025,42,Male,Bhopal,Madhya Pradesh,Electronics,Audio,boAt Airdopes 141,1,1583,1583,12,1393,UPI,Delivered,4,1,40477276.30
502705,10398,28-09-2025,49,Male,Bhubaneswar,Odisha,Fashion,Accessories,Fastrack Analog Watch,1,2370,2370,20,1896,Credit Card,Delivered,4,2,40477276.30
502706,10020,04-09-2025,18,Male,Delhi,Delhi (NCT),Beauty & Personal Care,Personal Care,Dove Body Wash,2,410,820,8,755,Credit Card,Delivered,5,6,40477276.30
502707,10292,17-01-2025,29,Female,Mumbai,Maharashtra,Books,Fiction,The Alchemist,2,398,796,12,700,Debit Card,Delivered,5,4,40477276.30
502708,11044,16-04-2026,34,Female,Kolkata,West Bengal,Electronics,Smartphones,Samsung Galaxy A55,1,39745,39745,18,32591,Net Banking,Delivered,5,3,40477276.30
502709,11049,17-04-2026,50,Female,Mumbai,Maharashtra,Fashion,Footwear,Puma Sneakers,3,3809,11426,18,9370,Credit Card,Delivered,4,3,40477276.30
502710,10462,31-03-2026,34,Male,Delhi,Delhi (NCT),Sports,Sportswear,Adidas Track Pants,1,2459,2459,23,1893,Credit Card,Cancelled,4,0,3077928.23
502711,10453,14-03-2026,23,Female,Bhubaneswar,Odisha,Electronics,Smartphones,Samsung Galaxy A55,1,41200,41200,9,37492,UPI,Delivered,5,3,40477276.30
502712,10485,30-06-2026,26,Female,Mumbai,Maharashtra,Home & Kitchen,Home Decor,Wooden Photo Frame,1,740,740,4,710,UPI,Returned,4,1,1813400.65
502713,10621,15-10-2025,25,Female,Delhi,Delhi (NCT),Fashion,Accessories,Fastrack Analog Watch,3,2490,7469,24,5676,UPI,Delivered,5,4,40477276.30
502714,10800,25-11-2025,34,Male,Vadodara,Gujarat,Sports,Accessories,Sports Cap,2,388,777,5,738,Debit Card,Cancelled,5,0,3077928.23
502715,11341,21-09-2025,36,Male,Bhubaneswar,Odisha,Grocery,Beverages,Real Fruit Juice,1,189,189,4,181,UPI,Delivered,1,3,40477276.30
502716,10259,08-09-2025,39,Female,Chennai,Tamil Nadu,Fashion,Men Clothing,Allen Solly Polo T-Shirt,1,1557,1557,18,1277,Credit Card,Delivered,4,5,40477276.30
502717,10622,20-10-2025,39,Male,Mumbai,Maharashtra,Sports,Fitness Equipment,Resistance Bands Set,4,691,2765,8,2544,Credit Card,Delivered,4,4,40477276.30
502718,11096,23-05-2026,33,Male,Bengaluru,Karnataka,Beauty & Personal Care,Makeup,Maybelline Foundation,1,684,684,10,615,UPI,Delivered,4,4,40477276.30
502719,10059,28-01-2026,38,Female,Mumbai,Maharashtra,Beauty & Personal Care,Personal Care,Himalaya Face Scrub,1,304,304,10,274,Net Banking,Delivered,4,2,40477276.30
502720,10878,01-07-2026,36,Female,Bengaluru,Karnataka,Beauty & Personal Care,Personal Care,Nivea Body Lotion,1,368,368,16,309,UPI,Cancelled,5,0,3077928.23
502721,10230,08-02-2026,41,Female,Ahmedabad,Gujarat,Sports,Accessories,Gym Gloves,1,576,576,15,490,UPI,Returned,3,1,1813400.65
502722,10631,27-09-2025,15,Male,Bengaluru,Karnataka,Beauty & Personal Care,Personal Care,Gillette Shaving Kit,2,610,1220,9,1110,Credit Card,Delivered,3,4,40477276.30
502723,10996,30-07-2026,31,Male,Ahmedabad,Gujarat,Home & Kitchen,Kitchen Appliances,Bajaj Air Fryer,2,4903,9806,30,6864,Net Banking,Cancelled,1,0,3077928.23
502724,11027,02-04-2025,34,Male,Coimbatore,Tamil Nadu,Fashion,Men Clothing,Allen Solly Polo T-Shirt,1,1537,1537,25,1152,Credit Card,Delivered,5,1,40477276.30
502725,11048,10-02-2026,17,Female,Pune,Maharashtra,Home & Kitchen,Kitchen Appliances,Philips Mixer Grinder,1,3423,3423,17,2841,Credit Card,Delivered,3,4,40477276.30
502726,10158,23-11-2025,39,Female,Lucknow,Uttar Pradesh,Grocery,Staples,Tata Salt 1kg,1,29,29,10,26,Net Banking,Delivered,4,5,40477276.30
502727,10064,25-02-2026,21,Female,Jaipur,Rajasthan,Books,Academic,Database Management Systems,1,856,856,22,668,UPI,Delivered,5,2,40477276.30
502728,10342,29-01-2026,37,Male,Kolkata,West Bengal,Grocery,Beverages,Paper Boat Aamras,1,153,153,14,132,Credit Card,Delivered,5,4,40477276.30
502729,10288,01-03-2026,40,Female,Delhi,Delhi (NCT),Fashion,Women Clothing,W Women Dress,1,2526,2526,14,2172,Credit Card,Delivered,5,5,40477276.30
502730,10801,20-03-2025,44,Female,Coimbatore,Tamil Nadu,Fashion,Footwear,Puma Sneakers,1,3891,3891,24,2957,Credit Card,Delivered,2,7,40477276.30
502731,10201,22-10-2025,38,Female,Delhi,Delhi (NCT),Sports,Accessories,Sports Water Bottle,2,470,940,3,912,Wallet,Delivered,3,2,40477276.30
502732,10875,22-08-2026,34,Female,Kolkata,West Bengal,Beauty & Personal Care,Skincare,Cetaphil Face Wash,1,666,666,3,646,Debit Card,Delivered,2,5,40477276.30
502733,10997,26-05-2026,54,Female,Lucknow,Uttar Pradesh,Sports,Accessories,Sports Cap,1,405,405,26,300,UPI,Delivered,4,4,40477276.30
502734,10909,02-01-2026,41,Non-Binary,Chennai,Tamil Nadu,Home & Kitchen,Storage,Plastic Storage Box Set,1,1020,1020,28,734,UPI,Delivered,5,6,40477276.30
502735,10816,07-03-2025,18,Male,Jaipur,Rajasthan,Beauty & Personal Care,Makeup,Lakme Lipstick,1,614,614,6,577,Debit Card,Delivered,5,4,40477276.30
502736,10832,12-02-2025,24,Female,Mumbai,Maharashtra,Sports,Sportswear,Puma Training Shorts,2,1790,3581,8,3294,UPI,Delivered,2,5,40477276.30
502737,11035,26-07-2026,29,Male,Lucknow,Uttar Pradesh,Fashion,Footwear,Nike Revolution Running Shoes,1,4837,4837,29,3434,UPI,Delivered,5,3,40477276.30
502738,11072,17-04-2025,39,Male,Visakhapatnam,Andhra Pradesh,Fashion,Footwear,Bata Formal Shoes,2,2645,5291,15,4497,UPI,Delivered,5,4,40477276.30
502739,10067,24-05-2025,33,Male,Chennai,Tamil Nadu,Beauty & Personal Care,Skincare,Cetaphil Face Wash,3,734,2202,24,1673,Credit Card,Delivered,3,2,40477276.30
502740,10212,16-09-2025,46,Male,Delhi,Delhi (NCT),Fashion,Women Clothing,Aurelia Palazzo Set,1,2339,2339,3,2269,UPI,Delivered,5,2,40477276.30
502741,10847,06-04-2025,37,Female,Bengaluru,Karnataka,Grocery,Staples,Fortune Sunflower Oil 1L,2,162,323,8,297,Net Banking,Delivered,4,2,40477276.30
502742,10617,20-04-2026,35,Male,Kochi,Kerala,Grocery,Household,Surf Excel Detergent,2,658,1316,27,961,Debit Card,Delivered,4,4,40477276.30
502743,11202,10-07-2026,29,Female,Pune,Maharashtra,Electronics,Smart Devices,Apple Watch SE,1,29402,29402,5,27932,Credit Card,Delivered,4,7,40477276.30
502744,10289,05-09-2025,37,Male,Chennai,Tamil Nadu,Beauty & Personal Care,Haircare,Tresemme Conditioner,2,462,925,10,832,Wallet,Delivered,5,2,40477276.30
502745,10561,28-05-2025,37,Female,Ranchi,Jharkhand,Fashion,Accessories,Titan Wallet,1,1582,1582,30,1107,UPI,Delivered,5,4,40477276.30
502746,11380,11-04-2026,54,Male,Lucknow,Uttar Pradesh,Home & Kitchen,Kitchen Appliances,Havells OTG Oven,1,6659,6659,26,4928,Debit Card,Delivered,5,4,40477276.30
502747,10784,06-08-2026,41,Female,Mumbai,Maharashtra,Beauty & Personal Care,Skincare,Cetaphil Face Wash,1,665,665,22,519,UPI,Delivered,4,4,40477276.30
502748,11173,22-05-2025,35,Male,Ahmedabad,Gujarat,Electronics,Laptops,Dell Inspiron 15,1,58989,58989,23,45422,UPI,Delivered,4,6,40477276.30
502749,10702,05-03-2025,46,Female,Bhubaneswar,Odisha,Electronics,Smart Devices,Samsung Galaxy Watch,1,23500,23500,2,23030,Debit Card,Delivered,4,3,40477276.30
502750,10940,28-10-2025,28,Male,Pune,Maharashtra,Electronics,Audio,Sony WH-CH520,1,4699,4699,10,4230,Cash on Delivery,Cancelled,2,0,3077928.23
502751,10753,26-04-2026,23,Male,Pune,Maharashtra,Fashion,Footwear,Nike Revolution Running Shoes,1,4769,4769,13,4149,UPI,Delivered,5,2,40477276.30
502752,10748,29-10-2025,26,Female,Bhopal,Madhya Pradesh,Grocery,Household,Vim Dishwash Liquid,1,205,205,19,166,UPI,Delivered,5,3,40477276.30
502753,11385,14-02-2026,42,Male,Patna,Bihar,Fashion,Accessories,Titan Wallet,1,1419,1419,21,1121,Wallet,Delivered,4,3,40477276.30
502754,11413,25-02-2026,39,Male,Ahmedabad,Gujarat,Home & Kitchen,Kitchen Appliances,Bajaj Air Fryer,1,4700,4700,24,3572,Debit Card,Delivered,4,3,40477276.30
502755,10595,12-02-2026,45,Male,Indore,Madhya Pradesh,Beauty & Personal Care,Skincare,Neutrogena Moisturizer,2,768,1535,30,1075,Debit Card,Delivered,5,4,40477276.30
502756,11091,14-12-2025,33,Female,Pune,Maharashtra,Beauty & Personal Care,Personal Care,Nivea Body Lotion,1,361,361,8,332,Cash on Delivery,Delivered,4,4,40477276.30
502757,10075,18-04-2026,15,Male,Bengaluru,Karnataka,Beauty & Personal Care,Skincare,Cetaphil Face Wash,2,686,1371,18,1124,UPI,Delivered,3,2,40477276.30
502758,10203,27-06-2026,46,Male,Gurugram,Haryana,Fashion,Women Clothing,W Women Dress,1,2512,2512,18,2060,Wallet,Delivered,5,4,40477276.30
502759,11232,16-12-2025,19,Male,Lucknow,Uttar Pradesh,Home & Kitchen,Home Decor,Wooden Photo Frame,1,716,716,19,580,Credit Card,Delivered,4,2,40477276.30
502760,10256,24-01-2026,29,Male,Ahmedabad,Gujarat,Electronics,Audio,Sony WH-CH520,1,4711,4711,13,4099,Debit Card,Delivered,4,4,40477276.30
502761,10620,26-08-2025,36,Male,Pune,Maharashtra,Sports,Accessories,Fitbit Fitness Tracker,2,7688,15376,30,10763,UPI,Delivered,4,1,40477276.30
502762,10006,18-06-2026,31,Female,Indore,Madhya Pradesh,Home & Kitchen,Furniture,Bedside Table,1,3648,3648,14,3137,Credit Card,Delivered,5,1,40477276.30
502763,10148,05-02-2025,19,Female,Coimbatore,Tamil Nadu,Sports,Fitness Equipment,Adjustable Dumbbells,1,2362,2362,28,1700,UPI,Delivered,3,4,40477276.30
502764,10766,28-10-2025,26,Female,Mumbai,Maharashtra,Electronics,Smartphones,OnePlus Nord CE 4,1,24344,24344,23,18745,Credit Card,Delivered,5,2,40477276.30
502765,10500,23-05-2025,19,Male,Chennai,Tamil Nadu,Home & Kitchen,Storage,Kitchen Storage Jars,1,1134,1134,17,941,Net Banking,Delivered,5,3,40477276.30
502766,10065,14-05-2026,43,Male,Mumbai,Maharashtra,Fashion,Accessories,Wildcraft Backpack,1,1988,1988,11,1769,UPI,Delivered,5,3,40477276.30
502767,10471,25-03-2026,31,Female,Mumbai,Maharashtra,Home & Kitchen,Home Decor,Artificial Plant,5,808,4042,22,3152,Net Banking,Delivered,4,2,40477276.30
502768,10552,13-10-2025,32,Female,Pune,Maharashtra,Sports,Outdoor Sports,Nivia Basketball,2,943,1885,17,1565,Debit Card,Delivered,4,7,40477276.30
502769,10242,10-04-2026,33,Male,Nagpur,Maharashtra,Books,Non-Fiction,Think Like a Monk,2,397,794,26,587,Cash on Delivery,Delivered,3,5,40477276.30
502770,10840,09-02-2026,32,Male,Pune,Maharashtra,Fashion,Accessories,Wildcraft Backpack,1,2057,2057,6,1934,Debit Card,Returned,4,1,1813400.65
502771,10970,23-07-2025,18,Female,Vadodara,Gujarat,Beauty & Personal Care,Skincare,Neutrogena Moisturizer,1,803,803,27,586,Wallet,Delivered,5,4,40477276.30
502772,10462,15-05-2026,34,Male,Delhi,Delhi (NCT),Fashion,Men Clothing,Allen Solly Polo T-Shirt,1,1555,1555,30,1088,Credit Card,Delivered,5,5,40477276.30
502773,11383,27-01-2025,58,Female,Coimbatore,Tamil Nadu,Grocery,Beverages,Nescafe Classic,1,403,403,8,371,UPI,Delivered,5,4,40477276.30
502774,11406,24-07-2026,26,Female,Delhi,Delhi (NCT),Electronics,Audio,Sony WH-CH520,1,4714,4714,14,4054,UPI,Delivered,4,2,40477276.30
502775,10255,27-09-2025,17,Female,Nagpur,Maharashtra,Grocery,Beverages,Nescafe Classic,1,420,420,17,349,UPI,Delivered,1,3,40477276.30
502776,10631,29-04-2026,15,Male,Bengaluru,Karnataka,Electronics,Audio,JBL Tune 770NC,1,5662,5662,14,4869,Debit Card,Delivered,4,2,40477276.30
502777,10501,23-12-2025,44,Female,Bengaluru,Karnataka,Home & Kitchen,Storage,Plastic Storage Box Set,1,954,954,24,725,UPI,Delivered,4,3,40477276.30
502778,10911,02-01-2025,31,Female,Mumbai,Maharashtra,Home & Kitchen,Home Decor,Decorative Table Lamp,3,1787,5360,4,5146,Net Banking,Delivered,4,5,40477276.30
502779,11355,15-07-2026,28,Male,Bhopal,Madhya Pradesh,Electronics,Smartphones,Samsung Galaxy A55,1,40679,40679,16,34170,UPI,Delivered,5,2,40477276.30
502780,11070,22-08-2025,38,Female,Mumbai,Maharashtra,Grocery,Beverages,Nescafe Classic,1,398,398,6,374,Debit Card,Delivered,4,5,40477276.30
502781,10138,26-02-2026,30,Male,Delhi,Delhi (NCT),Grocery,Snacks,Kurkure Masala Munch,1,42,42,25,31,UPI,Delivered,4,3,40477276.30
502782,10681,24-02-2025,42,Male,Delhi,Delhi (NCT),Electronics,Laptops,ASUS Vivobook 15,1,56871,56871,15,48341,UPI,Delivered,4,5,40477276.30
502783,10210,01-09-2025,75,Female,Hyderabad,Telangana,Home & Kitchen,Kitchen Appliances,Bajaj Air Fryer,1,5211,5211,28,3752,Cash on Delivery,Delivered,5,3,40477276.30
502784,10792,15-02-2025,36,Male,Chennai,Tamil Nadu,Sports,Outdoor Sports,Nivia Basketball,2,1050,2101,5,1996,UPI,Delivered,3,4,40477276.30
502785,11119,13-05-2025,36,Female,Bengaluru,Karnataka,Home & Kitchen,Furniture,Study Table,2,6424,12847,2,12590,Credit Card,Cancelled,2,0,3077928.23
502786,10404,24-08-2025,35,Female,Delhi,Delhi (NCT),Sports,Sportswear,Puma Training Shorts,2,1712,3424,12,3013,Wallet,Returned,3,4,1813400.65
502787,10967,24-07-2026,27,Male,Jaipur,Rajasthan,Electronics,Smart Devices,Apple Watch SE,1,29015,29015,30,20310,UPI,Delivered,4,5,40477276.30
502788,11111,05-04-2025,32,Female,Mumbai,Maharashtra,Home & Kitchen,Storage,Wardrobe Organizer,1,898,898,20,719,Debit Card,Delivered,5,2,40477276.30
502789,10418,28-02-2025,35,Male,Patna,Bihar,Fashion,Women Clothing,Libas Anarkali Kurta,1,2099,2099,18,1721,UPI,Returned,4,7,1813400.65
502790,10326,10-09-2025,21,Male,Gurugram,Haryana,Books,Fiction,Ikigai,2,414,829,8,763,UPI,Cancelled,2,0,3077928.23
502791,10266,24-01-2025,20,Female,Bengaluru,Karnataka,Home & Kitchen,Furniture,Bookshelf,2,5721,11442,7,10641,Credit Card,Delivered,5,1,40477276.30
502792,10528,26-03-2026,35,Male,Delhi,Delhi (NCT),Electronics,Smart Devices,Amazon Echo Dot,1,5273,5273,28,3797,UPI,Delivered,5,3,40477276.30
502793,10924,11-12-2025,26,Female,Delhi,Delhi (NCT),Grocery,Staples,India Gate Basmati Rice 5kg,1,694,694,22,541,Debit Card,Delivered,5,1,40477276.30
502794,10215,27-02-2025,31,Female,Bhopal,Madhya Pradesh,Home & Kitchen,Kitchen Appliances,Philips Mixer Grinder,2,3166,6332,27,4623,UPI,Delivered,5,2,40477276.30
502795,10816,10-07-2025,18,Male,Jaipur,Rajasthan,Home & Kitchen,Storage,Kitchen Storage Jars,2,1148,2297,11,2044,Credit Card,Delivered,5,3,40477276.30
502796,11203,04-09-2025,35,Female,Nagpur,Maharashtra,Sports,Sportswear,Nike Dri-FIT T-Shirt,1,1977,1977,5,1878,Debit Card,Delivered,4,2,40477276.30
502797,10897,17-02-2026,32,Male,Hyderabad,Telangana,Sports,Accessories,Sports Water Bottle,1,482,482,5,458,Credit Card,Delivered,4,2,40477276.30
502798,10471,20-03-2025,31,Female,Mumbai,Maharashtra,Electronics,Laptops,Lenovo IdeaPad Slim 5,2,66128,132256,29,93902,UPI,Delivered,4,4,40477276.30
502799,10318,09-04-2026,31,Female,Vadodara,Gujarat,Sports,Outdoor Sports,Yonex Badminton Racket,1,2250,2250,27,1643,Credit Card,Cancelled,5,0,3077928.23
502800,10918,27-12-2025,36,Non-Binary,Pune,Maharashtra,Home & Kitchen,Storage,Plastic Storage Box Set,1,947,947,14,815,UPI,Delivered,5,3,40477276.30
502801,10909,21-08-2026,41,Non-Binary,Chennai,Tamil Nadu,Books,Non-Fiction,Educated,1,578,578,29,410,UPI,Delivered,4,3,40477276.30
502802,10397,27-01-2025,15,Male,Chennai,Tamil Nadu,Electronics,Laptops,Lenovo IdeaPad Slim 5,2,63688,127376,15,108270,Cash on Delivery,Delivered,3,4,40477276.30
502803,10021,14-02-2025,50,Female,Kolkata,West Bengal,Beauty & Personal Care,Personal Care,Himalaya Face Scrub,1,303,303,6,285,UPI,Delivered,5,4,40477276.30
502804,10281,10-03-2026,35,Male,Bengaluru,Karnataka,Sports,Sportswear,Nike Dri-FIT T-Shirt,1,2009,2009,13,1747,UPI,Delivered,3,3,40477276.30
502805,10662,28-07-2026,28,Female,Nashik,Maharashtra,Electronics,Audio,boAt Airdopes 141,1,1579,1579,23,1216,UPI,Delivered,5,6,40477276.30
502806,10852,20-12-2025,28,Male,Gurugram,Haryana,Electronics,Smartphones,Apple iPhone 15,1,69801,69801,12,61425,Credit Card,Delivered,5,5,40477276.30
502807,10455,21-04-2025,28,Female,Indore,Madhya Pradesh,Sports,Fitness Equipment,Adjustable Dumbbells,3,2643,7928,28,5708,Debit Card,Delivered,3,4,40477276.30
502808,10578,24-04-2025,42,Female,Pune,Maharashtra,Sports,Fitness Equipment,Decathlon Yoga Mat,4,988,3953,10,3558,UPI,Delivered,4,4,40477276.30
502809,10936,27-04-2025,28,Female,Pune,Maharashtra,Beauty & Personal Care,Haircare,Dove Hair Mask,3,394,1181,15,1004,Cash on Delivery,Delivered,5,3,40477276.30
502810,11247,18-04-2026,34,Male,Ahmedabad,Gujarat,Beauty & Personal Care,Skincare,Neutrogena Moisturizer,1,769,769,15,654,Credit Card,Delivered,3,4,40477276.30
502811,10554,26-09-2025,37,Female,Guwahati,Assam,Electronics,Audio,JBL Tune 770NC,1,6040,6040,23,4651,UPI,Delivered,4,4,40477276.30
502812,10908,11-06-2025,42,Female,Jaipur,Rajasthan,Fashion,Women Clothing,Biba Printed Kurta,1,1753,1753,7,1630,Wallet,Delivered,3,1,40477276.30
502813,11190,18-02-2026,23,Female,Surat,Gujarat,Electronics,Smart Devices,Mi Smart Band 8,1,3312,3312,3,3212,Credit Card,Cancelled,4,0,3077928.23
502814,11041,21-03-2025,53,Male,Bengaluru,Karnataka,Sports,Accessories,Fitbit Fitness Tracker,1,7662,7662,14,6589,Debit Card,Delivered,3,4,40477276.30
502815,10875,06-03-2026,34,Female,Kolkata,West Bengal,Electronics,Smartphones,OnePlus Nord CE 4,1,26184,26184,19,21209,Debit Card,Delivered,4,1,40477276.30
502816,10619,10-06-2025,39,Female,Mumbai,Maharashtra,Fashion,Accessories,Fastrack Analog Watch,2,2489,4979,24,3784,UPI,Delivered,3,4,40477276.30
502817,10575,04-01-2025,43,Male,Jaipur,Rajasthan,Fashion,Women Clothing,Biba Printed Kurta,1,1720,1720,15,1462,UPI,Cancelled,1,0,3077928.23
502818,10835,16-06-2025,34,Male,Noida,Uttar Pradesh,Electronics,Smart Devices,Amazon Echo Dot,2,5276,10553,25,7915,Net Banking,Delivered,4,3,40477276.30
502819,10330,19-11-2025,41,Male,Delhi,Delhi (NCT),Beauty & Personal Care,Makeup,Lakme Lipstick,1,585,585,20,468,UPI,Cancelled,4,0,3077928.23
502820,10917,04-04-2025,41,Female,Bhopal,Madhya Pradesh,Books,Fiction,Atomic Habits,2,630,1260,7,1172,Credit Card,Delivered,5,7,40477276.30
502821,10751,27-03-2026,24,Male,Bhopal,Madhya Pradesh,Fashion,Footwear,Puma Sneakers,1,3765,3765,28,2711,Credit Card,Delivered,3,2,40477276.30
502822,11440,16-04-2025,42,Male,Bengaluru,Karnataka,Home & Kitchen,Home Decor,Wooden Photo Frame,1,717,717,20,573,UPI,Delivered,4,4,40477276.30
502823,11117,24-10-2025,60,Male,Guwahati,Assam,Electronics,Laptops,Lenovo IdeaPad Slim 5,1,65701,65701,11,58474,Debit Card,Delivered,4,2,40477276.30
502824,11378,11-04-2026,45,Male,Mumbai,Maharashtra,Grocery,Household,Surf Excel Detergent,1,730,730,27,533,Net Banking,Delivered,5,4,40477276.30
502825,11378,27-02-2025,45,Male,Mumbai,Maharashtra,Grocery,Staples,Fortune Sunflower Oil 1L,1,168,168,12,148,Wallet,Delivered,5,4,40477276.30
502826,11314,25-02-2026,40,Male,Indore,Madhya Pradesh,Electronics,Smart Devices,Amazon Echo Dot,1,5805,5805,14,4992,UPI,Delivered,5,5,40477276.30
502827,10443,12-06-2025,15,Male,Lucknow,Uttar Pradesh,Home & Kitchen,Furniture,Study Table,1,6282,6282,19,5088,Debit Card,Delivered,4,5,40477276.30
502828,10488,06-10-2025,22,Male,Kolkata,West Bengal,Fashion,Men Clothing,Roadster Casual Shirt,1,1266,1266,4,1215,Debit Card,Delivered,5,4,40477276.30
502829,10158,07-05-2026,39,Female,Lucknow,Uttar Pradesh,Beauty & Personal Care,Skincare,The Derma Co Sunscreen,2,481,962,13,837,UPI,Delivered,4,7,40477276.30
502830,11185,18-02-2026,23,Male,Lucknow,Uttar Pradesh,Electronics,Smartphones,Google Pixel 8a,1,53177,53177,14,45732,UPI,Delivered,4,4,40477276.30
502831,10086,23-05-2025,28,Female,Mumbai,Maharashtra,Books,Academic,Python Programming,2,700,1399,9,1273,UPI,Delivered,4,3,40477276.30
502832,10638,03-02-2025,35,Female,Pune,Maharashtra,Beauty & Personal Care,Haircare,L'Oreal Shampoo,1,607,607,15,516,Credit Card,Delivered,5,3,40477276.30
502833,10607,04-11-2025,25,Male,Mysuru,Karnataka,Fashion,Men Clothing,Allen Solly Polo T-Shirt,1,1586,1586,18,1301,Net Banking,Delivered,4,3,40477276.30
502834,10041,16-02-2025,42,Male,Mysuru,Karnataka,Beauty & Personal Care,Personal Care,Nivea Body Lotion,1,352,352,10,317,UPI,Delivered,5,3,40477276.30
502835,10729,28-02-2026,28,Female,Bhubaneswar,Odisha,Electronics,Smart Devices,Amazon Echo Dot,1,5648,5648,25,4236,UPI,Cancelled,2,0,3077928.23
502836,10146,14-06-2025,43,Female,Delhi,Delhi (NCT),Grocery,Snacks,Kurkure Masala Munch,1,41,41,18,33,Debit Card,Delivered,4,3,40477276.30
502837,10178,25-11-2025,50,Male,Patna,Bihar,Books,Self-Help,The Psychology of Money,2,625,1249,28,899,Credit Card,Delivered,5,5,40477276.30
502838,10909,08-02-2025,41,Non-Binary,Chennai,Tamil Nadu,Electronics,Laptops,Dell Inspiron 15,1,57641,57641,7,53606,UPI,Delivered,5,4,40477276.30
502839,10113,23-06-2025,35,Female,Bengaluru,Karnataka,Electronics,Smartphones,Google Pixel 8a,2,54609,109219,29,77545,UPI,Delivered,4,3,40477276.30
502840,10024,17-10-2025,18,Male,Bengaluru,Karnataka,Electronics,Smart Devices,Mi Smart Band 8,1,3681,3681,20,2945,UPI,Delivered,4,2,40477276.30
502841,10074,16-04-2025,51,Male,Visakhapatnam,Andhra Pradesh,Home & Kitchen,Storage,Wardrobe Organizer,1,903,903,8,831,Credit Card,Delivered,5,2,40477276.30
502842,10267,20-01-2026,52,Female,Noida,Uttar Pradesh,Fashion,Men Clothing,Roadster Casual Shirt,1,1263,1263,21,998,UPI,Delivered,5,6,40477276.30
502843,10146,07-02-2025,43,Female,Delhi,Delhi (NCT),Home & Kitchen,Home Decor,Wooden Photo Frame,2,705,1410,19,1142,Cash on Delivery,Delivered,5,3,40477276.30
502844,10713,31-03-2025,28,Male,Gurugram,Haryana,Fashion,Footwear,Skechers Walking Shoes,2,5693,11385,6,10702,Credit Card,Delivered,5,2,40477276.30
502845,10177,02-05-2026,34,Male,Hyderabad,Telangana,Home & Kitchen,Kitchen Appliances,Philips Mixer Grinder,1,3338,3338,11,2970,Net Banking,Delivered,3,3,40477276.30
502846,11270,27-06-2025,48,Female,Hyderabad,Telangana,Electronics,Smart Devices,Samsung Galaxy Watch,1,25280,25280,26,18707,Credit Card,Delivered,4,1,40477276.30
502847,11304,09-12-2025,26,Female,Ahmedabad,Gujarat,Home & Kitchen,Storage,Cloth Organizer,5,708,3539,8,3256,UPI,Delivered,4,7,40477276.30
502848,10917,26-07-2025,41,Female,Bhopal,Madhya Pradesh,Home & Kitchen,Home Decor,Decorative Table Lamp,1,1927,1927,9,1754,Credit Card,Delivered,3,4,40477276.30
502849,10650,26-01-2026,42,Male,Chandigarh,Chandigarh (UT),Electronics,Audio,boAt Airdopes 141,1,1496,1496,30,1047,Credit Card,Delivered,4,2,40477276.30
502850,11418,24-05-2026,37,Female,Delhi,Delhi (NCT),Grocery,Beverages,Real Fruit Juice,1,185,185,30,130,UPI,Delivered,5,4,40477276.30
502851,10143,13-06-2026,16,Male,Kolkata,West Bengal,Home & Kitchen,Furniture,Bedside Table,1,3671,3671,8,3377,Cash on Delivery,Cancelled,4,0,3077928.23
502852,10773,14-02-2025,41,Female,Mumbai,Maharashtra,Electronics,Audio,JBL Tune 770NC,2,6132,12264,26,9076,Net Banking,Delivered,4,1,40477276.30
502853,10504,28-02-2026,40,Female,Ahmedabad,Gujarat,Electronics,Laptops,HP Pavilion 14,1,61476,61476,2,60246,UPI,Delivered,5,3,40477276.30
502854,10927,19-10-2025,28,Female,Chennai,Tamil Nadu,Grocery,Snacks,Lays Classic Chips,1,41,41,29,29,Credit Card,Delivered,3,3,40477276.30
502855,10248,12-01-2025,27,Female,Jaipur,Rajasthan,Home & Kitchen,Kitchen Appliances,Bajaj Air Fryer,1,5147,5147,7,4786,UPI,Delivered,4,3,40477276.30
502856,10905,23-09-2025,36,Male,Kolkata,West Bengal,Electronics,Laptops,ASUS Vivobook 15,1,53602,53602,11,47705,Credit Card,Delivered,5,5,40477276.30
502857,11029,06-06-2025,41,Male,Pune,Maharashtra,Electronics,Smartphones,Google Pixel 8a,3,51056,153167,9,139382,Debit Card,Delivered,4,3,40477276.30
502858,11312,09-05-2026,43,Female,Noida,Uttar Pradesh,Electronics,Audio,OnePlus Buds 3,1,5667,5667,24,4307,UPI,Delivered,3,4,40477276.30
502859,10117,15-02-2026,34,Female,Chennai,Tamil Nadu,Home & Kitchen,Furniture,Study Table,1,6260,6260,30,4382,Debit Card,Delivered,5,1,40477276.30
502860,11445,30-12-2025,38,Female,Chandigarh,Chandigarh (UT),Electronics,Laptops,HP Pavilion 14,2,63928,127855,21,101006,UPI,Delivered,5,3,40477276.30
502861,11186,21-02-2026,44,Female,Mysuru,Karnataka,Electronics,Laptops,Lenovo IdeaPad Slim 5,1,68841,68841,8,63334,UPI,Delivered,4,6,40477276.30
502862,10884,25-04-2026,45,Female,Jaipur,Rajasthan,Sports,Accessories,Sports Cap,1,406,406,27,296,UPI,Delivered,3,2,40477276.30
502863,10152,06-07-2025,38,Male,Patna,Bihar,Fashion,Accessories,Lavie Handbag,2,2189,4377,4,4202,Net Banking,Delivered,3,2,40477276.30
502864,10063,31-01-2026,22,Male,Bengaluru,Karnataka,Home & Kitchen,Storage,Wardrobe Organizer,1,882,882,20,705,Debit Card,Delivered,2,5,40477276.30
502865,10964,28-06-2026,42,Male,Lucknow,Uttar Pradesh,Beauty & Personal Care,Personal Care,Gillette Shaving Kit,1,629,629,4,604,UPI,Delivered,4,2,40477276.30
502866,11222,11-10-2025,37,Female,Patna,Bihar,Beauty & Personal Care,Personal Care,Gillette Shaving Kit,1,605,605,21,478,Debit Card,Delivered,5,5,40477276.30
502867,11026,30-08-2025,39,Male,Surat,Gujarat,Beauty & Personal Care,Personal Care,Nivea Body Lotion,2,359,718,7,667,Wallet,Cancelled,5,0,3077928.23
502868,10395,16-07-2026,47,Male,Kolkata,West Bengal,Beauty & Personal Care,Skincare,Neutrogena Moisturizer,1,832,832,19,674,Credit Card,Returned,2,7,1813400.65
502869,10218,26-05-2026,31,Female,Patna,Bihar,Electronics,Laptops,Lenovo IdeaPad Slim 5,1,62352,62352,8,57364,UPI,Delivered,4,4,40477276.30
502870,11232,08-06-2025,19,Male,Lucknow,Uttar Pradesh,Grocery,Snacks,Kurkure Masala Munch,1,40,40,30,28,Cash on Delivery,Delivered,1,7,40477276.30
502871,10127,09-02-2025,23,Male,Kolkata,West Bengal,Fashion,Women Clothing,Aurelia Palazzo Set,1,2205,2205,24,1676,Net Banking,Delivered,4,4,40477276.30
502872,10935,18-01-2025,39,Male,Chennai,Tamil Nadu,Books,Self-Help,The 7 Habits of Highly Effective People,5,669,3343,2,3276,Net Banking,Delivered,4,4,40477276.30
502873,10250,27-11-2025,38,Male,Gurugram,Haryana,Home & Kitchen,Furniture,Bookshelf,2,6017,12033,8,11071,Net Banking,Delivered,5,3,40477276.30
502874,10004,11-10-2025,51,Female,Ahmedabad,Gujarat,Electronics,Smart Devices,Mi Smart Band 8,2,3354,6708,30,4696,Credit Card,Delivered,4,5,40477276.30
502875,10374,04-05-2025,45,Female,Indore,Madhya Pradesh,Fashion,Women Clothing,Libas Anarkali Kurta,2,1901,3803,5,3613,UPI,Delivered,5,4,40477276.30
502876,10702,22-09-2025,46,Female,Bhubaneswar,Odisha,Electronics,Laptops,Dell Inspiron 15,2,60665,121330,11,107984,Cash on Delivery,Delivered,3,2,40477276.30
502877,10569,21-10-2025,15,Female,Bhopal,Madhya Pradesh,Electronics,Audio,Sony WH-CH520,1,4233,4233,17,3513,Debit Card,Delivered,5,6,40477276.30
502878,10793,03-01-2026,37,Male,Nashik,Maharashtra,Home & Kitchen,Furniture,Bookshelf,1,6064,6064,27,4427,Wallet,Delivered,5,1,40477276.30
502879,11387,04-08-2025,48,Male,Pune,Maharashtra,Fashion,Footwear,Puma Sneakers,1,3962,3962,16,3328,Credit Card,Delivered,1,4,40477276.30
502880,10445,20-07-2025,20,Male,Delhi,Delhi (NCT),Fashion,Women Clothing,Biba Printed Kurta,1,1772,1772,2,1737,Net Banking,Delivered,3,3,40477276.30
502881,11123,23-01-2026,41,Male,Bengaluru,Karnataka,Books,Academic,Database Management Systems,1,902,902,30,631,Debit Card,Delivered,3,6,40477276.30
502882,11016,27-03-2026,36,Female,Bengaluru,Karnataka,Home & Kitchen,Furniture,Study Table,1,6651,6651,9,6053,UPI,Delivered,5,3,40477276.30
502883,10614,27-04-2026,22,Female,Delhi,Delhi (NCT),Beauty & Personal Care,Skincare,Neutrogena Moisturizer,1,846,846,24,643,Wallet,Delivered,5,5,40477276.30
502884,10077,10-08-2026,35,Male,Mumbai,Maharashtra,Beauty & Personal Care,Makeup,Sugar Mascara,2,805,1611,13,1401,Debit Card,Returned,5,5,1813400.65
502885,10136,06-07-2025,51,Male,Indore,Madhya Pradesh,Fashion,Footwear,Puma Sneakers,1,3846,3846,10,3462,Cash on Delivery,Delivered,5,5,40477276.30
502886,10569,25-10-2025,15,Female,Bhopal,Madhya Pradesh,Fashion,Men Clothing,Levi's Slim Jeans,1,2529,2529,11,2251,Debit Card,Delivered,5,2,40477276.30
502887,10479,11-06-2025,68,Female,Patna,Bihar,Home & Kitchen,Furniture,Study Table,1,6409,6409,27,4678,Credit Card,Delivered,4,2,40477276.30
502888,11266,13-01-2026,18,Male,Nagpur,Maharashtra,Electronics,Audio,JBL Tune 770NC,2,5996,11993,4,11513,Cash on Delivery,Delivered,1,5,40477276.30
502889,10277,22-09-2025,36,Male,Delhi,Delhi (NCT),Sports,Fitness Equipment,Adjustable Dumbbells,2,2474,4948,22,3859,UPI,Delivered,4,3,40477276.30
502890,10104,09-05-2026,25,Male,Surat,Gujarat,Grocery,Staples,Fortune Sunflower Oil 1L,1,161,161,29,114,Credit Card,Delivered,4,2,40477276.30
502891,11279,14-02-2025,36,Female,Vadodara,Gujarat,Books,Non-Fiction,Sapiens,1,705,705,7,655,Credit Card,Returned,1,5,1813400.65
502892,10713,14-01-2026,28,Male,Gurugram,Haryana,Fashion,Footwear,Puma Sneakers,1,3973,3973,27,2900,UPI,Delivered,4,4,40477276.30
502893,10355,07-06-2026,34,Male,Patna,Bihar,Electronics,Smart Devices,Mi Smart Band 8,2,3694,7387,19,5984,Credit Card,Delivered,5,4,40477276.30
502894,10305,06-06-2025,34,Female,Coimbatore,Tamil Nadu,Home & Kitchen,Kitchen Appliances,Bajaj Air Fryer,1,5291,5291,14,4550,UPI,Delivered,4,2,40477276.30
502895,10074,15-05-2025,51,Male,Visakhapatnam,Andhra Pradesh,Fashion,Men Clothing,Levi's Slim Jeans,2,2451,4902,18,4020,Net Banking,Delivered,3,5,40477276.30
502896,11140,06-01-2026,42,Male,Delhi,Delhi (NCT),Electronics,Smart Devices,Apple Watch SE,2,30674,61348,12,53987,Credit Card,Delivered,5,4,40477276.30
502897,10287,31-01-2025,32,Female,Lucknow,Uttar Pradesh,Electronics,Smartphones,OnePlus Nord CE 4,2,25573,51146,13,44497,Debit Card,Delivered,4,6,40477276.30
502898,10077,02-07-2025,35,Male,Mumbai,Maharashtra,Fashion,Women Clothing,Libas Anarkali Kurta,1,1984,1984,16,1667,UPI,Delivered,3,6,40477276.30
502899,10064,22-05-2026,21,Female,Jaipur,Rajasthan,Electronics,Smart Devices,Samsung Galaxy Watch,1,24612,24612,3,23873,Credit Card,Delivered,4,4,40477276.30
502900,10705,16-05-2025,17,Male,Nagpur,Maharashtra,Books,Academic,Data Structures Handbook,2,770,1540,24,1170,Cash on Delivery,Returned,2,1,1813400.65
502901,11231,27-08-2025,28,Male,Kolkata,West Bengal,Beauty & Personal Care,Personal Care,Dove Body Wash,1,406,406,25,304,UPI,Delivered,4,1,40477276.30
502902,10389,05-07-2026,44,Female,Chandigarh,Chandigarh (UT),Electronics,Smart Devices,Apple Watch SE,2,30809,61618,29,43749,Credit Card,Delivered,5,6,40477276.30
502903,10708,20-03-2026,53,Female,Hyderabad,Telangana,Home & Kitchen,Furniture,Office Chair,2,7709,15419,15,13106,Credit Card,Delivered,4,3,40477276.30
502904,10379,05-08-2025,58,Female,Hyderabad,Telangana,Sports,Outdoor Sports,Nivia Basketball,1,939,939,23,723,UPI,Delivered,5,1,40477276.30
502905,11182,23-12-2025,49,Female,Hyderabad,Telangana,Home & Kitchen,Storage,Kitchen Storage Jars,1,1212,1212,24,921,UPI,Delivered,5,4,40477276.30
502906,10517,09-01-2025,40,Male,Jaipur,Rajasthan,Fashion,Men Clothing,Levi's Slim Jeans,1,2637,2637,26,1952,Credit Card,Delivered,4,6,40477276.30
502907,10136,17-02-2025,51,Male,Indore,Madhya Pradesh,Fashion,Women Clothing,Aurelia Palazzo Set,1,2303,2303,14,1980,Debit Card,Cancelled,3,0,3077928.23
502908,10096,12-05-2026,18,Male,Mumbai,Maharashtra,Beauty & Personal Care,Skincare,Cetaphil Face Wash,2,678,1355,12,1193,Credit Card,Delivered,4,2,40477276.30
502909,10510,01-06-2026,25,Male,Pune,Maharashtra,Electronics,Smartphones,Samsung Galaxy A55,3,40037,120110,30,84077,Debit Card,Delivered,4,2,40477276.30
502910,11344,24-07-2026,47,Male,Visakhapatnam,Andhra Pradesh,Books,Academic,Data Structures Handbook,1,845,845,26,625,UPI,Delivered,3,3,40477276.30
502911,10025,17-09-2025,28,Male,Hyderabad,Telangana,Electronics,Smartphones,OnePlus Nord CE 4,1,24963,24963,9,22716,UPI,Delivered,3,5,40477276.30
502912,10989,07-08-2025,32,Female,Delhi,Delhi (NCT),Fashion,Footwear,Puma Sneakers,2,4082,8164,5,7756,Cash on Delivery,Cancelled,2,0,3077928.23
502913,10027,17-10-2025,21,Female,Bengaluru,Karnataka,Home & Kitchen,Kitchen Appliances,Prestige Electric Kettle,1,1870,1870,4,1795,Credit Card,Delivered,5,4,40477276.30
502914,11035,13-04-2025,29,Male,Lucknow,Uttar Pradesh,Home & Kitchen,Home Decor,Wooden Photo Frame,1,673,673,16,565,Debit Card,Delivered,4,2,40477276.30
502915,10668,26-05-2026,51,Female,Bengaluru,Karnataka,Electronics,Smart Devices,Amazon Echo Dot,2,5634,11268,21,8902,Cash on Delivery,Delivered,5,5,40477276.30
502916,11202,14-04-2025,29,Female,Pune,Maharashtra,Fashion,Women Clothing,Libas Anarkali Kurta,2,1902,3803,21,3005,Credit Card,Delivered,1,4,40477276.30
502917,10108,28-09-2025,36,Female,Gurugram,Haryana,Beauty & Personal Care,Personal Care,Gillette Shaving Kit,1,587,587,3,569,UPI,Delivered,5,1,40477276.30
502918,10785,12-03-2025,40,Male,Ranchi,Jharkhand,Home & Kitchen,Furniture,Office Chair,1,8279,8279,9,7534,UPI,Delivered,4,4,40477276.30
502919,10952,13-09-2025,38,Female,Lucknow,Uttar Pradesh,Sports,Accessories,Gym Gloves,1,566,566,21,447,Credit Card,Delivered,3,2,40477276.30
502920,10484,13-02-2026,36,Male,Chennai,Tamil Nadu,Fashion,Women Clothing,W Women Dress,1,2449,2449,26,1812,UPI,Delivered,5,5,40477276.30
502921,10839,18-12-2025,45,Male,Jaipur,Rajasthan,Fashion,Accessories,Wildcraft Backpack,4,1954,7815,21,6174,UPI,Returned,4,3,1813400.65
502922,11397,26-10-2025,19,Male,Chennai,Tamil Nadu,Fashion,Women Clothing,Biba Printed Kurta,2,1757,3514,24,2670,Debit Card,Cancelled,3,0,3077928.23
502923,10221,20-08-2026,59,Male,Dehradun,Uttarakhand,Electronics,Laptops,HP Pavilion 14,5,60763,303813,26,224821,Net Banking,Delivered,4,4,40477276.30
502924,10972,23-11-2025,27,Male,Hyderabad,Telangana,Fashion,Footwear,Puma Sneakers,2,4202,8404,30,5883,Credit Card,Delivered,5,3,40477276.30
502925,10253,18-06-2026,57,Female,Bengaluru,Karnataka,Fashion,Accessories,Lavie Handbag,5,2185,10926,8,10052,UPI,Returned,4,6,1813400.65
502926,10530,05-05-2026,24,Male,Mysuru,Karnataka,Fashion,Women Clothing,Biba Printed Kurta,1,1712,1712,28,1232,UPI,Delivered,4,3,40477276.30
502927,10636,21-03-2025,16,Female,Mumbai,Maharashtra,Books,Non-Fiction,Think Like a Monk,1,393,393,8,362,UPI,Delivered,3,2,40477276.30
502928,10654,08-01-2025,22,Female,Jaipur,Rajasthan,Home & Kitchen,Storage,Plastic Storage Box Set,1,957,957,15,814,Credit Card,Delivered,3,2,40477276.30
502929,10277,09-08-2025,36,Male,Delhi,Delhi (NCT),Sports,Accessories,Gym Gloves,1,630,630,5,599,UPI,Delivered,5,1,40477276.30
502930,10869,29-09-2025,41,Male,Ahmedabad,Gujarat,Home & Kitchen,Storage,Wardrobe Organizer,1,845,845,21,668,UPI,Delivered,5,3,40477276.30
502931,10151,01-09-2025,37,Male,Bhubaneswar,Odisha,Beauty & Personal Care,Makeup,Maybelline Foundation,1,713,713,10,642,Wallet,Delivered,5,2,40477276.30
502932,11053,31-07-2025,39,Female,Pune,Maharashtra,Electronics,Smart Devices,Samsung Galaxy Watch,1,25942,25942,24,19716,UPI,Delivered,5,4,40477276.30
502933,11125,08-10-2025,52,Male,Chennai,Tamil Nadu,Home & Kitchen,Home Decor,Artificial Plant,2,768,1535,12,1351,UPI,Delivered,4,3,40477276.30
502934,10024,29-12-2025,18,Male,Bengaluru,Karnataka,Electronics,Laptops,Lenovo IdeaPad Slim 5,2,61114,122227,8,112449,Debit Card,Delivered,5,3,40477276.30
502935,10451,19-07-2026,33,Female,Indore,Madhya Pradesh,Beauty & Personal Care,Haircare,Tresemme Conditioner,1,453,453,3,439,Debit Card,Delivered,4,5,40477276.30
502936,10398,09-12-2025,49,Male,Bhubaneswar,Odisha,Home & Kitchen,Storage,Cloth Organizer,2,657,1315,20,1052,Net Banking,Delivered,5,7,40477276.30
502937,11192,15-09-2025,19,Male,Pune,Maharashtra,Beauty & Personal Care,Makeup,Colorbar Eyeliner,2,517,1034,9,941,Debit Card,Delivered,4,2,40477276.30
502938,10938,03-08-2026,42,Female,Guwahati,Assam,Grocery,Household,Colin Glass Cleaner,1,153,153,25,115,UPI,Delivered,4,4,40477276.30
502939,11071,22-08-2025,33,Female,Mysuru,Karnataka,Beauty & Personal Care,Makeup,Sugar Mascara,1,799,799,29,567,UPI,Delivered,4,6,40477276.30
502940,10208,02-10-2025,40,Male,Patna,Bihar,Grocery,Snacks,Lays Classic Chips,1,41,41,6,39,Credit Card,Delivered,4,4,40477276.30
502941,10164,26-11-2025,25,Male,Mumbai,Maharashtra,Books,Academic,Database Management Systems,2,867,1733,2,1699,Cash on Delivery,Delivered,3,6,40477276.30
502942,11427,20-05-2026,57,Male,Chennai,Tamil Nadu,Beauty & Personal Care,Haircare,Tresemme Conditioner,1,454,454,26,336,Credit Card,Delivered,3,5,40477276.30
502943,10404,31-03-2025,35,Female,Delhi,Delhi (NCT),Electronics,Smart Devices,Apple Watch SE,1,29170,29170,28,21003,UPI,Delivered,4,3,40477276.30
502944,11308,04-06-2026,34,Male,Hyderabad,Telangana,Home & Kitchen,Kitchen Appliances,Havells OTG Oven,1,6908,6908,22,5388,UPI,Delivered,4,6,40477276.30
502945,10427,17-02-2026,23,Female,Ranchi,Jharkhand,Home & Kitchen,Furniture,Bookshelf,1,5711,5711,8,5254,UPI,Delivered,5,4,40477276.30
502946,11272,29-03-2025,41,Male,Indore,Madhya Pradesh,Sports,Fitness Equipment,Resistance Bands Set,1,662,662,12,583,Credit Card,Delivered,3,4,40477276.30
502947,10394,06-07-2026,54,Female,Mumbai,Maharashtra,Grocery,Beverages,Nescafe Classic,1,380,380,29,270,Cash on Delivery,Delivered,3,4,40477276.30
502948,11054,10-06-2025,37,Non-Binary,Visakhapatnam,Andhra Pradesh,Home & Kitchen,Furniture,Office Chair,1,7648,7648,22,5966,UPI,Delivered,3,6,40477276.30
502949,10499,04-03-2025,24,Female,Patna,Bihar,Beauty & Personal Care,Skincare,Cetaphil Face Wash,1,704,704,21,556,Debit Card,Delivered,5,3,40477276.30
502950,10499,19-10-2025,24,Female,Patna,Bihar,Beauty & Personal Care,Makeup,Colorbar Eyeliner,1,521,521,12,459,UPI,Cancelled,3,0,3077928.23
502951,10863,02-05-2025,51,Non-Binary,Delhi,Delhi (NCT),Fashion,Men Clothing,Roadster Casual Shirt,1,1292,1292,24,982,UPI,Delivered,3,5,40477276.30
502952,10309,05-04-2026,40,Male,Kolkata,West Bengal,Fashion,Footwear,Puma Sneakers,1,3772,3772,3,3659,Net Banking,Returned,3,6,1813400.65
502953,10251,11-03-2025,20,Non-Binary,Ranchi,Jharkhand,Grocery,Staples,Fortune Sunflower Oil 1L,1,165,165,23,127,Debit Card,Delivered,5,2,40477276.30
502954,11070,31-05-2026,38,Female,Mumbai,Maharashtra,Home & Kitchen,Home Decor,Decorative Table Lamp,2,1849,3699,30,2589,Net Banking,Delivered,5,6,40477276.30
502955,10149,13-02-2026,40,Female,Surat,Gujarat,Sports,Accessories,Fitbit Fitness Tracker,1,7892,7892,8,7261,UPI,Delivered,5,3,40477276.30
502956,10159,17-07-2026,21,Male,Hyderabad,Telangana,Electronics,Smartphones,Google Pixel 8a,3,55158,165475,15,140654,Cash on Delivery,Delivered,4,2,40477276.30
502957,10681,20-11-2025,42,Male,Delhi,Delhi (NCT),Sports,Outdoor Sports,Yonex Badminton Racket,2,2274,4549,11,4049,UPI,Delivered,3,3,40477276.30
502958,11168,31-08-2025,40,Female,Bhopal,Madhya Pradesh,Books,Non-Fiction,Think Like a Monk,1,417,417,2,409,Credit Card,Returned,2,6,1813400.65
502959,10492,06-08-2026,50,Male,Lucknow,Uttar Pradesh,Electronics,Laptops,HP Pavilion 14,2,60771,121542,20,97234,UPI,Delivered,5,5,40477276.30
502960,10524,21-08-2025,40,Male,Jaipur,Rajasthan,Grocery,Staples,Aashirvaad Atta 5kg,1,285,285,22,223,Cash on Delivery,Delivered,5,5,40477276.30
502961,11206,09-08-2026,34,Female,Bengaluru,Karnataka,Home & Kitchen,Storage,Kitchen Storage Jars,1,1229,1229,19,995,Credit Card,Delivered,4,1,40477276.30
502962,10242,19-03-2025,33,Male,Nagpur,Maharashtra,Electronics,Smart Devices,Samsung Galaxy Watch,1,25526,25526,16,21441,UPI,Delivered,5,1,40477276.30
502963,10833,03-04-2026,23,Male,Jaipur,Rajasthan,Home & Kitchen,Furniture,Office Chair,1,7636,7636,8,7025,Credit Card,Delivered,5,3,40477276.30
502964,10729,13-02-2025,28,Female,Bhubaneswar,Odisha,Fashion,Men Clothing,Roadster Casual Shirt,1,1350,1350,21,1066,Debit Card,Cancelled,3,0,3077928.23
502965,10515,04-03-2026,28,Female,Nashik,Maharashtra,Fashion,Footwear,Bata Formal Shoes,3,2515,7544,2,7393,Credit Card,Delivered,5,3,40477276.30
502966,11051,04-06-2026,27,Male,Ahmedabad,Gujarat,Beauty & Personal Care,Makeup,Colorbar Eyeliner,1,500,500,18,410,Credit Card,Delivered,5,1,40477276.30
502967,10312,19-05-2025,46,Female,Ahmedabad,Gujarat,Grocery,Snacks,Haldiram's Bhujia,1,179,179,6,168,UPI,Delivered,5,5,40477276.30
502968,10743,08-10-2025,27,Male,Delhi,Delhi (NCT),Home & Kitchen,Home Decor,Artificial Plant,2,833,1665,11,1482,Credit Card,Delivered,2,2,40477276.30
502969,10047,27-05-2026,29,Female,Bengaluru,Karnataka,Electronics,Smartphones,OnePlus Nord CE 4,1,23670,23670,2,23197,UPI,Delivered,5,4,40477276.30
502970,10554,21-07-2025,37,Female,Guwahati,Assam,Beauty & Personal Care,Makeup,Lakme Lipstick,2,625,1250,28,900,UPI,Delivered,5,2,40477276.30
502971,10415,15-05-2025,38,Male,Kochi,Kerala,Grocery,Household,Surf Excel Detergent,2,690,1379,6,1297,UPI,Delivered,4,4,40477276.30
502972,11094,29-04-2025,35,Female,Mumbai,Maharashtra,Home & Kitchen,Home Decor,Artificial Plant,1,765,765,22,596,Credit Card,Delivered,4,5,40477276.30
502973,10614,21-01-2026,22,Female,Delhi,Delhi (NCT),Grocery,Beverages,Real Fruit Juice,1,181,181,11,161,Net Banking,Delivered,4,4,40477276.30
502974,10944,29-05-2025,33,Male,Mumbai,Maharashtra,Electronics,Smartphones,Samsung Galaxy A55,1,36763,36763,29,26102,Cash on Delivery,Delivered,5,3,40477276.30
502975,10024,13-05-2026,18,Male,Bengaluru,Karnataka,Beauty & Personal Care,Haircare,L'Oreal Shampoo,3,569,1708,11,1520,Credit Card,Delivered,3,3,40477276.30
502976,10035,20-11-2025,43,Male,Bhubaneswar,Odisha,Fashion,Footwear,Nike Revolution Running Shoes,1,4804,4804,8,4420,Credit Card,Delivered,5,2,40477276.30
502977,11175,03-07-2026,26,Male,Hyderabad,Telangana,Grocery,Staples,Tata Salt 1kg,1,31,31,6,29,Cash on Delivery,Delivered,5,3,40477276.30
502978,11144,08-09-2025,35,Male,Delhi,Delhi (NCT),Beauty & Personal Care,Makeup,Colorbar Eyeliner,2,520,1041,22,812,Net Banking,Delivered,5,4,40477276.30
502979,11338,17-10-2025,31,Female,Surat,Gujarat,Books,Fiction,Ikigai,1,407,407,10,367,Cash on Delivery,Delivered,3,3,40477276.30
502980,10354,23-08-2025,32,Female,Pune,Maharashtra,Home & Kitchen,Home Decor,Decorative Table Lamp,1,1878,1878,6,1766,UPI,Returned,1,2,1813400.65
502981,10829,04-03-2026,29,Male,Chandigarh,Chandigarh (UT),Fashion,Men Clothing,Peter England Formal Shirt,1,1888,1888,21,1492,Debit Card,Delivered,5,5,40477276.30
502982,10103,24-07-2025,30,Male,Lucknow,Uttar Pradesh,Home & Kitchen,Kitchen Appliances,Havells OTG Oven,2,7059,14119,15,12001,Cash on Delivery,Returned,4,2,1813400.65
502983,10916,19-05-2026,37,Non-Binary,Chennai,Tamil Nadu,Electronics,Audio,OnePlus Buds 3,2,5288,10576,21,8355,UPI,Delivered,5,5,40477276.30
502984,11051,23-11-2025,27,Male,Ahmedabad,Gujarat,Sports,Accessories,Gym Gloves,1,632,632,9,575,UPI,Delivered,5,5,40477276.30
502985,10777,10-05-2025,26,Male,Surat,Gujarat,Fashion,Men Clothing,Peter England Formal Shirt,2,1928,3856,28,2776,Credit Card,Cancelled,2,0,3077928.23
502986,10245,28-06-2026,21,Male,Coimbatore,Tamil Nadu,Books,Self-Help,The Psychology of Money,1,587,587,7,546,UPI,Delivered,5,5,40477276.30
502987,10113,10-10-2025,35,Female,Bengaluru,Karnataka,Beauty & Personal Care,Haircare,Dove Hair Mask,2,392,784,30,549,UPI,Delivered,2,3,40477276.30
502988,10519,10-07-2026,35,Male,Kolkata,West Bengal,Sports,Sportswear,Adidas Track Pants,2,2587,5175,22,4036,Net Banking,Delivered,3,2,40477276.30
502989,10258,13-02-2025,26,Male,Bhubaneswar,Odisha,Sports,Outdoor Sports,Yonex Badminton Racket,1,2233,2233,7,2076,Credit Card,Delivered,5,6,40477276.30
502990,11373,15-11-2025,19,Female,Ahmedabad,Gujarat,Beauty & Personal Care,Makeup,Colorbar Eyeliner,1,475,475,8,437,Credit Card,Delivered,5,2,40477276.30
502991,11236,04-02-2026,52,Female,Gurugram,Haryana,Sports,Sportswear,Nike Dri-FIT T-Shirt,2,1901,3802,7,3536,UPI,Delivered,5,4,40477276.30
502992,11109,23-06-2026,27,Female,Kolkata,West Bengal,Fashion,Footwear,Nike Revolution Running Shoes,1,4964,4964,16,4170,UPI,Delivered,5,6,40477276.30
502993,10772,23-10-2025,28,Male,Kolkata,West Bengal,Home & Kitchen,Kitchen Appliances,Bajaj Air Fryer,3,5123,15368,18,12601,UPI,Delivered,4,4,40477276.30
502994,11105,06-08-2025,46,Female,Bengaluru,Karnataka,Electronics,Smart Devices,Amazon Echo Dot,3,5824,17472,23,13454,Cash on Delivery,Delivered,3,4,40477276.30
502995,10389,11-08-2026,44,Female,Chandigarh,Chandigarh (UT),Books,Non-Fiction,Think Like a Monk,4,415,1662,10,1496,Debit Card,Delivered,5,3,40477276.30
502996,10938,14-08-2026,42,Female,Guwahati,Assam,Electronics,Audio,boAt Airdopes 141,1,1497,1497,12,1317,UPI,Returned,4,6,1813400.65
502997,10168,12-10-2025,55,Female,Surat,Gujarat,Home & Kitchen,Furniture,Study Table,1,6740,6740,18,5527,UPI,Delivered,5,5,40477276.30
502998,11292,20-03-2025,61,Male,Hyderabad,Telangana,Electronics,Smartphones,Samsung Galaxy A55,1,39505,39505,27,28839,Credit Card,Delivered,4,4,40477276.30
502999,10525,14-06-2025,26,Female,Chandigarh,Chandigarh (UT),Electronics,Laptops,Lenovo IdeaPad Slim 5,1,67149,67149,29,47676,Credit Card,Cancelled,5,0,3077928.23
503000,10590,14-05-2026,25,Female,Gurugram,Haryana,Electronics,Smartphones,OnePlus Nord CE 4,2,25317,50635,29,35951,UPI,Cancelled,4,0,3077928.23
503001,11412,22-07-2025,40,Male,Delhi,Delhi (NCT),Fashion,Women Clothing,Aurelia Palazzo Set,1,2291,2291,19,1856,Credit Card,Delivered,4,3,40477276.30
503002,10813,09-08-2026,50,Male,Nagpur,Maharashtra,Beauty & Personal Care,Personal Care,Gillette Shaving Kit,1,624,624,2,611,UPI,Delivered,4,4,40477276.30
503003,10442,13-05-2025,34,Male,Hyderabad,Telangana,Electronics,Smartphones,Samsung Galaxy A55,2,38715,77429,23,59621,UPI,Delivered,3,4,40477276.30
503004,10439,11-08-2026,15,Male,Jaipur,Rajasthan,Fashion,Accessories,Fastrack Analog Watch,1,2516,2516,2,2466,UPI,Delivered,4,3,40477276.30
503005,10071,22-02-2025,38,Female,Vadodara,Gujarat,Home & Kitchen,Furniture,Bookshelf,3,6150,18449,8,16973,Cash on Delivery,Delivered,4,4,40477276.30
503006,10020,19-11-2025,18,Male,Delhi,Delhi (NCT),Home & Kitchen,Home Decor,Wooden Photo Frame,1,676,676,11,601,UPI,Delivered,5,1,40477276.30
503007,10315,07-09-2025,48,Female,Hyderabad,Telangana,Beauty & Personal Care,Haircare,L'Oreal Shampoo,1,608,608,24,462,UPI,Delivered,4,3,40477276.30
503008,10266,06-08-2026,20,Female,Bengaluru,Karnataka,Books,Self-Help,The Power of Habit,1,487,487,15,414,UPI,Delivered,4,2,40477276.30
503009,10894,09-06-2026,47,Male,Ahmedabad,Gujarat,Home & Kitchen,Storage,Cloth Organizer,5,720,3600,6,3384,UPI,Delivered,2,2,40477276.30
503010,10367,27-06-2025,36,Female,Bhubaneswar,Odisha,Electronics,Smartphones,Google Pixel 8a,1,56003,56003,23,43122,Credit Card,Delivered,5,2,40477276.30
503011,10019,14-10-2025,24,Female,Surat,Gujarat,Books,Academic,Python Programming,1,657,657,22,513,UPI,Delivered,5,5,40477276.30
503012,10179,29-03-2026,31,Male,Gurugram,Haryana,Fashion,Accessories,Fastrack Analog Watch,1,2573,2573,20,2059,Debit Card,Delivered,4,4,40477276.30
503013,10702,20-03-2025,46,Female,Bhubaneswar,Odisha,Books,Self-Help,The Psychology of Money,1,563,563,29,400,UPI,Delivered,5,3,40477276.30
503014,11300,12-01-2025,38,Male,Bhopal,Madhya Pradesh,Grocery,Snacks,Parle-G Biscuits,3,50,149,22,116,Cash on Delivery,Delivered,5,3,40477276.30
503015,10480,06-01-2025,46,Female,Gurugram,Haryana,Grocery,Staples,Aashirvaad Atta 5kg,1,310,310,7,288,Cash on Delivery,Delivered,4,2,40477276.30
503016,10480,18-02-2026,46,Female,Gurugram,Haryana,Fashion,Men Clothing,Levi's Slim Jeans,1,2549,2549,20,2039,Credit Card,Cancelled,5,0,3077928.23
503017,10653,24-05-2025,31,Male,Chennai,Tamil Nadu,Home & Kitchen,Furniture,Bedside Table,4,3390,13559,7,12610,Debit Card,Delivered,4,4,40477276.30
503018,11232,15-12-2025,19,Male,Lucknow,Uttar Pradesh,Grocery,Staples,Fortune Sunflower Oil 1L,1,157,157,6,148,UPI,Delivered,5,6,40477276.30
503019,10481,29-06-2025,33,Female,Hyderabad,Telangana,Home & Kitchen,Home Decor,Artificial Plant,4,825,3300,21,2607,UPI,Delivered,4,4,40477276.30
503020,10219,14-02-2025,29,Male,Delhi,Delhi (NCT),Beauty & Personal Care,Skincare,Minimalist Niacinamide Serum,1,605,605,11,538,UPI,Delivered,1,4,40477276.30
503021,10115,25-08-2025,32,Male,Nashik,Maharashtra,Beauty & Personal Care,Haircare,Tresemme Conditioner,2,433,865,8,796,Credit Card,Delivered,4,4,40477276.30
503022,10528,13-05-2025,35,Male,Delhi,Delhi (NCT),Beauty & Personal Care,Haircare,L'Oreal Shampoo,2,581,1162,19,941,UPI,Delivered,3,2,40477276.30
503023,10897,04-07-2025,32,Male,Hyderabad,Telangana,Electronics,Laptops,HP Pavilion 14,1,66333,66333,13,57710,UPI,Delivered,5,2,40477276.30
503024,10271,07-04-2025,50,Male,Ahmedabad,Gujarat,Beauty & Personal Care,Personal Care,Himalaya Face Scrub,4,292,1167,27,852,UPI,Delivered,4,4,40477276.30
503025,10012,17-08-2025,29,Male,Nagpur,Maharashtra,Beauty & Personal Care,Makeup,Colorbar Eyeliner,1,470,470,21,371,Credit Card,Delivered,1,3,40477276.30
503026,10995,03-09-2025,23,Male,Pune,Maharashtra,Grocery,Snacks,Lays Classic Chips,2,39,79,13,68,Cash on Delivery,Delivered,3,2,40477276.30
503027,10042,27-02-2026,36,Female,Indore,Madhya Pradesh,Home & Kitchen,Furniture,Study Table,2,6852,13704,25,10278,Debit Card,Delivered,4,7,40477276.30
503028,11272,06-07-2025,41,Male,Indore,Madhya Pradesh,Home & Kitchen,Home Decor,Artificial Plant,1,813,813,11,724,Net Banking,Delivered,5,5,40477276.30
503029,10129,14-01-2026,35,Female,Bhopal,Madhya Pradesh,Electronics,Smartphones,Samsung Galaxy A55,1,38528,38528,8,35446,Credit Card,Delivered,3,3,40477276.30
503030,10807,11-06-2025,36,Male,Hyderabad,Telangana,Fashion,Accessories,Titan Wallet,3,1469,4407,18,3614,Debit Card,Delivered,1,3,40477276.30
503031,10662,03-11-2025,28,Female,Nashik,Maharashtra,Beauty & Personal Care,Skincare,Cetaphil Face Wash,2,713,1427,17,1184,Cash on Delivery,Delivered,4,3,40477276.30
503032,10051,07-08-2026,38,Female,Patna,Bihar,Electronics,Audio,boAt Airdopes 141,1,1487,1487,25,1115,UPI,Delivered,5,4,40477276.30
503033,11318,26-05-2026,31,Female,Hyderabad,Telangana,Beauty & Personal Care,Makeup,Colorbar Eyeliner,1,497,497,11,442,UPI,Delivered,5,2,40477276.30
503034,10459,30-04-2025,28,Female,Mumbai,Maharashtra,Beauty & Personal Care,Makeup,Lakme Lipstick,1,603,603,26,447,UPI,Delivered,3,3,40477276.30
503035,10764,13-08-2025,33,Female,Surat,Gujarat,Beauty & Personal Care,Haircare,L'Oreal Shampoo,2,595,1189,7,1106,UPI,Delivered,3,1,40477276.30
503036,10352,12-08-2026,50,Male,Hyderabad,Telangana,Books,Fiction,The Alchemist,2,423,845,27,617,Net Banking,Delivered,5,2,40477276.30
503037,11257,20-12-2025,52,Female,Nashik,Maharashtra,Electronics,Smartphones,OnePlus Nord CE 4,2,25836,51672,18,42371,UPI,Cancelled,4,0,3077928.23
503038,10243,08-01-2025,40,Male,Lucknow,Uttar Pradesh,Fashion,Accessories,Lavie Handbag,5,2197,10986,2,10766,Credit Card,Delivered,3,4,40477276.30
503039,11434,30-05-2026,28,Male,Coimbatore,Tamil Nadu,Electronics,Laptops,Lenovo IdeaPad Slim 5,1,66171,66171,24,50290,Debit Card,Delivered,5,4,40477276.30
503040,10696,06-06-2026,31,Female,Bengaluru,Karnataka,Electronics,Audio,Sony WH-CH520,1,4539,4539,25,3404,Credit Card,Delivered,4,5,40477276.30
503041,10409,26-03-2025,35,Male,Kolkata,West Bengal,Electronics,Smartphones,Google Pixel 8a,1,55333,55333,15,47033,UPI,Delivered,5,3,40477276.30
503042,10258,04-06-2025,26,Male,Bhubaneswar,Odisha,Books,Non-Fiction,Sapiens,1,678,678,17,563,Debit Card,Delivered,5,2,40477276.30
503043,11113,18-06-2026,44,Male,Chennai,Tamil Nadu,Electronics,Smartphones,Apple iPhone 15,2,68179,136359,20,109087,Credit Card,Delivered,3,1,40477276.30
503044,10177,28-10-2025,34,Male,Hyderabad,Telangana,Electronics,Audio,OnePlus Buds 3,2,5342,10684,4,10257,Credit Card,Delivered,4,3,40477276.30
503045,10138,02-07-2026,30,Male,Delhi,Delhi (NCT),Grocery,Snacks,Kurkure Masala Munch,1,42,42,22,33,UPI,Delivered,5,6,40477276.30
503046,11255,27-02-2026,48,Female,Gurugram,Haryana,Fashion,Footwear,Skechers Walking Shoes,1,6289,6289,28,4528,Debit Card,Delivered,3,1,40477276.30
503047,11301,14-05-2026,27,Male,Mysuru,Karnataka,Home & Kitchen,Kitchen Appliances,Bajaj Air Fryer,1,5169,5169,23,3980,UPI,Delivered,5,3,40477276.30
503048,10600,20-06-2025,38,Female,Hyderabad,Telangana,Electronics,Smartphones,Samsung Galaxy A55,1,36733,36733,10,33060,UPI,Delivered,5,4,40477276.30
503049,10710,02-07-2026,53,Male,Gurugram,Haryana,Fashion,Footwear,Skechers Walking Shoes,2,5704,11408,29,8099,Net Banking,Delivered,5,3,40477276.30
503050,10994,24-06-2026,26,Female,Mumbai,Maharashtra,Fashion,Accessories,Lavie Handbag,2,2374,4748,11,4226,UPI,Delivered,3,2,40477276.30
503051,10527,23-04-2025,16,Male,Pune,Maharashtra,Beauty & Personal Care,Haircare,Mamaearth Hair Serum,2,477,953,30,667,UPI,Delivered,5,4,40477276.30
503052,11173,03-04-2025,35,Male,Ahmedabad,Gujarat,Home & Kitchen,Furniture,Bedside Table,1,3610,3610,11,3213,UPI,Delivered,5,7,40477276.30
503053,11180,24-04-2025,22,Male,Mumbai,Maharashtra,Electronics,Smart Devices,Samsung Galaxy Watch,2,25408,50816,18,41669,Wallet,Delivered,4,3,40477276.30
503054,10615,14-08-2025,61,Female,Delhi,Delhi (NCT),Beauty & Personal Care,Personal Care,Gillette Shaving Kit,1,601,601,9,547,Debit Card,Delivered,5,7,40477276.30
503055,11144,17-02-2025,35,Male,Delhi,Delhi (NCT),Fashion,Men Clothing,Peter England Formal Shirt,2,1800,3600,21,2844,UPI,Delivered,4,4,40477276.30
503056,10325,13-01-2026,23,Female,Lucknow,Uttar Pradesh,Electronics,Smartphones,Samsung Galaxy A55,1,39041,39041,28,28110,UPI,Delivered,2,2,40477276.30
503057,11039,30-03-2026,36,Female,Kochi,Kerala,Beauty & Personal Care,Makeup,Sugar Mascara,1,796,796,22,621,Debit Card,Delivered,4,3,40477276.30
503058,11162,27-03-2026,59,Male,Nagpur,Maharashtra,Fashion,Men Clothing,Peter England Formal Shirt,1,1957,1957,21,1546,Credit Card,Delivered,4,2,40477276.30
503059,11089,18-06-2025,31,Male,Indore,Madhya Pradesh,Fashion,Accessories,Titan Wallet,3,1575,4724,2,4629,UPI,Delivered,5,5,40477276.30
503060,10503,13-05-2026,19,Male,Kolkata,West Bengal,Home & Kitchen,Furniture,Bookshelf,1,5691,5691,21,4496,UPI,Delivered,3,4,40477276.30
503061,11288,26-04-2025,40,Male,Mumbai,Maharashtra,Fashion,Footwear,Puma Sneakers,1,4192,4192,15,3563,UPI,Delivered,5,3,40477276.30
503062,10839,03-09-2025,45,Male,Jaipur,Rajasthan,Home & Kitchen,Home Decor,Artificial Plant,1,815,815,21,644,UPI,Delivered,4,3,40477276.30
503063,10959,02-09-2025,40,Male,Bengaluru,Karnataka,Fashion,Accessories,Fastrack Analog Watch,1,2411,2411,28,1736,Debit Card,Delivered,5,5,40477276.30
503064,11122,23-04-2026,47,Female,Gurugram,Haryana,Sports,Outdoor Sports,Yonex Badminton Racket,3,2215,6644,23,5116,Debit Card,Delivered,3,2,40477276.30
503065,10036,16-01-2025,21,Male,Indore,Madhya Pradesh,Electronics,Smart Devices,Amazon Echo Dot,3,5185,15555,6,14622,Debit Card,Delivered,5,5,40477276.30
503066,11113,19-05-2025,44,Male,Chennai,Tamil Nadu,Grocery,Snacks,Haldiram's Bhujia,1,184,184,19,149,Debit Card,Delivered,3,2,40477276.30
503067,10155,03-06-2026,37,Male,Ahmedabad,Gujarat,Electronics,Laptops,Lenovo IdeaPad Slim 5,1,65268,65268,28,46993,Debit Card,Delivered,5,1,40477276.30
503068,11331,30-12-2025,51,Female,Pune,Maharashtra,Electronics,Laptops,ASUS Vivobook 15,1,54306,54306,24,41272,UPI,Delivered,4,2,40477276.30
503069,10089,28-11-2025,28,Female,Mumbai,Maharashtra,Home & Kitchen,Home Decor,Decorative Table Lamp,1,2012,2012,25,1509,UPI,Delivered,2,1,40477276.30
503070,10884,12-10-2025,45,Female,Jaipur,Rajasthan,Electronics,Laptops,HP Pavilion 14,2,65923,131846,12,116024,Debit Card,Delivered,4,5,40477276.30
503071,10522,18-01-2026,40,Male,Indore,Madhya Pradesh,Books,Fiction,Ikigai,1,419,419,26,310,UPI,Delivered,4,3,40477276.30
503072,10454,27-08-2025,40,Male,Lucknow,Uttar Pradesh,Books,Academic,Operating Systems Guide,2,735,1470,19,1191,Debit Card,Delivered,4,4,40477276.30
503073,11324,08-08-2025,39,Female,Bengaluru,Karnataka,Home & Kitchen,Home Decor,Wooden Photo Frame,1,709,709,27,518,Credit Card,Delivered,5,3,40477276.30
503074,11261,21-03-2026,40,Male,Bhopal,Madhya Pradesh,Books,Academic,Python Programming,1,663,663,30,464,UPI,Cancelled,2,0,3077928.23
503075,10830,25-01-2025,31,Male,Chennai,Tamil Nadu,Books,Non-Fiction,Deep Work,1,513,513,7,477,Credit Card,Delivered,4,5,40477276.30
503076,10908,18-06-2026,42,Female,Jaipur,Rajasthan,Home & Kitchen,Home Decor,Artificial Plant,2,773,1546,29,1098,Net Banking,Delivered,4,4,40477276.30
503077,11357,27-07-2025,28,Female,Hyderabad,Telangana,Home & Kitchen,Furniture,Study Table,1,6566,6566,12,5778,UPI,Delivered,5,7,40477276.30
503078,11416,06-07-2025,44,Male,Surat,Gujarat,Home & Kitchen,Kitchen Appliances,Havells OTG Oven,2,7268,14536,29,10320,UPI,Delivered,4,6,40477276.30
503079,11419,08-06-2026,51,Male,Mumbai,Maharashtra,Fashion,Footwear,Nike Revolution Running Shoes,1,5285,5285,7,4915,UPI,Delivered,5,1,40477276.30
503080,11105,17-02-2026,46,Female,Bengaluru,Karnataka,Electronics,Laptops,Dell Inspiron 15,4,55955,223821,7,208153,Cash on Delivery,Delivered,4,1,40477276.30
503081,11210,21-02-2026,53,Female,Hyderabad,Telangana,Books,Academic,Data Structures Handbook,1,821,821,2,805,UPI,Cancelled,4,0,3077928.23
503082,10508,24-09-2025,24,Female,Patna,Bihar,Grocery,Snacks,Kurkure Masala Munch,1,38,38,5,36,UPI,Delivered,5,4,40477276.30
503083,11234,11-02-2025,62,Male,Bhopal,Madhya Pradesh,Home & Kitchen,Kitchen Appliances,Philips Mixer Grinder,2,3293,6587,16,5533,Credit Card,Delivered,4,2,40477276.30
503084,10207,29-08-2025,40,Male,Hyderabad,Telangana,Home & Kitchen,Home Decor,Decorative Table Lamp,1,1812,1812,8,1667,Cash on Delivery,Delivered,5,3,40477276.30
503085,10767,27-05-2026,34,Male,Nagpur,Maharashtra,Fashion,Men Clothing,Levi's Slim Jeans,1,2401,2401,8,2209,UPI,Delivered,4,3,40477276.30
503086,10855,04-11-2025,50,Male,Chennai,Tamil Nadu,Grocery,Staples,Aashirvaad Atta 5kg,1,292,292,15,248,Credit Card,Delivered,5,2,40477276.30
503087,10802,01-08-2025,28,Male,Bhopal,Madhya Pradesh,Beauty & Personal Care,Skincare,The Derma Co Sunscreen,1,472,472,27,345,UPI,Delivered,2,3,40477276.30
503088,11445,23-04-2025,38,Female,Chandigarh,Chandigarh (UT),Beauty & Personal Care,Haircare,L'Oreal Shampoo,1,634,634,16,532,Wallet,Delivered,3,3,40477276.30
503089,10195,14-07-2025,36,Male,Mumbai,Maharashtra,Home & Kitchen,Furniture,Bedside Table,1,3503,3503,8,3223,Net Banking,Cancelled,4,0,3077928.23
503090,10785,20-07-2025,40,Male,Ranchi,Jharkhand,Home & Kitchen,Kitchen Appliances,Prestige Electric Kettle,1,1848,1848,5,1756,UPI,Delivered,4,3,40477276.30
503091,10638,18-03-2026,35,Female,Pune,Maharashtra,Electronics,Smart Devices,Mi Smart Band 8,3,3504,10512,5,9987,Debit Card,Delivered,4,7,40477276.30
503092,10516,26-07-2026,42,Female,Bhopal,Madhya Pradesh,Fashion,Women Clothing,W Women Dress,1,2416,2416,2,2368,Credit Card,Delivered,4,3,40477276.30
503093,10044,17-04-2025,31,Female,Hyderabad,Telangana,Fashion,Women Clothing,W Women Dress,1,2478,2478,12,2181,Credit Card,Delivered,5,4,40477276.30
503094,11105,12-09-2025,46,Female,Bengaluru,Karnataka,Electronics,Smartphones,Apple iPhone 15,2,72433,144866,18,118790,UPI,Delivered,4,3,40477276.30
503095,10946,30-05-2025,22,Male,Mysuru,Karnataka,Electronics,Laptops,Lenovo IdeaPad Slim 5,1,63324,63324,25,47493,UPI,Delivered,4,1,40477276.30
503096,10769,15-03-2025,27,Female,Kolkata,West Bengal,Beauty & Personal Care,Makeup,Maybelline Foundation,1,682,682,19,552,Credit Card,Delivered,5,3,40477276.30
503097,10765,30-04-2026,47,Female,Visakhapatnam,Andhra Pradesh,Electronics,Smart Devices,Amazon Echo Dot,1,5768,5768,26,4269,Credit Card,Delivered,5,6,40477276.30
503098,10575,11-02-2026,43,Male,Jaipur,Rajasthan,Sports,Sportswear,Decathlon Sports T-Shirt,1,794,794,25,595,Debit Card,Delivered,4,3,40477276.30
503099,11439,14-05-2026,39,Female,Kochi,Kerala,Electronics,Smartphones,Google Pixel 8a,1,53401,53401,22,41653,UPI,Delivered,5,3,40477276.30
503100,11282,17-08-2025,32,Female,Ranchi,Jharkhand,Beauty & Personal Care,Haircare,Mamaearth Hair Serum,1,505,505,26,374,Net Banking,Delivered,4,4,40477276.30
503101,11141,09-12-2025,31,Female,Bhopal,Madhya Pradesh,Electronics,Smartphones,Apple iPhone 15,1,74045,74045,10,66640,Credit Card,Delivered,4,1,40477276.30
503102,10139,10-07-2025,43,Female,Surat,Gujarat,Home & Kitchen,Furniture,Bedside Table,1,3389,3389,6,3186,Cash on Delivery,Delivered,3,2,40477276.30
503103,10637,02-06-2026,43,Male,Lucknow,Uttar Pradesh,Books,Fiction,The Alchemist,1,383,383,20,306,Net Banking,Delivered,4,3,40477276.30
503104,11130,23-12-2025,38,Female,Patna,Bihar,Electronics,Audio,OnePlus Buds 3,2,5489,10978,17,9112,Credit Card,Cancelled,2,0,3077928.23
503105,10720,14-08-2025,33,Female,Surat,Gujarat,Beauty & Personal Care,Haircare,L'Oreal Shampoo,1,624,624,21,493,Net Banking,Delivered,5,1,40477276.30
503106,10609,28-03-2025,15,Female,Surat,Gujarat,Home & Kitchen,Kitchen Appliances,Havells OTG Oven,2,6826,13651,13,11876,UPI,Delivered,4,2,40477276.30
503107,10014,18-08-2025,15,Male,Kochi,Kerala,Beauty & Personal Care,Skincare,The Derma Co Sunscreen,2,496,992,5,943,UPI,Delivered,3,3,40477276.30
503108,11397,17-01-2025,19,Male,Chennai,Tamil Nadu,Electronics,Audio,JBL Tune 770NC,2,5670,11339,24,8618,Wallet,Delivered,5,2,40477276.30
503109,10697,23-06-2025,38,Male,Pune,Maharashtra,Beauty & Personal Care,Personal Care,Nivea Body Lotion,1,360,360,13,313,UPI,Delivered,3,1,40477276.30
503110,11347,28-06-2026,15,Female,Chennai,Tamil Nadu,Books,Self-Help,The Psychology of Money,1,606,606,7,563,Credit Card,Delivered,5,3,40477276.30
503111,10333,12-08-2025,35,Male,Chennai,Tamil Nadu,Beauty & Personal Care,Makeup,Maybelline Foundation,1,725,725,22,565,Credit Card,Returned,1,5,1813400.65
503112,10187,06-09-2025,39,Male,Chennai,Tamil Nadu,Beauty & Personal Care,Skincare,Minimalist Niacinamide Serum,1,571,571,10,514,Credit Card,Delivered,4,2,40477276.30
503113,10537,07-05-2026,25,Female,Patna,Bihar,Beauty & Personal Care,Skincare,Minimalist Niacinamide Serum,5,622,3109,22,2425,UPI,Delivered,5,2,40477276.30
503114,10193,11-04-2025,36,Male,Mumbai,Maharashtra,Electronics,Smart Devices,Mi Smart Band 8,1,3436,3436,18,2818,Credit Card,Delivered,5,3,40477276.30
503115,10071,09-05-2025,38,Female,Vadodara,Gujarat,Fashion,Footwear,Bata Formal Shoes,1,2484,2484,11,2211,Credit Card,Delivered,4,4,40477276.30
503116,10329,20-06-2026,41,Male,Bhubaneswar,Odisha,Home & Kitchen,Furniture,Bedside Table,5,3597,17983,11,16005,UPI,Delivered,5,5,40477276.30
503117,10027,05-02-2026,21,Female,Bengaluru,Karnataka,Grocery,Beverages,Paper Boat Aamras,1,159,159,29,113,Debit Card,Delivered,3,1,40477276.30
503118,10992,26-06-2026,15,Female,Bengaluru,Karnataka,Beauty & Personal Care,Skincare,Neutrogena Moisturizer,4,763,3052,28,2197,Debit Card,Delivered,5,2,40477276.30
503119,10258,29-03-2026,26,Male,Bhubaneswar,Odisha,Fashion,Footwear,Nike Revolution Running Shoes,2,4715,9431,16,7922,Credit Card,Cancelled,5,0,3077928.23
503120,10021,27-01-2026,50,Female,Kolkata,West Bengal,Beauty & Personal Care,Haircare,Tresemme Conditioner,2,475,949,18,778,Debit Card,Delivered,4,1,40477276.30
503121,10877,06-08-2025,28,Male,Visakhapatnam,Andhra Pradesh,Books,Fiction,The Silent Patient,1,494,494,16,415,UPI,Delivered,3,2,40477276.30
503122,10329,02-07-2025,41,Male,Bhubaneswar,Odisha,Beauty & Personal Care,Makeup,Colorbar Eyeliner,2,469,938,2,919,UPI,Delivered,5,7,40477276.30
503123,10390,18-07-2026,28,Male,Surat,Gujarat,Fashion,Footwear,Puma Sneakers,1,4147,4147,3,4023,Debit Card,Delivered,5,5,40477276.30
503124,10936,27-03-2026,28,Female,Pune,Maharashtra,Electronics,Laptops,ASUS Vivobook 15,1,58870,58870,22,45919,Cash on Delivery,Delivered,2,2,40477276.30
503125,11186,12-01-2026,44,Female,Mysuru,Karnataka,Home & Kitchen,Furniture,Study Table,1,6408,6408,19,5191,Credit Card,Delivered,4,4,40477276.30
503126,10784,03-03-2025,41,Female,Mumbai,Maharashtra,Fashion,Women Clothing,Aurelia Palazzo Set,1,2182,2182,12,1920,UPI,Delivered,3,7,40477276.30
503127,10769,19-01-2025,27,Female,Kolkata,West Bengal,Home & Kitchen,Storage,Kitchen Storage Jars,1,1251,1251,6,1176,Credit Card,Returned,3,3,1813400.65
503128,10570,23-12-2025,30,Female,Pune,Maharashtra,Beauty & Personal Care,Skincare,The Derma Co Sunscreen,1,512,512,27,374,Net Banking,Cancelled,5,0,3077928.23
503129,10105,09-09-2025,32,Female,Dehradun,Uttarakhand,Electronics,Laptops,HP Pavilion 14,1,65781,65781,17,54598,UPI,Delivered,5,6,40477276.30
503130,10971,17-11-2025,35,Female,Pune,Maharashtra,Electronics,Smartphones,Google Pixel 8a,2,51992,103984,18,85267,Credit Card,Returned,2,1,1813400.65
503131,10025,25-01-2026,28,Male,Hyderabad,Telangana,Fashion,Footwear,Bata Formal Shoes,1,2647,2647,14,2276,UPI,Delivered,4,4,40477276.30
503132,10299,23-09-2025,43,Male,Bengaluru,Karnataka,Sports,Accessories,Gym Gloves,1,599,599,13,521,Credit Card,Delivered,4,4,40477276.30
503133,11090,13-01-2026,32,Female,Indore,Madhya Pradesh,Beauty & Personal Care,Skincare,Cetaphil Face Wash,1,683,683,28,492,UPI,Delivered,4,5,40477276.30
503134,10597,11-11-2025,31,Male,Mysuru,Karnataka,Fashion,Women Clothing,Libas Anarkali Kurta,1,2112,2112,19,1711,Cash on Delivery,Delivered,5,4,40477276.30
503135,10807,16-04-2025,36,Male,Hyderabad,Telangana,Electronics,Audio,boAt Airdopes 141,1,1535,1535,8,1413,UPI,Delivered,5,4,40477276.30
503136,10635,21-06-2026,23,Female,Mumbai,Maharashtra,Fashion,Women Clothing,Libas Anarkali Kurta,1,1904,1904,19,1542,UPI,Delivered,5,3,40477276.30
503137,10415,03-03-2026,38,Male,Kochi,Kerala,Home & Kitchen,Furniture,Bookshelf,1,6030,6030,30,4221,Wallet,Delivered,4,4,40477276.30
503138,10676,28-03-2025,25,Male,Delhi,Delhi (NCT),Beauty & Personal Care,Haircare,Dove Hair Mask,1,413,413,19,334,Net Banking,Delivered,5,3,40477276.30
503139,10095,06-08-2025,30,Male,Bengaluru,Karnataka,Electronics,Smart Devices,Amazon Echo Dot,1,5172,5172,23,3982,Credit Card,Delivered,4,3,40477276.30
503140,11378,18-07-2025,45,Male,Mumbai,Maharashtra,Electronics,Smart Devices,Apple Watch SE,1,29625,29625,27,21626,Credit Card,Delivered,3,7,40477276.30
503141,10717,02-12-2025,35,Female,Dehradun,Uttarakhand,Beauty & Personal Care,Haircare,Tresemme Conditioner,1,438,438,15,372,Debit Card,Delivered,5,4,40477276.30
503142,10244,25-02-2026,44,Female,Indore,Madhya Pradesh,Beauty & Personal Care,Skincare,Minimalist Niacinamide Serum,1,621,621,8,571,Debit Card,Delivered,5,6,40477276.30
503143,10591,14-11-2025,35,Female,Noida,Uttar Pradesh,Grocery,Snacks,Kurkure Masala Munch,2,41,82,11,73,Net Banking,Delivered,5,2,40477276.30
503144,10659,12-10-2025,36,Male,Bengaluru,Karnataka,Books,Academic,Database Management Systems,1,855,855,23,658,UPI,Cancelled,5,0,3077928.23
503145,11302,14-03-2026,45,Male,Bhopal,Madhya Pradesh,Fashion,Accessories,Wildcraft Backpack,3,2011,6032,27,4403,UPI,Delivered,4,2,40477276.30
503146,11168,20-12-2025,40,Female,Bhopal,Madhya Pradesh,Electronics,Smartphones,Google Pixel 8a,1,54216,54216,8,49879,Credit Card,Delivered,5,7,40477276.30
503147,11116,04-06-2026,38,Female,Bengaluru,Karnataka,Home & Kitchen,Storage,Plastic Storage Box Set,1,1056,1056,27,771,UPI,Delivered,5,4,40477276.30
503148,11242,14-02-2025,32,Female,Ranchi,Jharkhand,Fashion,Women Clothing,W Women Dress,1,2397,2397,26,1774,UPI,Delivered,3,3,40477276.30
503149,10768,26-07-2026,53,Male,Chennai,Tamil Nadu,Fashion,Women Clothing,Aurelia Palazzo Set,1,2244,2244,11,1997,Credit Card,Cancelled,3,0,3077928.23
503150,10831,01-07-2026,19,Female,Bengaluru,Karnataka,Home & Kitchen,Kitchen Appliances,Philips Mixer Grinder,5,3441,17207,27,12561,Credit Card,Delivered,5,7,40477276.30
503151,10922,15-04-2025,23,Female,Nashik,Maharashtra,Fashion,Men Clothing,Peter England Formal Shirt,2,1890,3781,3,3667,UPI,Cancelled,1,0,3077928.23
503152,10678,08-02-2026,53,Male,Patna,Bihar,Grocery,Snacks,Kurkure Masala Munch,1,39,39,26,29,UPI,Delivered,5,4,40477276.30
503153,10749,25-03-2026,27,Male,Lucknow,Uttar Pradesh,Electronics,Laptops,Lenovo IdeaPad Slim 5,2,62339,124678,15,105977,Wallet,Cancelled,2,0,3077928.23
503154,10432,04-06-2026,15,Male,Bengaluru,Karnataka,Electronics,Laptops,HP Pavilion 14,1,65905,65905,3,63928,Credit Card,Cancelled,4,0,3077928.23
503155,10316,04-07-2026,34,Female,Bengaluru,Karnataka,Sports,Sportswear,Adidas Track Pants,3,2639,7918,6,7443,UPI,Delivered,4,5,40477276.30
503156,10287,10-05-2026,32,Female,Lucknow,Uttar Pradesh,Beauty & Personal Care,Makeup,Maybelline Foundation,2,687,1373,28,989,Credit Card,Delivered,4,4,40477276.30
503157,10157,10-02-2026,55,Male,Delhi,Delhi (NCT),Fashion,Accessories,Wildcraft Backpack,4,2012,8048,28,5795,UPI,Delivered,5,6,40477276.30
503158,10991,02-02-2026,36,Male,Noida,Uttar Pradesh,Beauty & Personal Care,Personal Care,Himalaya Face Scrub,2,315,630,30,441,UPI,Delivered,4,4,40477276.30
503159,11027,15-05-2026,34,Male,Coimbatore,Tamil Nadu,Home & Kitchen,Home Decor,Decorative Table Lamp,5,1867,9335,14,8028,Cash on Delivery,Delivered,5,4,40477276.30
503160,10958,19-06-2026,39,Female,Nagpur,Maharashtra,Electronics,Smartphones,Samsung Galaxy A55,1,38823,38823,2,38047,UPI,Delivered,4,4,40477276.30
503161,10418,12-02-2025,35,Male,Patna,Bihar,Electronics,Smart Devices,Apple Watch SE,1,29403,29403,25,22052,UPI,Delivered,5,4,40477276.30
503162,10833,09-03-2026,23,Male,Jaipur,Rajasthan,Beauty & Personal Care,Haircare,Tresemme Conditioner,2,432,864,30,605,UPI,Delivered,4,2,40477276.30
503163,10817,15-05-2025,37,Female,Chennai,Tamil Nadu,Electronics,Smartphones,OnePlus Nord CE 4,3,25529,76588,7,71227,UPI,Delivered,3,2,40477276.30
503164,10327,27-04-2026,47,Female,Kochi,Kerala,Electronics,Audio,Sony WH-CH520,2,4290,8581,26,6350,UPI,Delivered,5,7,40477276.30
503165,11357,14-09-2025,28,Female,Hyderabad,Telangana,Home & Kitchen,Furniture,Office Chair,5,7756,38782,11,34516,UPI,Delivered,4,3,40477276.30
503166,11405,19-06-2025,45,Male,Nagpur,Maharashtra,Fashion,Accessories,Fastrack Analog Watch,1,2440,2440,22,1903,UPI,Delivered,2,4,40477276.30
503167,10423,01-02-2026,31,Male,Indore,Madhya Pradesh,Electronics,Audio,OnePlus Buds 3,1,5311,5311,13,4621,Credit Card,Delivered,3,2,40477276.30
503168,11300,18-12-2025,38,Male,Bhopal,Madhya Pradesh,Beauty & Personal Care,Skincare,Cetaphil Face Wash,2,691,1383,11,1231,UPI,Cancelled,3,0,3077928.23
503169,10531,18-05-2025,41,Female,Indore,Madhya Pradesh,Electronics,Smartphones,Apple iPhone 15,1,67410,67410,8,62018,UPI,Delivered,5,4,40477276.30
503170,10824,08-08-2025,30,Male,Pune,Maharashtra,Electronics,Smart Devices,Apple Watch SE,2,29514,59027,25,44270,UPI,Delivered,4,4,40477276.30
503171,10234,20-04-2025,27,Female,Ahmedabad,Gujarat,Sports,Accessories,Gym Gloves,1,599,599,30,420,Credit Card,Delivered,4,4,40477276.30
503172,10099,13-04-2025,34,Male,Kochi,Kerala,Home & Kitchen,Storage,Kitchen Storage Jars,1,1151,1151,25,863,UPI,Delivered,5,1,40477276.30
503173,11441,24-07-2026,41,Male,Jaipur,Rajasthan,Grocery,Snacks,Kurkure Masala Munch,1,40,40,11,36,UPI,Delivered,3,3,40477276.30
503174,10887,11-10-2025,40,Male,Delhi,Delhi (NCT),Electronics,Smart Devices,Mi Smart Band 8,2,3701,7401,14,6365,UPI,Returned,4,7,1813400.65
503175,10086,09-04-2025,28,Female,Mumbai,Maharashtra,Grocery,Beverages,Tata Tea Gold,5,282,1412,22,1101,UPI,Delivered,5,4,40477276.30
503176,11108,05-05-2026,22,Male,Jaipur,Rajasthan,Home & Kitchen,Storage,Plastic Storage Box Set,1,949,949,2,930,Credit Card,Delivered,5,5,40477276.30
503177,10569,25-04-2025,15,Female,Bhopal,Madhya Pradesh,Home & Kitchen,Storage,Cloth Organizer,2,708,1416,19,1147,UPI,Delivered,4,6,40477276.30
503178,10195,12-09-2025,36,Male,Mumbai,Maharashtra,Home & Kitchen,Home Decor,Artificial Plant,1,760,760,28,547,Debit Card,Delivered,3,5,40477276.30
503179,10683,23-07-2025,28,Female,Chennai,Tamil Nadu,Grocery,Beverages,Paper Boat Aamras,2,144,288,21,227,UPI,Delivered,5,3,40477276.30
503180,10624,29-06-2026,49,Female,Surat,Gujarat,Sports,Sportswear,Decathlon Sports T-Shirt,3,780,2340,13,2036,Credit Card,Delivered,3,5,40477276.30
503181,10223,12-03-2026,42,Female,Mumbai,Maharashtra,Electronics,Audio,JBL Tune 770NC,1,5715,5715,23,4400,Cash on Delivery,Delivered,4,4,40477276.30
503182,10837,17-03-2026,51,Female,Ahmedabad,Gujarat,Beauty & Personal Care,Haircare,Dove Hair Mask,1,414,414,20,331,UPI,Delivered,4,2,40477276.30
503183,10151,10-02-2026,37,Male,Bhubaneswar,Odisha,Fashion,Footwear,Bata Formal Shoes,1,2413,2413,13,2099,UPI,Returned,5,4,1813400.65
503184,10591,14-04-2026,35,Female,Noida,Uttar Pradesh,Home & Kitchen,Furniture,Bookshelf,2,5725,11450,3,11106,Wallet,Delivered,5,2,40477276.30
503185,10379,01-04-2026,58,Female,Hyderabad,Telangana,Books,Non-Fiction,Educated,1,594,594,8,546,UPI,Delivered,5,3,40477276.30
503186,10446,09-12-2025,41,Male,Delhi,Delhi (NCT),Grocery,Beverages,Real Fruit Juice,4,178,713,23,549,Debit Card,Delivered,4,4,40477276.30
503187,10928,28-02-2025,38,Female,Mumbai,Maharashtra,Electronics,Smartphones,Samsung Galaxy A55,1,40613,40613,18,33303,Wallet,Returned,5,1,1813400.65
503188,10180,09-04-2026,64,Female,Mumbai,Maharashtra,Electronics,Audio,boAt Airdopes 141,2,1489,2979,3,2889,Net Banking,Delivered,5,4,40477276.30
503189,10670,21-05-2026,46,Female,Mumbai,Maharashtra,Sports,Sportswear,Nike Dri-FIT T-Shirt,1,2039,2039,13,1774,UPI,Delivered,2,4,40477276.30
503190,10413,25-06-2026,17,Female,Indore,Madhya Pradesh,Fashion,Footwear,Skechers Walking Shoes,1,6324,6324,18,5186,Net Banking,Delivered,2,5,40477276.30
503191,11320,23-08-2025,32,Male,Delhi,Delhi (NCT),Electronics,Smartphones,Samsung Galaxy A55,4,41101,164405,29,116728,Cash on Delivery,Delivered,5,3,40477276.30
503192,10336,31-07-2026,32,Female,Vadodara,Gujarat,Home & Kitchen,Kitchen Appliances,Philips Mixer Grinder,1,3427,3427,30,2399,Credit Card,Delivered,5,3,40477276.30
503193,11143,13-02-2026,32,Female,Delhi,Delhi (NCT),Grocery,Staples,Aashirvaad Atta 5kg,1,306,306,29,217,Credit Card,Delivered,3,4,40477276.30
503194,11068,29-03-2026,47,Female,Jaipur,Rajasthan,Electronics,Smartphones,OnePlus Nord CE 4,2,26166,52332,11,46576,UPI,Cancelled,4,0,3077928.23
503195,11211,15-08-2025,20,Female,Jaipur,Rajasthan,Beauty & Personal Care,Personal Care,Gillette Shaving Kit,1,587,587,25,440,Debit Card,Delivered,5,4,40477276.30
503196,11286,21-03-2026,19,Male,Chennai,Tamil Nadu,Home & Kitchen,Furniture,Office Chair,2,7925,15850,25,11887,Cash on Delivery,Returned,4,1,1813400.65
503197,11048,19-02-2026,17,Female,Pune,Maharashtra,Electronics,Smartphones,Apple iPhone 15,1,67394,67394,18,55263,UPI,Delivered,5,6,40477276.30
503198,10097,07-05-2026,37,Male,Kochi,Kerala,Electronics,Smartphones,Google Pixel 8a,1,51845,51845,20,41476,UPI,Delivered,5,4,40477276.30
503199,10131,24-02-2026,17,Male,Mysuru,Karnataka,Fashion,Men Clothing,Roadster Casual Shirt,2,1345,2690,19,2179,Credit Card,Returned,3,6,1813400.65
503200,10409,12-08-2025,35,Male,Kolkata,West Bengal,Books,Academic,Data Structures Handbook,4,757,3028,19,2453,Credit Card,Delivered,3,1,40477276.30
503201,10116,02-09-2025,37,Female,Nashik,Maharashtra,Electronics,Smart Devices,Mi Smart Band 8,1,3347,3347,24,2544,UPI,Delivered,4,2,40477276.30
503202,10798,25-12-2025,41,Male,Jaipur,Rajasthan,Beauty & Personal Care,Haircare,Tresemme Conditioner,1,453,453,21,358,Debit Card,Delivered,5,3,40477276.30
503203,10278,12-04-2025,27,Male,Lucknow,Uttar Pradesh,Home & Kitchen,Furniture,Office Chair,1,8041,8041,17,6674,UPI,Delivered,5,3,40477276.30
503204,11298,24-11-2025,31,Male,Kochi,Kerala,Fashion,Women Clothing,Biba Printed Kurta,1,1841,1841,8,1694,Credit Card,Delivered,5,4,40477276.30
503205,10499,04-02-2026,24,Female,Patna,Bihar,Sports,Accessories,Sports Water Bottle,1,484,484,5,459,Credit Card,Delivered,5,5,40477276.30
503206,10214,09-05-2025,41,Female,Chennai,Tamil Nadu,Home & Kitchen,Home Decor,Artificial Plant,1,842,842,26,623,UPI,Delivered,2,5,40477276.30
503207,10688,13-05-2025,30,Female,Pune,Maharashtra,Grocery,Beverages,Real Fruit Juice,2,176,352,10,317,UPI,Delivered,5,4,40477276.30
503208,10803,15-05-2026,35,Male,Bhopal,Madhya Pradesh,Beauty & Personal Care,Haircare,Mamaearth Hair Serum,1,484,484,7,450,Debit Card,Delivered,4,1,40477276.30
503209,10396,15-06-2025,29,Female,Hyderabad,Telangana,Electronics,Smart Devices,Mi Smart Band 8,1,3690,3690,27,2694,Wallet,Delivered,5,2,40477276.30
503210,10834,30-06-2025,26,Male,Visakhapatnam,Andhra Pradesh,Grocery,Staples,Tata Salt 1kg,2,31,61,25,46,Cash on Delivery,Delivered,3,4,40477276.30
503211,10451,03-03-2025,33,Female,Indore,Madhya Pradesh,Home & Kitchen,Storage,Kitchen Storage Jars,1,1138,1138,16,956,Cash on Delivery,Delivered,3,5,40477276.30
503212,10796,04-02-2025,46,Male,Chandigarh,Chandigarh (UT),Fashion,Women Clothing,Aurelia Palazzo Set,3,2312,6937,16,5827,Credit Card,Delivered,3,1,40477276.30
503213,10411,05-05-2025,42,Male,Bengaluru,Karnataka,Beauty & Personal Care,Skincare,Minimalist Niacinamide Serum,1,610,610,13,531,UPI,Delivered,5,2,40477276.30
503214,10062,23-02-2025,32,Female,Guwahati,Assam,Home & Kitchen,Kitchen Appliances,Philips Mixer Grinder,1,3259,3259,2,3194,Debit Card,Delivered,5,2,40477276.30
503215,11099,19-08-2026,44,Female,Surat,Gujarat,Electronics,Smart Devices,Mi Smart Band 8,1,3584,3584,6,3369,Credit Card,Delivered,4,3,40477276.30
503216,11054,09-01-2026,37,Non-Binary,Visakhapatnam,Andhra Pradesh,Electronics,Smartphones,Apple iPhone 15,4,72247,288987,21,228299,Net Banking,Delivered,3,6,40477276.30
503217,10469,04-01-2026,28,Male,Lucknow,Uttar Pradesh,Electronics,Smart Devices,Mi Smart Band 8,4,3602,14406,29,10228,Credit Card,Delivered,5,2,40477276.30
503218,11277,15-07-2026,60,Female,Bengaluru,Karnataka,Fashion,Women Clothing,Biba Printed Kurta,1,1802,1802,17,1496,UPI,Delivered,3,3,40477276.30
503219,11281,06-08-2025,35,Male,Kochi,Kerala,Electronics,Smartphones,Samsung Galaxy A55,1,39363,39363,28,28341,Debit Card,Delivered,3,4,40477276.30
503220,10363,09-07-2025,33,Female,Nashik,Maharashtra,Beauty & Personal Care,Haircare,Mamaearth Hair Serum,1,502,502,24,382,Net Banking,Delivered,5,4,40477276.30
503221,10363,07-02-2025,33,Female,Nashik,Maharashtra,Home & Kitchen,Storage,Kitchen Storage Jars,2,1253,2507,5,2381,Credit Card,Delivered,4,3,40477276.30
503222,10602,07-12-2025,24,Female,Mumbai,Maharashtra,Sports,Sportswear,Puma Training Shorts,2,1840,3680,21,2907,UPI,Cancelled,4,0,3077928.23
503223,10096,19-10-2025,18,Male,Mumbai,Maharashtra,Grocery,Staples,India Gate Basmati Rice 5kg,1,664,664,26,491,Cash on Delivery,Delivered,5,4,40477276.30
503224,10300,15-09-2025,41,Female,Guwahati,Assam,Grocery,Beverages,Paper Boat Aamras,1,154,154,11,137,UPI,Delivered,4,7,40477276.30
503225,10565,04-11-2025,47,Female,Surat,Gujarat,Fashion,Men Clothing,Roadster Casual Shirt,1,1270,1270,14,1092,UPI,Delivered,3,2,40477276.30
503226,10111,08-08-2025,15,Male,Chandigarh,Chandigarh (UT),Grocery,Staples,Fortune Sunflower Oil 1L,2,154,308,21,243,UPI,Cancelled,5,0,3077928.23
503227,11199,18-02-2026,36,Male,Ranchi,Jharkhand,Fashion,Men Clothing,Allen Solly Polo T-Shirt,1,1524,1524,3,1479,UPI,Delivered,4,2,40477276.30
503228,10661,15-10-2025,28,Female,Patna,Bihar,Home & Kitchen,Storage,Kitchen Storage Jars,1,1216,1216,5,1155,Debit Card,Delivered,4,2,40477276.30
503229,10264,28-10-2025,23,Female,Kochi,Kerala,Home & Kitchen,Storage,Kitchen Storage Jars,2,1166,2332,5,2215,UPI,Delivered,4,4,40477276.30
503230,10966,11-01-2025,50,Male,Patna,Bihar,Electronics,Smartphones,Apple iPhone 15,2,70093,140186,16,117756,Cash on Delivery,Delivered,4,3,40477276.30
503231,10058,27-05-2026,31,Female,Pune,Maharashtra,Grocery,Household,Harpic Toilet Cleaner,1,189,189,19,153,UPI,Cancelled,4,0,3077928.23
503232,11121,06-09-2025,46,Male,Pune,Maharashtra,Beauty & Personal Care,Skincare,The Derma Co Sunscreen,4,494,1975,8,1817,UPI,Delivered,5,1,40477276.30
503233,11210,06-09-2025,53,Female,Hyderabad,Telangana,Home & Kitchen,Storage,Cloth Organizer,1,680,680,25,510,Debit Card,Delivered,5,4,40477276.30
503234,11128,03-04-2026,26,Female,Lucknow,Uttar Pradesh,Fashion,Footwear,Puma Sneakers,1,3946,3946,20,3157,Debit Card,Delivered,4,3,40477276.30
503235,11170,08-05-2025,43,Male,Coimbatore,Tamil Nadu,Grocery,Household,Surf Excel Detergent,1,692,692,9,630,Credit Card,Delivered,5,6,40477276.30
503236,10384,17-01-2025,28,Male,Hyderabad,Telangana,Electronics,Laptops,ASUS Vivobook 15,1,53341,53341,20,42673,Debit Card,Delivered,4,3,40477276.30
503237,11394,13-11-2025,36,Female,Gurugram,Haryana,Grocery,Staples,Fortune Sunflower Oil 1L,2,167,335,28,241,UPI,Delivered,3,3,40477276.30
503238,11242,10-04-2025,32,Female,Ranchi,Jharkhand,Grocery,Beverages,Nescafe Classic,3,412,1237,25,927,Cash on Delivery,Delivered,4,6,40477276.30
503239,10153,28-10-2025,27,Female,Noida,Uttar Pradesh,Grocery,Snacks,Haldiram's Bhujia,1,173,173,16,145,UPI,Returned,2,4,1813400.65
503240,11303,14-01-2026,32,Female,Chennai,Tamil Nadu,Electronics,Smartphones,Google Pixel 8a,1,54405,54405,25,40804,Credit Card,Delivered,5,2,40477276.30
503241,11162,18-08-2025,59,Male,Nagpur,Maharashtra,Fashion,Men Clothing,Allen Solly Polo T-Shirt,1,1517,1517,11,1350,Debit Card,Delivered,5,1,40477276.30
503242,11360,28-02-2026,36,Male,Hyderabad,Telangana,Home & Kitchen,Furniture,Bookshelf,1,5711,5711,14,4912,Credit Card,Delivered,5,4,40477276.30
503243,10068,30-11-2025,45,Male,Ranchi,Jharkhand,Sports,Outdoor Sports,Nivia Basketball,3,941,2823,29,2005,UPI,Delivered,4,5,40477276.30
503244,11388,23-02-2026,51,Female,Kolkata,West Bengal,Books,Self-Help,The Power of Habit,1,473,473,30,331,UPI,Delivered,3,5,40477276.30
503245,10568,13-12-2025,23,Female,Jaipur,Rajasthan,Beauty & Personal Care,Makeup,Colorbar Eyeliner,3,512,1535,19,1243,UPI,Delivered,5,5,40477276.30
503246,10574,26-03-2026,32,Male,Bhubaneswar,Odisha,Fashion,Men Clothing,Roadster Casual Shirt,1,1345,1345,14,1156,Debit Card,Returned,3,5,1813400.65
503247,11082,20-02-2026,30,Female,Bhopal,Madhya Pradesh,Home & Kitchen,Kitchen Appliances,Philips Mixer Grinder,3,3287,9861,19,7987,Net Banking,Delivered,5,7,40477276.30
503248,10490,07-10-2025,44,Male,Surat,Gujarat,Fashion,Accessories,Wildcraft Backpack,2,1963,3927,13,3416,Cash on Delivery,Delivered,5,5,40477276.30
503249,11447,19-03-2025,28,Female,Mumbai,Maharashtra,Grocery,Snacks,Lays Classic Chips,5,40,200,14,172,Wallet,Delivered,5,2,40477276.30
503250,11430,04-04-2026,31,Male,Ahmedabad,Gujarat,Electronics,Audio,OnePlus Buds 3,2,5335,10670,21,8429,Cash on Delivery,Delivered,4,1,40477276.30
503251,11198,28-01-2026,40,Female,Lucknow,Uttar Pradesh,Fashion,Footwear,Bata Formal Shoes,1,2548,2548,3,2471,Net Banking,Delivered,5,3,40477276.30
503252,10661,23-12-2025,28,Female,Patna,Bihar,Electronics,Smartphones,Apple iPhone 15,1,66711,66711,26,49366,UPI,Delivered,3,2,40477276.30
503253,11173,04-07-2025,35,Male,Ahmedabad,Gujarat,Fashion,Footwear,Puma Sneakers,1,3978,3978,15,3381,Cash on Delivery,Delivered,4,5,40477276.30
503254,11053,05-03-2025,39,Female,Pune,Maharashtra,Beauty & Personal Care,Haircare,Tresemme Conditioner,1,459,459,19,372,UPI,Delivered,4,2,40477276.30
503255,10606,02-04-2025,55,Female,Delhi,Delhi (NCT),Sports,Fitness Equipment,Resistance Bands Set,1,695,695,29,494,UPI,Delivered,4,4,40477276.30
503256,11349,09-02-2025,19,Male,Nagpur,Maharashtra,Fashion,Women Clothing,Biba Printed Kurta,1,1864,1864,8,1715,Debit Card,Returned,5,2,1813400.65
503257,10868,23-06-2026,38,Male,Guwahati,Assam,Electronics,Laptops,ASUS Vivobook 15,1,54959,54959,22,42868,Credit Card,Cancelled,4,0,3077928.23
503258,10555,18-11-2025,38,Male,Jaipur,Rajasthan,Sports,Outdoor Sports,Yonex Badminton Racket,1,2341,2341,7,2177,Credit Card,Delivered,4,3,40477276.30
503259,10825,15-08-2025,29,Female,Nagpur,Maharashtra,Fashion,Accessories,Wildcraft Backpack,4,2072,8290,12,7295,UPI,Returned,3,7,1813400.65
503260,11419,15-11-2025,51,Male,Mumbai,Maharashtra,Electronics,Laptops,Dell Inspiron 15,1,60984,60984,23,46958,Debit Card,Delivered,4,7,40477276.30
503261,10086,27-12-2025,28,Female,Mumbai,Maharashtra,Books,Fiction,The Silent Patient,1,487,487,27,355,Credit Card,Delivered,4,4,40477276.30
503262,11079,01-11-2025,51,Female,Bengaluru,Karnataka,Electronics,Laptops,HP Pavilion 14,1,63764,63764,7,59301,Credit Card,Delivered,4,7,40477276.30
503263,10113,08-01-2026,35,Female,Bengaluru,Karnataka,Grocery,Staples,Aashirvaad Atta 5kg,1,302,302,20,242,UPI,Delivered,5,3,40477276.30
503264,10276,09-07-2025,39,Female,Indore,Madhya Pradesh,Sports,Outdoor Sports,SG Cricket Bat,1,3527,3527,26,2610,Credit Card,Delivered,5,2,40477276.30
503265,10014,14-01-2025,15,Male,Kochi,Kerala,Grocery,Snacks,Lays Classic Chips,1,41,41,27,30,Debit Card,Delivered,4,4,40477276.30
503266,10951,14-11-2025,31,Male,Surat,Gujarat,Beauty & Personal Care,Personal Care,Dove Body Wash,3,402,1205,21,952,Credit Card,Delivered,5,5,40477276.30
503267,10318,14-02-2026,31,Female,Vadodara,Gujarat,Electronics,Audio,OnePlus Buds 3,1,5827,5827,22,4545,Net Banking,Delivered,5,5,40477276.30
503268,11394,19-01-2026,36,Female,Gurugram,Haryana,Electronics,Audio,boAt Airdopes 141,2,1496,2992,27,2184,Cash on Delivery,Delivered,4,3,40477276.30
503269,10480,04-08-2025,46,Female,Gurugram,Haryana,Fashion,Footwear,Bata Formal Shoes,1,2376,2376,21,1877,UPI,Delivered,4,5,40477276.30
503270,11002,26-03-2026,44,Male,Noida,Uttar Pradesh,Sports,Sportswear,Puma Training Shorts,1,1729,1729,9,1573,Debit Card,Delivered,2,1,40477276.30
503271,10513,08-07-2025,31,Male,Nashik,Maharashtra,Electronics,Smartphones,Apple iPhone 15,1,71474,71474,2,70045,Cash on Delivery,Delivered,5,3,40477276.30
503272,11160,10-03-2026,30,Male,Lucknow,Uttar Pradesh,Home & Kitchen,Furniture,Bedside Table,1,3501,3501,26,2591,UPI,Delivered,5,2,40477276.30
503273,10724,07-07-2026,42,Male,Lucknow,Uttar Pradesh,Grocery,Snacks,Haldiram's Bhujia,1,171,171,22,133,UPI,Delivered,5,7,40477276.30
503274,11217,12-05-2025,27,Male,Delhi,Delhi (NCT),Fashion,Accessories,Titan Wallet,1,1430,1430,24,1087,UPI,Delivered,4,3,40477276.30
503275,10349,12-02-2025,26,Male,Nagpur,Maharashtra,Electronics,Smartphones,Samsung Galaxy A55,1,37562,37562,15,31928,UPI,Delivered,5,3,40477276.30
503276,10692,09-06-2026,47,Male,Hyderabad,Telangana,Books,Fiction,The Alchemist,1,379,379,20,303,Credit Card,Delivered,4,4,40477276.30
503277,10548,17-03-2026,32,Male,Bengaluru,Karnataka,Electronics,Laptops,ASUS Vivobook 15,2,55529,111058,28,79962,UPI,Delivered,5,1,40477276.30
503278,10814,21-01-2025,36,Male,Chennai,Tamil Nadu,Grocery,Snacks,Lays Classic Chips,3,41,124,25,93,Cash on Delivery,Delivered,5,3,40477276.30
503279,11060,12-06-2026,30,Female,Lucknow,Uttar Pradesh,Fashion,Accessories,Fastrack Analog Watch,1,2596,2596,25,1947,Net Banking,Delivered,4,4,40477276.30
503280,10259,10-09-2025,39,Female,Chennai,Tamil Nadu,Beauty & Personal Care,Makeup,Colorbar Eyeliner,5,518,2590,19,2098,Credit Card,Delivered,4,3,40477276.30
503281,11066,19-12-2025,22,Male,Mumbai,Maharashtra,Electronics,Audio,boAt Airdopes 141,2,1543,3086,18,2531,UPI,Delivered,5,1,40477276.30
503282,10800,24-09-2025,34,Male,Vadodara,Gujarat,Beauty & Personal Care,Skincare,Neutrogena Moisturizer,2,827,1653,3,1604,Credit Card,Returned,3,1,1813400.65
503283,11031,07-08-2025,31,Female,Jaipur,Rajasthan,Home & Kitchen,Storage,Plastic Storage Box Set,1,958,958,24,728,UPI,Cancelled,3,0,3077928.23
503284,10071,13-01-2025,38,Female,Vadodara,Gujarat,Home & Kitchen,Kitchen Appliances,Philips Mixer Grinder,4,3423,13693,25,10270,Credit Card,Delivered,5,2,40477276.30
503285,11361,11-06-2025,34,Male,Coimbatore,Tamil Nadu,Grocery,Snacks,Lays Classic Chips,1,39,39,26,29,UPI,Delivered,4,1,40477276.30
503286,10668,25-05-2026,51,Female,Bengaluru,Karnataka,Fashion,Men Clothing,Levi's Slim Jeans,2,2452,4904,10,4414,UPI,Delivered,4,4,40477276.30
503287,10654,26-06-2025,22,Female,Jaipur,Rajasthan,Fashion,Men Clothing,Allen Solly Polo T-Shirt,1,1604,1604,2,1572,Wallet,Delivered,5,3,40477276.30
503288,10803,27-03-2026,35,Male,Bhopal,Madhya Pradesh,Home & Kitchen,Kitchen Appliances,Havells OTG Oven,2,6769,13539,20,10831,Wallet,Delivered,4,4,40477276.30
503289,11209,10-05-2026,19,Male,Bengaluru,Karnataka,Electronics,Audio,OnePlus Buds 3,1,5528,5528,13,4809,Wallet,Delivered,4,4,40477276.30
503290,10845,15-08-2026,36,Female,Hyderabad,Telangana,Grocery,Staples,Aashirvaad Atta 5kg,2,312,624,26,461,Credit Card,Cancelled,3,0,3077928.23
503291,10926,12-12-2025,17,Male,Noida,Uttar Pradesh,Fashion,Men Clothing,Allen Solly Polo T-Shirt,1,1692,1692,27,1235,UPI,Returned,3,1,1813400.65
503292,10796,14-11-2025,46,Male,Chandigarh,Chandigarh (UT),Sports,Accessories,Sports Water Bottle,2,505,1011,15,859,UPI,Delivered,4,3,40477276.30
503293,11291,04-12-2025,38,Male,Bengaluru,Karnataka,Home & Kitchen,Storage,Plastic Storage Box Set,2,1034,2068,13,1799,Credit Card,Delivered,4,7,40477276.30
503294,10515,14-09-2025,28,Female,Nashik,Maharashtra,Sports,Outdoor Sports,Nivia Basketball,1,1006,1006,27,734,Wallet,Returned,3,3,1813400.65
503295,10971,22-08-2026,35,Female,Pune,Maharashtra,Electronics,Audio,boAt Airdopes 141,2,1514,3029,11,2695,Cash on Delivery,Delivered,2,7,40477276.30
503296,10319,04-09-2025,38,Female,Kolkata,West Bengal,Home & Kitchen,Home Decor,Decorative Table Lamp,2,1840,3681,28,2650,UPI,Delivered,4,6,40477276.30
503297,10448,30-09-2025,24,Female,Vadodara,Gujarat,Home & Kitchen,Kitchen Appliances,Bajaj Air Fryer,2,4838,9676,18,7934,Debit Card,Delivered,4,3,40477276.30
503298,10896,07-04-2026,41,Female,Bengaluru,Karnataka,Electronics,Audio,Sony WH-CH520,1,4265,4265,19,3455,UPI,Returned,4,6,1813400.65
503299,10298,24-02-2026,37,Male,Bengaluru,Karnataka,Electronics,Audio,Sony WH-CH520,1,4669,4669,12,4108,Debit Card,Delivered,5,4,40477276.30
503300,11135,16-12-2025,31,Female,Pune,Maharashtra,Beauty & Personal Care,Haircare,Dove Hair Mask,1,420,420,22,328,UPI,Returned,4,3,1813400.65
503301,11186,30-09-2025,44,Female,Mysuru,Karnataka,Home & Kitchen,Furniture,Bookshelf,1,6169,6169,10,5552,UPI,Delivered,3,4,40477276.30
503302,10333,03-01-2025,35,Male,Chennai,Tamil Nadu,Grocery,Staples,Aashirvaad Atta 5kg,4,310,1240,10,1116,UPI,Delivered,5,3,40477276.30
503303,10410,27-01-2026,40,Male,Ahmedabad,Gujarat,Fashion,Accessories,Lavie Handbag,2,2375,4749,24,3609,Credit Card,Delivered,4,4,40477276.30
503304,10958,22-11-2025,39,Female,Nagpur,Maharashtra,Fashion,Women Clothing,W Women Dress,3,2493,7480,24,5685,UPI,Delivered,5,4,40477276.30
503305,11169,13-11-2025,41,Male,Lucknow,Uttar Pradesh,Home & Kitchen,Furniture,Bedside Table,4,3377,13507,2,13237,Cash on Delivery,Delivered,4,2,40477276.30
503306,10661,09-03-2025,28,Female,Patna,Bihar,Sports,Sportswear,Nike Dri-FIT T-Shirt,1,1985,1985,26,1469,Net Banking,Delivered,4,3,40477276.30
503307,10650,04-07-2026,42,Male,Chandigarh,Chandigarh (UT),Home & Kitchen,Home Decor,Decorative Table Lamp,1,1884,1884,10,1695,Debit Card,Delivered,3,3,40477276.30
503308,10127,01-04-2026,23,Male,Kolkata,West Bengal,Sports,Accessories,Sports Cap,1,377,377,20,301,UPI,Delivered,4,3,40477276.30
503309,11057,16-05-2026,34,Female,Mumbai,Maharashtra,Home & Kitchen,Storage,Wardrobe Organizer,2,865,1729,8,1591,Debit Card,Delivered,3,7,40477276.30
503310,11375,02-06-2026,50,Female,Delhi,Delhi (NCT),Home & Kitchen,Storage,Wardrobe Organizer,1,851,851,11,758,Net Banking,Delivered,5,7,40477276.30
503311,11134,01-05-2026,39,Male,Delhi,Delhi (NCT),Grocery,Household,Colin Glass Cleaner,1,140,140,10,126,Credit Card,Delivered,2,2,40477276.30
503312,10033,09-02-2025,34,Female,Bhopal,Madhya Pradesh,Home & Kitchen,Storage,Wardrobe Organizer,1,931,931,10,838,UPI,Delivered,5,3,40477276.30
503313,11082,13-03-2025,30,Female,Bhopal,Madhya Pradesh,Fashion,Accessories,Titan Wallet,2,1548,3095,10,2786,Net Banking,Delivered,5,3,40477276.30
503314,10114,06-06-2025,61,Male,Lucknow,Uttar Pradesh,Books,Fiction,The Alchemist,1,397,397,18,326,UPI,Delivered,2,3,40477276.30
503315,11428,19-06-2025,22,Non-Binary,Kolkata,West Bengal,Electronics,Laptops,HP Pavilion 14,1,59302,59302,19,48035,Credit Card,Delivered,5,2,40477276.30
503316,11395,20-03-2026,30,Female,Kolkata,West Bengal,Grocery,Household,Vim Dishwash Liquid,1,206,206,16,173,UPI,Cancelled,2,0,3077928.23
503317,10365,20-02-2026,42,Male,Mumbai,Maharashtra,Fashion,Footwear,Bata Formal Shoes,1,2508,2508,30,1756,Cash on Delivery,Delivered,3,1,40477276.30
503318,11104,05-04-2025,32,Male,Delhi,Delhi (NCT),Fashion,Footwear,Nike Revolution Running Shoes,2,5095,10189,11,9068,Cash on Delivery,Delivered,3,3,40477276.30
503319,10711,21-10-2025,36,Female,Delhi,Delhi (NCT),Home & Kitchen,Home Decor,Artificial Plant,1,841,841,14,724,UPI,Delivered,2,4,40477276.30
503320,10648,12-10-2025,33,Male,Jaipur,Rajasthan,Sports,Fitness Equipment,Adjustable Dumbbells,1,2513,2513,28,1809,UPI,Delivered,4,4,40477276.30
503321,10862,07-06-2026,17,Female,Surat,Gujarat,Electronics,Audio,Sony WH-CH520,1,4532,4532,3,4396,UPI,Delivered,4,1,40477276.30
503322,10885,24-03-2026,42,Female,Mumbai,Maharashtra,Electronics,Smart Devices,Amazon Echo Dot,2,5721,11442,19,9268,UPI,Delivered,4,5,40477276.30
503323,11296,14-10-2025,33,Male,Dehradun,Uttarakhand,Books,Fiction,Atomic Habits,1,568,568,29,403,Credit Card,Delivered,3,2,40477276.30
503324,10355,10-05-2026,34,Male,Patna,Bihar,Electronics,Smartphones,OnePlus Nord CE 4,1,24015,24015,15,20413,UPI,Delivered,4,2,40477276.30
503325,11367,17-01-2025,34,Male,Chennai,Tamil Nadu,Electronics,Audio,boAt Airdopes 141,1,1582,1582,27,1155,Credit Card,Delivered,3,5,40477276.30
503326,10112,30-10-2025,34,Male,Pune,Maharashtra,Home & Kitchen,Furniture,Bookshelf,1,6273,6273,29,4454,Net Banking,Delivered,4,5,40477276.30
503327,10960,14-02-2025,39,Male,Mumbai,Maharashtra,Electronics,Smart Devices,Apple Watch SE,1,30785,30785,20,24628,Cash on Delivery,Delivered,5,3,40477276.30
503328,10895,18-06-2025,49,Female,Bhopal,Madhya Pradesh,Grocery,Staples,India Gate Basmati Rice 5kg,1,671,671,23,517,UPI,Delivered,5,3,40477276.30
503329,11412,19-03-2025,40,Male,Delhi,Delhi (NCT),Electronics,Smartphones,Google Pixel 8a,2,56088,112175,8,103201,Cash on Delivery,Delivered,3,1,40477276.30
503330,10352,17-02-2025,50,Male,Hyderabad,Telangana,Books,Academic,Database Management Systems,1,949,949,14,816,Debit Card,Delivered,5,5,40477276.30
503331,10255,11-03-2025,17,Female,Nagpur,Maharashtra,Beauty & Personal Care,Haircare,Tresemme Conditioner,2,453,906,26,671,Credit Card,Delivered,2,4,40477276.30
503332,11120,16-05-2026,46,Male,Pune,Maharashtra,Books,Self-Help,The Psychology of Money,1,595,595,15,506,UPI,Delivered,5,5,40477276.30
503333,10200,26-01-2025,21,Female,Delhi,Delhi (NCT),Fashion,Women Clothing,Biba Printed Kurta,1,1845,1845,11,1642,Debit Card,Delivered,4,2,40477276.30
503334,11332,21-01-2025,47,Female,Delhi,Delhi (NCT),Fashion,Accessories,Wildcraft Backpack,2,1993,3987,19,3229,Cash on Delivery,Delivered,5,3,40477276.30
503335,10838,20-09-2025,23,Female,Mumbai,Maharashtra,Home & Kitchen,Kitchen Appliances,Bajaj Air Fryer,1,4716,4716,11,4198,Credit Card,Delivered,4,2,40477276.30
503336,10966,20-05-2025,50,Male,Patna,Bihar,Beauty & Personal Care,Personal Care,Himalaya Face Scrub,1,306,306,24,232,Debit Card,Delivered,5,3,40477276.30
503337,10177,21-02-2025,34,Male,Hyderabad,Telangana,Electronics,Smartphones,Apple iPhone 15,1,72787,72787,26,53862,Cash on Delivery,Delivered,4,3,40477276.30
503338,11190,17-05-2026,23,Female,Surat,Gujarat,Sports,Accessories,Sports Cap,1,399,399,10,359,Credit Card,Delivered,4,5,40477276.30
503339,10997,17-03-2025,54,Female,Lucknow,Uttar Pradesh,Electronics,Laptops,Dell Inspiron 15,3,54654,163962,11,145926,Credit Card,Returned,4,1,1813400.65
503340,10476,01-04-2026,31,Male,Lucknow,Uttar Pradesh,Books,Non-Fiction,Think Like a Monk,2,389,778,18,638,UPI,Delivered,4,1,40477276.30
503341,10073,04-03-2026,34,Male,Bhubaneswar,Odisha,Electronics,Audio,OnePlus Buds 3,1,5753,5753,2,5638,UPI,Delivered,5,4,40477276.30
503342,11299,20-01-2025,37,Male,Delhi,Delhi (NCT),Books,Academic,Database Management Systems,2,879,1758,16,1477,UPI,Delivered,5,3,40477276.30
503343,10375,11-11-2025,58,Female,Nashik,Maharashtra,Home & Kitchen,Furniture,Office Chair,2,8195,16390,12,14423,Net Banking,Delivered,5,1,40477276.30
503344,10275,31-01-2026,23,Male,Chennai,Tamil Nadu,Grocery,Snacks,Lays Classic Chips,4,40,162,11,144,Credit Card,Delivered,5,4,40477276.30
503345,11313,08-10-2025,49,Male,Chennai,Tamil Nadu,Fashion,Women Clothing,Aurelia Palazzo Set,1,2334,2334,26,1727,Credit Card,Delivered,5,1,40477276.30
503346,11314,21-08-2026,40,Male,Indore,Madhya Pradesh,Fashion,Footwear,Nike Revolution Running Shoes,1,4901,4901,14,4215,UPI,Delivered,4,2,40477276.30
503347,11399,03-09-2025,47,Female,Bengaluru,Karnataka,Fashion,Footwear,Puma Sneakers,2,3975,7950,13,6917,Debit Card,Delivered,5,2,40477276.30
503348,11054,11-04-2026,37,Non-Binary,Visakhapatnam,Andhra Pradesh,Books,Academic,Python Programming,1,678,678,11,603,UPI,Cancelled,3,0,3077928.23
503349,10628,23-06-2026,33,Female,Bhubaneswar,Odisha,Electronics,Audio,JBL Tune 770NC,1,6293,6293,11,5601,UPI,Delivered,3,6,40477276.30
503350,11439,03-10-2025,39,Female,Kochi,Kerala,Home & Kitchen,Kitchen Appliances,Philips Mixer Grinder,3,3446,10338,20,8271,UPI,Delivered,4,2,40477276.30
503351,10591,01-01-2026,35,Female,Noida,Uttar Pradesh,Electronics,Smart Devices,Amazon Echo Dot,1,5484,5484,29,3893,Credit Card,Delivered,5,4,40477276.30
503352,11335,30-03-2025,36,Male,Bengaluru,Karnataka,Fashion,Men Clothing,Levi's Slim Jeans,1,2442,2442,24,1856,Net Banking,Delivered,3,6,40477276.30
503353,11347,04-10-2025,15,Female,Chennai,Tamil Nadu,Sports,Fitness Equipment,Decathlon Yoga Mat,1,980,980,25,735,Debit Card,Returned,3,2,1813400.65
503354,10562,15-11-2025,57,Male,Nashik,Maharashtra,Fashion,Accessories,Wildcraft Backpack,1,1994,1994,14,1715,Cash on Delivery,Delivered,5,4,40477276.30
503355,10034,20-11-2025,22,Male,Pune,Maharashtra,Grocery,Staples,India Gate Basmati Rice 5kg,2,681,1363,21,1077,UPI,Delivered,5,4,40477276.30
503356,10132,28-01-2026,35,Female,Delhi,Delhi (NCT),Electronics,Smartphones,Google Pixel 8a,2,51267,102533,6,96381,UPI,Delivered,4,6,40477276.30
503357,10629,11-07-2025,35,Female,Gurugram,Haryana,Electronics,Smartphones,Apple iPhone 15,2,71141,142281,14,122362,UPI,Delivered,5,5,40477276.30
503358,10517,31-08-2025,40,Male,Jaipur,Rajasthan,Home & Kitchen,Storage,Plastic Storage Box Set,3,1055,3166,18,2596,UPI,Cancelled,4,0,3077928.23
503359,11230,18-10-2025,58,Male,Ranchi,Jharkhand,Fashion,Accessories,Fastrack Analog Watch,4,2430,9718,30,6803,UPI,Cancelled,5,0,3077928.23
503360,10590,20-02-2025,25,Female,Gurugram,Haryana,Books,Self-Help,The Psychology of Money,3,612,1835,18,1504,UPI,Cancelled,5,0,3077928.23
503361,10075,26-12-2025,15,Male,Bengaluru,Karnataka,Electronics,Smartphones,Samsung Galaxy A55,2,38238,76475,25,57356,Debit Card,Delivered,5,2,40477276.30
503362,10178,07-04-2026,50,Male,Patna,Bihar,Home & Kitchen,Furniture,Study Table,1,6609,6609,8,6080,Cash on Delivery,Returned,4,3,1813400.65
503363,10769,08-04-2026,27,Female,Kolkata,West Bengal,Grocery,Household,Surf Excel Detergent,1,665,665,27,486,Net Banking,Delivered,4,3,40477276.30
503364,10282,06-03-2026,41,Male,Bengaluru,Karnataka,Home & Kitchen,Home Decor,Wooden Photo Frame,3,717,2150,14,1849,Credit Card,Delivered,5,6,40477276.30
503365,10295,20-04-2026,38,Female,Coimbatore,Tamil Nadu,Electronics,Smart Devices,Mi Smart Band 8,2,3668,7336,10,6603,Net Banking,Delivered,5,6,40477276.30
503366,10267,03-02-2026,52,Female,Noida,Uttar Pradesh,Electronics,Smart Devices,Mi Smart Band 8,1,3488,3488,27,2546,UPI,Delivered,5,6,40477276.30
503367,10277,03-01-2025,36,Male,Delhi,Delhi (NCT),Books,Non-Fiction,Sapiens,2,730,1460,11,1299,Wallet,Delivered,5,3,40477276.30
503368,10731,27-06-2025,36,Male,Coimbatore,Tamil Nadu,Beauty & Personal Care,Skincare,Minimalist Niacinamide Serum,1,581,581,30,406,Credit Card,Delivered,3,3,40477276.30
503369,10279,28-03-2026,35,Female,Bengaluru,Karnataka,Beauty & Personal Care,Personal Care,Himalaya Face Scrub,1,294,294,4,282,Net Banking,Delivered,3,1,40477276.30
503370,10640,25-07-2025,20,Female,Lucknow,Uttar Pradesh,Electronics,Smart Devices,Apple Watch SE,1,29447,29447,16,24735,Debit Card,Delivered,5,5,40477276.30
503371,11369,28-02-2026,29,Female,Chennai,Tamil Nadu,Fashion,Women Clothing,W Women Dress,1,2464,2464,26,1824,Debit Card,Returned,3,7,1813400.65
503372,11425,07-02-2025,23,Male,Pune,Maharashtra,Fashion,Accessories,Fastrack Analog Watch,1,2423,2423,2,2375,Wallet,Delivered,1,1,40477276.30
503373,10344,27-02-2026,28,Male,Delhi,Delhi (NCT),Fashion,Women Clothing,Libas Anarkali Kurta,1,2039,2039,28,1468,Credit Card,Delivered,5,1,40477276.30
503374,10264,29-08-2025,23,Female,Kochi,Kerala,Grocery,Snacks,Kurkure Masala Munch,1,38,38,13,33,Cash on Delivery,Delivered,4,5,40477276.30
503375,10961,22-04-2025,41,Male,Jaipur,Rajasthan,Grocery,Snacks,Haldiram's Bhujia,2,183,365,8,336,Credit Card,Returned,2,2,1813400.65
503376,10525,31-07-2025,26,Female,Chandigarh,Chandigarh (UT),Electronics,Smart Devices,Samsung Galaxy Watch,1,26431,26431,19,21409,Credit Card,Delivered,4,3,40477276.30
503377,11218,09-07-2026,37,Female,Ahmedabad,Gujarat,Electronics,Smart Devices,Apple Watch SE,2,30588,61175,25,45881,Credit Card,Delivered,5,1,40477276.30
503378,10472,09-04-2025,15,Female,Indore,Madhya Pradesh,Fashion,Men Clothing,Peter England Formal Shirt,1,1927,1927,9,1754,Credit Card,Cancelled,4,0,3077928.23
503379,10506,29-07-2025,29,Female,Bengaluru,Karnataka,Fashion,Women Clothing,Biba Printed Kurta,1,1760,1760,11,1566,UPI,Cancelled,3,0,3077928.23
503380,10876,27-10-2025,54,Female,Surat,Gujarat,Books,Academic,Data Structures Handbook,1,778,778,29,552,UPI,Delivered,4,4,40477276.30
503381,11110,19-08-2025,55,Female,Nashik,Maharashtra,Sports,Sportswear,Puma Training Shorts,2,1745,3490,29,2478,Cash on Delivery,Delivered,4,3,40477276.30
503382,11366,25-12-2025,32,Female,Gurugram,Haryana,Fashion,Women Clothing,Biba Printed Kurta,1,1696,1696,16,1424,UPI,Delivered,4,1,40477276.30
503383,10799,06-10-2025,34,Female,Bhopal,Madhya Pradesh,Fashion,Accessories,Fastrack Analog Watch,2,2623,5247,24,3987,UPI,Delivered,5,5,40477276.30
503384,10236,03-03-2026,41,Non-Binary,Kolkata,West Bengal,Beauty & Personal Care,Personal Care,Himalaya Face Scrub,4,316,1264,21,999,Credit Card,Delivered,5,4,40477276.30
503385,10729,31-01-2025,28,Female,Bhubaneswar,Odisha,Fashion,Accessories,Lavie Handbag,2,2363,4725,26,3497,Wallet,Delivered,5,2,40477276.30
503386,10441,09-06-2026,38,Non-Binary,Ahmedabad,Gujarat,Books,Academic,Python Programming,1,682,682,13,594,Credit Card,Cancelled,3,0,3077928.23
503387,10927,10-02-2026,28,Female,Chennai,Tamil Nadu,Grocery,Staples,Fortune Sunflower Oil 1L,1,151,151,29,107,Net Banking,Delivered,3,4,40477276.30
503388,11114,15-01-2026,39,Female,Coimbatore,Tamil Nadu,Electronics,Smart Devices,Apple Watch SE,1,29687,29687,4,28500,Credit Card,Delivered,5,3,40477276.30
503389,10399,09-05-2025,33,Male,Mysuru,Karnataka,Electronics,Audio,boAt Airdopes 141,2,1577,3154,15,2681,UPI,Delivered,3,4,40477276.30
503390,10748,15-05-2026,26,Female,Bhopal,Madhya Pradesh,Fashion,Footwear,Skechers Walking Shoes,3,5910,17729,17,14715,Credit Card,Delivered,5,2,40477276.30
503391,10931,28-07-2025,28,Female,Delhi,Delhi (NCT),Electronics,Laptops,Lenovo IdeaPad Slim 5,1,63411,63411,29,45022,UPI,Delivered,4,4,40477276.30
503392,11067,20-02-2025,20,Male,Bengaluru,Karnataka,Books,Academic,Python Programming,1,722,722,15,614,Net Banking,Delivered,3,3,40477276.30
503393,10329,04-07-2025,41,Male,Bhubaneswar,Odisha,Fashion,Accessories,Fastrack Analog Watch,1,2352,2352,16,1976,Debit Card,Delivered,5,5,40477276.30
503394,10899,08-06-2026,47,Female,Ranchi,Jharkhand,Grocery,Staples,Tata Salt 1kg,1,32,32,15,27,Debit Card,Cancelled,3,0,3077928.23
503395,10014,24-06-2025,15,Male,Kochi,Kerala,Electronics,Smart Devices,Apple Watch SE,1,28727,28727,20,22982,Credit Card,Cancelled,3,0,3077928.23
503396,11357,29-05-2025,28,Female,Hyderabad,Telangana,Electronics,Smart Devices,Mi Smart Band 8,1,3342,3342,10,3008,UPI,Delivered,4,3,40477276.30
503397,10776,14-04-2026,17,Male,Mumbai,Maharashtra,Home & Kitchen,Storage,Kitchen Storage Jars,1,1243,1243,2,1218,Net Banking,Delivered,5,5,40477276.30
503398,11080,05-12-2025,43,Male,Chennai,Tamil Nadu,Books,Academic,Python Programming,2,687,1374,10,1236,UPI,Delivered,5,4,40477276.30
503399,10494,21-07-2025,25,Female,Bhubaneswar,Odisha,Beauty & Personal Care,Makeup,Maybelline Foundation,1,726,726,8,668,Debit Card,Delivered,5,3,40477276.30
503400,10582,29-04-2025,29,Male,Ahmedabad,Gujarat,Home & Kitchen,Kitchen Appliances,Prestige Electric Kettle,1,1869,1869,20,1495,UPI,Delivered,4,5,40477276.30
503401,10081,02-10-2025,32,Non-Binary,Nagpur,Maharashtra,Fashion,Men Clothing,Roadster Casual Shirt,1,1364,1364,3,1323,UPI,Delivered,5,2,40477276.30
503402,11043,24-05-2026,46,Female,Mumbai,Maharashtra,Grocery,Beverages,Tata Tea Gold,3,277,830,19,673,UPI,Delivered,5,6,40477276.30
503403,10652,03-08-2026,46,Male,Vadodara,Gujarat,Beauty & Personal Care,Skincare,Neutrogena Moisturizer,2,807,1613,11,1436,UPI,Delivered,3,6,40477276.30
503404,10017,09-03-2026,23,Male,Ranchi,Jharkhand,Sports,Outdoor Sports,Yonex Badminton Racket,2,2296,4592,3,4454,UPI,Delivered,5,1,40477276.30
503405,10753,04-02-2026,23,Male,Pune,Maharashtra,Electronics,Laptops,HP Pavilion 14,3,63552,190657,29,135366,UPI,Delivered,5,2,40477276.30
503406,11129,02-04-2025,33,Male,Bhubaneswar,Odisha,Grocery,Staples,India Gate Basmati Rice 5kg,1,700,700,16,588,Credit Card,Delivered,3,4,40477276.30
503407,10965,05-05-2025,33,Female,Chennai,Tamil Nadu,Books,Self-Help,The Psychology of Money,1,566,566,22,442,Credit Card,Delivered,5,4,40477276.30
503408,11347,08-07-2026,15,Female,Chennai,Tamil Nadu,Home & Kitchen,Kitchen Appliances,Bajaj Air Fryer,1,4925,4925,9,4482,UPI,Returned,2,3,1813400.65
503409,10254,21-08-2026,45,Male,Ahmedabad,Gujarat,Fashion,Men Clothing,Levi's Slim Jeans,1,2463,2463,30,1724,Credit Card,Delivered,5,4,40477276.30
503410,10319,11-04-2026,38,Female,Kolkata,West Bengal,Grocery,Snacks,Kurkure Masala Munch,1,42,42,22,32,UPI,Cancelled,5,0,3077928.23
503411,10687,14-03-2025,31,Female,Mumbai,Maharashtra,Beauty & Personal Care,Skincare,Minimalist Niacinamide Serum,2,624,1247,17,1035,Cash on Delivery,Delivered,3,6,40477276.30
503412,10843,01-08-2026,22,Female,Bengaluru,Karnataka,Beauty & Personal Care,Haircare,Mamaearth Hair Serum,1,476,476,19,385,Debit Card,Delivered,3,1,40477276.30
503413,10942,01-06-2026,44,Female,Kolkata,West Bengal,Fashion,Men Clothing,Peter England Formal Shirt,1,1819,1819,28,1310,Wallet,Delivered,4,2,40477276.30
503414,10417,18-05-2025,51,Female,Vadodara,Gujarat,Fashion,Men Clothing,Roadster Casual Shirt,1,1330,1330,26,984,Cash on Delivery,Delivered,5,6,40477276.30
503415,11446,13-09-2025,27,Female,Chennai,Tamil Nadu,Sports,Fitness Equipment,Decathlon Yoga Mat,4,963,3854,3,3738,UPI,Delivered,4,3,40477276.30
503416,10342,18-04-2025,37,Male,Kolkata,West Bengal,Books,Non-Fiction,Educated,2,582,1163,22,907,Cash on Delivery,Delivered,5,4,40477276.30
503417,11373,17-08-2026,19,Female,Ahmedabad,Gujarat,Electronics,Smart Devices,Amazon Echo Dot,1,5574,5574,22,4348,UPI,Delivered,4,3,40477276.30
503418,10345,07-06-2026,29,Female,Mumbai,Maharashtra,Home & Kitchen,Home Decor,Artificial Plant,1,831,831,13,723,Credit Card,Delivered,4,3,40477276.30
503419,11314,11-09-2025,40,Male,Indore,Madhya Pradesh,Fashion,Women Clothing,Libas Anarkali Kurta,1,1913,1913,3,1855,Credit Card,Delivered,4,3,40477276.30
503420,11194,03-11-2025,38,Female,Ranchi,Jharkhand,Sports,Accessories,Gym Gloves,4,572,2290,13,1992,UPI,Delivered,4,6,40477276.30
503421,11042,23-06-2025,29,Female,Indore,Madhya Pradesh,Electronics,Laptops,ASUS Vivobook 15,1,54702,54702,21,43215,Credit Card,Delivered,4,4,40477276.30
503422,10674,12-10-2025,30,Male,Pune,Maharashtra,Books,Academic,Data Structures Handbook,1,758,758,29,538,UPI,Delivered,3,6,40477276.30
503423,10328,12-12-2025,43,Male,Pune,Maharashtra,Electronics,Smartphones,Samsung Galaxy A55,2,41214,82427,6,77482,UPI,Delivered,4,4,40477276.30
503424,10090,03-05-2026,40,Male,Chennai,Tamil Nadu,Electronics,Audio,Sony WH-CH520,1,4623,4623,5,4392,Debit Card,Delivered,5,3,40477276.30
503425,11266,28-06-2026,18,Male,Nagpur,Maharashtra,Beauty & Personal Care,Personal Care,Nivea Body Lotion,4,337,1347,29,957,UPI,Delivered,4,5,40477276.30
503426,10051,27-07-2025,38,Female,Patna,Bihar,Fashion,Footwear,Puma Sneakers,1,4085,4085,15,3472,UPI,Delivered,4,3,40477276.30
503427,10104,11-10-2025,25,Male,Surat,Gujarat,Fashion,Accessories,Lavie Handbag,1,2381,2381,9,2166,UPI,Delivered,5,6,40477276.30
503428,11155,20-06-2025,52,Female,Lucknow,Uttar Pradesh,Home & Kitchen,Kitchen Appliances,Bajaj Air Fryer,2,4756,9512,12,8370,UPI,Delivered,5,4,40477276.30
503429,11174,22-12-2025,33,Male,Delhi,Delhi (NCT),Beauty & Personal Care,Personal Care,Dove Body Wash,1,401,401,12,353,UPI,Returned,1,4,1813400.65
503430,10436,17-11-2025,35,Male,Bhubaneswar,Odisha,Electronics,Smartphones,Google Pixel 8a,1,55360,55360,27,40413,Credit Card,Delivered,4,3,40477276.30
503431,10790,21-10-2025,16,Female,Mumbai,Maharashtra,Fashion,Women Clothing,Libas Anarkali Kurta,1,1914,1914,27,1398,UPI,Delivered,5,5,40477276.30
503432,10514,09-03-2025,24,Female,Delhi,Delhi (NCT),Electronics,Audio,Sony WH-CH520,1,4412,4412,13,3838,Debit Card,Delivered,3,3,40477276.30
503433,11447,12-05-2025,28,Female,Mumbai,Maharashtra,Sports,Fitness Equipment,Resistance Bands Set,1,657,657,29,467,UPI,Delivered,5,5,40477276.30
503434,10676,14-04-2025,25,Male,Delhi,Delhi (NCT),Beauty & Personal Care,Makeup,Sugar Mascara,1,824,824,26,609,UPI,Delivered,3,6,40477276.30
503435,11128,21-05-2025,26,Female,Lucknow,Uttar Pradesh,Beauty & Personal Care,Makeup,Lakme Lipstick,3,625,1875,18,1538,Credit Card,Delivered,4,2,40477276.30
503436,10983,01-02-2026,23,Male,Kolkata,West Bengal,Home & Kitchen,Home Decor,Wall Art Set,1,1348,1348,26,997,Credit Card,Cancelled,2,0,3077928.23
503437,10805,26-06-2025,29,Male,Hyderabad,Telangana,Fashion,Men Clothing,Peter England Formal Shirt,2,1923,3846,12,3384,Wallet,Delivered,4,2,40477276.30
503438,10382,16-04-2026,27,Female,Ranchi,Jharkhand,Beauty & Personal Care,Makeup,Colorbar Eyeliner,1,494,494,5,469,Debit Card,Delivered,5,3,40477276.30
503439,10383,19-06-2026,15,Female,Nagpur,Maharashtra,Beauty & Personal Care,Skincare,Neutrogena Moisturizer,1,829,829,22,647,Net Banking,Delivered,5,6,40477276.30
503440,11105,14-02-2025,46,Female,Bengaluru,Karnataka,Sports,Fitness Equipment,Resistance Bands Set,1,731,731,6,688,Debit Card,Delivered,3,3,40477276.30
503441,11140,15-04-2026,42,Male,Delhi,Delhi (NCT),Electronics,Smartphones,Google Pixel 8a,5,54907,274533,11,244334,UPI,Delivered,3,2,40477276.30
503442,10353,11-01-2025,43,Male,Delhi,Delhi (NCT),Beauty & Personal Care,Haircare,Dove Hair Mask,1,405,405,12,356,UPI,Delivered,4,3,40477276.30
503443,10512,19-01-2025,33,Female,Hyderabad,Telangana,Fashion,Footwear,Skechers Walking Shoes,2,5839,11678,16,9810,Credit Card,Cancelled,5,0,3077928.23
503444,11339,01-01-2026,30,Male,Kolkata,West Bengal,Books,Self-Help,Rich Dad Poor Dad,2,392,784,29,556,UPI,Delivered,4,2,40477276.30
503445,11388,19-11-2025,51,Female,Kolkata,West Bengal,Home & Kitchen,Kitchen Appliances,Prestige Electric Kettle,2,1901,3802,18,3117,Wallet,Delivered,5,2,40477276.30
503446,10713,31-05-2025,28,Male,Gurugram,Haryana,Home & Kitchen,Kitchen Appliances,Philips Mixer Grinder,2,3160,6321,14,5436,Wallet,Delivered,4,4,40477276.30
503447,11365,28-02-2025,47,Female,Jaipur,Rajasthan,Electronics,Audio,Sony WH-CH520,1,4233,4233,24,3217,Credit Card,Delivered,5,2,40477276.30
503448,11143,07-01-2025,32,Female,Delhi,Delhi (NCT),Fashion,Women Clothing,W Women Dress,2,2411,4821,10,4339,UPI,Delivered,5,4,40477276.30
503449,11241,04-05-2026,30,Male,Bengaluru,Karnataka,Home & Kitchen,Kitchen Appliances,Prestige Electric Kettle,1,1856,1856,7,1726,Debit Card,Delivered,2,3,40477276.30
503450,10641,28-05-2025,30,Female,Mumbai,Maharashtra,Beauty & Personal Care,Haircare,Dove Hair Mask,3,385,1155,5,1098,UPI,Delivered,2,6,40477276.30
503451,10214,02-04-2025,41,Female,Chennai,Tamil Nadu,Electronics,Smart Devices,Mi Smart Band 8,1,3410,3410,11,3035,UPI,Delivered,4,4,40477276.30
503452,10288,02-03-2026,40,Female,Delhi,Delhi (NCT),Electronics,Smartphones,Google Pixel 8a,2,53537,107075,13,93155,UPI,Returned,5,1,1813400.65
503453,10198,01-08-2025,36,Female,Kolkata,West Bengal,Grocery,Beverages,Nescafe Classic,1,383,383,12,337,Net Banking,Cancelled,3,0,3077928.23
503454,10735,03-08-2026,45,Female,Ranchi,Jharkhand,Home & Kitchen,Storage,Wardrobe Organizer,1,905,905,20,724,Cash on Delivery,Delivered,4,3,40477276.30
503455,10553,23-01-2025,47,Male,Delhi,Delhi (NCT),Grocery,Beverages,Real Fruit Juice,5,189,946,15,804,Debit Card,Delivered,3,4,40477276.30
503456,10499,15-12-2025,24,Female,Patna,Bihar,Electronics,Smartphones,Samsung Galaxy A55,1,39688,39688,11,35322,UPI,Delivered,4,2,40477276.30
503457,10005,31-08-2025,31,Male,Delhi,Delhi (NCT),Fashion,Women Clothing,W Women Dress,1,2499,2499,20,1999,Credit Card,Delivered,4,7,40477276.30
503458,10648,23-03-2026,33,Male,Jaipur,Rajasthan,Grocery,Beverages,Paper Boat Aamras,1,155,155,19,126,Wallet,Returned,4,5,1813400.65
503459,11439,17-09-2025,39,Female,Kochi,Kerala,Electronics,Audio,OnePlus Buds 3,1,5576,5576,25,4182,UPI,Cancelled,3,0,3077928.23
503460,10725,28-05-2026,36,Male,Visakhapatnam,Andhra Pradesh,Home & Kitchen,Furniture,Study Table,1,6663,6663,24,5064,Credit Card,Delivered,2,2,40477276.30
503461,10641,05-10-2025,30,Female,Mumbai,Maharashtra,Fashion,Footwear,Skechers Walking Shoes,1,5960,5960,29,4232,Debit Card,Delivered,5,5,40477276.30
503462,10077,06-04-2025,35,Male,Mumbai,Maharashtra,Electronics,Smartphones,Google Pixel 8a,1,53369,53369,24,40561,Net Banking,Delivered,5,3,40477276.30
503463,10744,02-03-2026,34,Male,Gurugram,Haryana,Sports,Sportswear,Nike Dri-FIT T-Shirt,3,2047,6141,5,5834,UPI,Delivered,4,3,40477276.30
503464,11188,19-06-2025,32,Male,Kolkata,West Bengal,Books,Self-Help,The Psychology of Money,2,620,1240,12,1092,Debit Card,Delivered,4,1,40477276.30
503465,10646,24-01-2025,31,Female,Pune,Maharashtra,Electronics,Smart Devices,Samsung Galaxy Watch,1,24562,24562,17,20387,UPI,Delivered,5,4,40477276.30
503466,11105,10-04-2025,46,Female,Bengaluru,Karnataka,Electronics,Audio,boAt Airdopes 141,1,1549,1549,19,1255,UPI,Delivered,5,4,40477276.30
503467,11049,18-10-2025,50,Female,Mumbai,Maharashtra,Books,Academic,Data Structures Handbook,1,788,788,21,622,Credit Card,Delivered,5,5,40477276.30
503468,11331,22-06-2025,51,Female,Pune,Maharashtra,Books,Self-Help,Rich Dad Poor Dad,1,407,407,19,329,Debit Card,Delivered,4,4,40477276.30
503469,10393,21-08-2026,19,Female,Chennai,Tamil Nadu,Fashion,Footwear,Bata Formal Shoes,1,2576,2576,13,2241,Net Banking,Delivered,5,6,40477276.30
503470,10149,12-07-2026,40,Female,Surat,Gujarat,Books,Non-Fiction,Sapiens,2,726,1451,19,1175,Credit Card,Delivered,4,4,40477276.30
503471,10244,09-01-2025,44,Female,Indore,Madhya Pradesh,Fashion,Accessories,Titan Wallet,2,1423,2846,30,1992,UPI,Delivered,4,2,40477276.30
503472,10244,26-02-2025,44,Female,Indore,Madhya Pradesh,Fashion,Footwear,Puma Sneakers,2,4163,8326,29,5912,UPI,Delivered,4,3,40477276.30
503473,10267,11-06-2025,52,Female,Noida,Uttar Pradesh,Sports,Sportswear,Decathlon Sports T-Shirt,1,788,788,14,677,Cash on Delivery,Delivered,5,7,40477276.30
503474,11149,10-02-2025,52,Female,Bengaluru,Karnataka,Electronics,Smart Devices,Samsung Galaxy Watch,1,25679,25679,10,23111,Credit Card,Delivered,5,6,40477276.30
503475,11233,11-01-2026,33,Female,Indore,Madhya Pradesh,Electronics,Audio,OnePlus Buds 3,4,5631,22526,16,18922,Net Banking,Delivered,4,3,40477276.30
503476,11411,05-01-2026,49,Male,Pune,Maharashtra,Sports,Accessories,Sports Water Bottle,1,491,491,2,481,Cash on Delivery,Delivered,4,3,40477276.30
503477,10393,13-04-2026,19,Female,Chennai,Tamil Nadu,Home & Kitchen,Kitchen Appliances,Prestige Electric Kettle,1,1697,1697,6,1595,UPI,Delivered,4,3,40477276.30
503478,10239,22-07-2026,27,Male,Mumbai,Maharashtra,Electronics,Audio,Sony WH-CH520,1,4426,4426,9,4028,Credit Card,Returned,2,1,1813400.65
503479,11398,25-03-2026,23,Male,Mumbai,Maharashtra,Home & Kitchen,Storage,Cloth Organizer,1,720,720,26,533,Credit Card,Delivered,5,4,40477276.30
503480,10690,22-01-2026,39,Male,Bengaluru,Karnataka,Home & Kitchen,Storage,Wardrobe Organizer,2,904,1807,5,1717,Net Banking,Delivered,3,4,40477276.30
503481,10932,14-09-2025,55,Female,Indore,Madhya Pradesh,Electronics,Smart Devices,Mi Smart Band 8,1,3308,3308,16,2779,Wallet,Delivered,1,5,40477276.30
503482,10094,30-01-2026,30,Male,Indore,Madhya Pradesh,Fashion,Men Clothing,Levi's Slim Jeans,1,2483,2483,7,2309,Credit Card,Delivered,5,1,40477276.30
503483,10317,11-04-2025,42,Male,Bengaluru,Karnataka,Grocery,Beverages,Tata Tea Gold,2,290,579,8,533,Credit Card,Delivered,4,4,40477276.30
503484,11048,05-07-2025,17,Female,Pune,Maharashtra,Fashion,Accessories,Titan Wallet,2,1587,3173,6,2983,Debit Card,Delivered,4,3,40477276.30
503485,10659,30-04-2026,36,Male,Bengaluru,Karnataka,Beauty & Personal Care,Makeup,Sugar Mascara,1,803,803,19,651,Cash on Delivery,Delivered,5,3,40477276.30
503486,10395,15-02-2026,47,Male,Kolkata,West Bengal,Beauty & Personal Care,Personal Care,Gillette Shaving Kit,2,609,1218,9,1108,Debit Card,Delivered,1,3,40477276.30
503487,10493,26-02-2025,35,Male,Chennai,Tamil Nadu,Sports,Outdoor Sports,SG Cricket Bat,4,3556,14223,21,11236,Debit Card,Delivered,4,2,40477276.30
503488,11248,27-12-2025,26,Male,Bhopal,Madhya Pradesh,Grocery,Snacks,Parle-G Biscuits,1,48,48,13,42,Credit Card,Delivered,1,4,40477276.30
503489,11150,28-01-2026,25,Male,Chennai,Tamil Nadu,Electronics,Audio,Sony WH-CH520,1,4253,4253,9,3870,Debit Card,Delivered,4,3,40477276.30
503490,10616,19-09-2025,35,Male,Pune,Maharashtra,Home & Kitchen,Storage,Cloth Organizer,1,679,679,30,475,Credit Card,Delivered,5,3,40477276.30
503491,10465,17-08-2025,33,Male,Delhi,Delhi (NCT),Beauty & Personal Care,Haircare,Dove Hair Mask,3,415,1244,2,1220,UPI,Delivered,4,2,40477276.30
503492,11192,16-06-2025,19,Male,Pune,Maharashtra,Sports,Sportswear,Decathlon Sports T-Shirt,2,789,1578,21,1246,Debit Card,Delivered,5,3,40477276.30
503493,11343,01-12-2025,39,Male,Delhi,Delhi (NCT),Books,Fiction,Atomic Habits,1,567,567,29,403,UPI,Delivered,4,4,40477276.30
503494,10408,27-04-2026,32,Male,Noida,Uttar Pradesh,Books,Self-Help,The Psychology of Money,2,591,1182,6,1112,Net Banking,Delivered,5,5,40477276.30
503495,11082,05-01-2025,30,Female,Bhopal,Madhya Pradesh,Fashion,Men Clothing,Peter England Formal Shirt,1,1940,1940,2,1901,Net Banking,Delivered,5,2,40477276.30
503496,10794,21-07-2025,20,Female,Pune,Maharashtra,Grocery,Staples,Tata Salt 1kg,1,31,31,28,22,Net Banking,Delivered,5,3,40477276.30
503497,11088,20-07-2025,37,Male,Mumbai,Maharashtra,Beauty & Personal Care,Haircare,Dove Hair Mask,1,420,420,6,394,UPI,Delivered,5,3,40477276.30
503498,10273,05-07-2025,47,Male,Bengaluru,Karnataka,Grocery,Staples,India Gate Basmati Rice 5kg,1,722,722,10,650,UPI,Cancelled,4,0,3077928.23
503499,10908,25-02-2025,42,Female,Jaipur,Rajasthan,Home & Kitchen,Storage,Wardrobe Organizer,1,916,916,3,888,UPI,Delivered,4,3,40477276.30
503500,10789,14-01-2026,33,Male,Mumbai,Maharashtra,Electronics,Smart Devices,Mi Smart Band 8,1,3366,3366,9,3064,Debit Card,Delivered,3,7,40477276.30
503501,11439,28-07-2026,39,Female,Kochi,Kerala,Sports,Accessories,Gym Gloves,4,591,2364,30,1655,UPI,Delivered,4,2,40477276.30
503502,10130,03-07-2026,28,Male,Chennai,Tamil Nadu,Fashion,Men Clothing,Roadster Casual Shirt,2,1291,2582,13,2246,Wallet,Delivered,5,1,40477276.30
503503,10609,15-08-2025,15,Female,Surat,Gujarat,Home & Kitchen,Furniture,Bedside Table,2,3662,7325,23,5640,Debit Card,Delivered,5,2,40477276.30
503504,10650,12-04-2026,42,Male,Chandigarh,Chandigarh (UT),Fashion,Accessories,Fastrack Analog Watch,1,2390,2390,26,1768,Debit Card,Delivered,5,2,40477276.30
503505,10596,08-08-2026,28,Female,Patna,Bihar,Sports,Sportswear,Nike Dri-FIT T-Shirt,1,2084,2084,14,1793,UPI,Delivered,4,5,40477276.30
503506,10298,21-03-2026,37,Male,Bengaluru,Karnataka,Books,Academic,Operating Systems Guide,5,737,3683,9,3352,Credit Card,Delivered,5,1,40477276.30
503507,11430,22-08-2025,31,Male,Ahmedabad,Gujarat,Electronics,Audio,OnePlus Buds 3,1,5765,5765,2,5650,Credit Card,Delivered,4,2,40477276.30
503508,10781,15-09-2025,36,Female,Hyderabad,Telangana,Grocery,Staples,India Gate Basmati Rice 5kg,1,669,669,18,549,Credit Card,Delivered,4,3,40477276.30
503509,11321,05-08-2025,35,Male,Chandigarh,Chandigarh (UT),Sports,Outdoor Sports,Cosco Football,2,849,1697,17,1409,UPI,Delivered,4,4,40477276.30
503510,10270,09-07-2025,35,Male,Lucknow,Uttar Pradesh,Home & Kitchen,Storage,Plastic Storage Box Set,2,1034,2068,14,1779,Net Banking,Delivered,4,3,40477276.30
503511,10552,06-10-2025,32,Female,Pune,Maharashtra,Beauty & Personal Care,Personal Care,Dove Body Wash,2,389,777,24,591,UPI,Delivered,5,2,40477276.30
503512,10466,13-03-2026,32,Male,Gurugram,Haryana,Electronics,Smartphones,OnePlus Nord CE 4,1,25688,25688,19,20808,UPI,Delivered,4,4,40477276.30
503513,10122,17-03-2026,24,Female,Indore,Madhya Pradesh,Electronics,Laptops,ASUS Vivobook 15,1,57820,57820,5,54929,Credit Card,Delivered,1,3,40477276.30
503514,11308,11-07-2026,34,Male,Hyderabad,Telangana,Fashion,Footwear,Bata Formal Shoes,1,2472,2472,27,1805,UPI,Delivered,5,2,40477276.30
503515,10272,06-12-2025,18,Female,Indore,Madhya Pradesh,Electronics,Laptops,Lenovo IdeaPad Slim 5,1,66888,66888,17,55517,Credit Card,Cancelled,2,0,3077928.23
503516,10064,28-01-2026,21,Female,Jaipur,Rajasthan,Home & Kitchen,Furniture,Study Table,2,6819,13638,9,12410,UPI,Cancelled,1,0,3077928.23
503517,10869,22-05-2026,41,Male,Ahmedabad,Gujarat,Home & Kitchen,Home Decor,Decorative Table Lamp,2,1964,3929,21,3104,UPI,Returned,4,6,1813400.65
503518,10842,15-11-2025,41,Male,Pune,Maharashtra,Fashion,Men Clothing,Peter England Formal Shirt,2,1980,3959,23,3049,Debit Card,Delivered,4,3,40477276.30
503519,10111,04-07-2026,15,Male,Chandigarh,Chandigarh (UT),Home & Kitchen,Storage,Kitchen Storage Jars,1,1262,1262,15,1073,Debit Card,Delivered,4,5,40477276.30
503520,10126,12-04-2026,58,Male,Mumbai,Maharashtra,Fashion,Men Clothing,Peter England Formal Shirt,1,1859,1859,26,1376,Credit Card,Delivered,5,2,40477276.30
503521,10630,16-11-2025,46,Female,Delhi,Delhi (NCT),Fashion,Accessories,Wildcraft Backpack,1,1981,1981,15,1684,UPI,Delivered,5,2,40477276.30
503522,10588,29-04-2025,25,Female,Hyderabad,Telangana,Electronics,Smartphones,Google Pixel 8a,1,53414,53414,20,42731,UPI,Delivered,4,6,40477276.30
503523,10660,17-08-2026,32,Male,Bengaluru,Karnataka,Fashion,Men Clothing,Roadster Casual Shirt,1,1262,1262,5,1198,UPI,Delivered,5,5,40477276.30
503524,10027,16-10-2025,21,Female,Bengaluru,Karnataka,Electronics,Audio,Sony WH-CH520,4,4427,17707,30,12395,Debit Card,Delivered,4,3,40477276.30
503525,10847,20-10-2025,37,Female,Bengaluru,Karnataka,Fashion,Men Clothing,Levi's Slim Jeans,1,2553,2553,25,1915,UPI,Delivered,3,2,40477276.30
503526,11021,10-07-2025,40,Male,Lucknow,Uttar Pradesh,Sports,Sportswear,Nike Dri-FIT T-Shirt,2,2091,4181,20,3345,Credit Card,Delivered,4,3,40477276.30
503527,10862,14-02-2026,17,Female,Surat,Gujarat,Beauty & Personal Care,Makeup,Sugar Mascara,2,831,1662,22,1296,UPI,Delivered,4,3,40477276.30
503528,11010,16-06-2026,28,Male,Indore,Madhya Pradesh,Home & Kitchen,Kitchen Appliances,Bajaj Air Fryer,3,4778,14335,28,10321,Credit Card,Delivered,3,4,40477276.30
503529,10195,06-08-2026,36,Male,Mumbai,Maharashtra,Electronics,Audio,boAt Airdopes 141,2,1577,3154,21,2491,Credit Card,Delivered,3,2,40477276.30
503530,10935,13-05-2025,39,Male,Chennai,Tamil Nadu,Fashion,Women Clothing,Libas Anarkali Kurta,1,1940,1940,25,1455,UPI,Delivered,4,2,40477276.30
503531,10071,22-11-2025,38,Female,Vadodara,Gujarat,Fashion,Accessories,Fastrack Analog Watch,5,2626,13131,29,9323,Cash on Delivery,Delivered,5,5,40477276.30
503532,10853,19-06-2025,27,Male,Lucknow,Uttar Pradesh,Electronics,Smart Devices,Amazon Echo Dot,1,5359,5359,28,3859,Credit Card,Delivered,4,4,40477276.30
503533,10775,05-08-2025,41,Male,Hyderabad,Telangana,Grocery,Snacks,Lays Classic Chips,4,42,168,4,161,Credit Card,Delivered,4,4,40477276.30
503534,10231,13-04-2026,26,Female,Delhi,Delhi (NCT),Electronics,Audio,OnePlus Buds 3,1,5347,5347,18,4384,UPI,Delivered,3,2,40477276.30
503535,10582,16-01-2025,29,Male,Ahmedabad,Gujarat,Beauty & Personal Care,Skincare,The Derma Co Sunscreen,1,500,500,28,360,Credit Card,Delivered,3,6,40477276.30
503536,10394,01-05-2025,54,Female,Mumbai,Maharashtra,Sports,Accessories,Sports Cap,2,375,751,6,706,Wallet,Delivered,3,4,40477276.30
503537,10810,05-01-2025,24,Male,Surat,Gujarat,Fashion,Footwear,Nike Revolution Running Shoes,1,5275,5275,25,3956,Cash on Delivery,Cancelled,3,0,3077928.23
503538,10916,31-12-2025,37,Non-Binary,Chennai,Tamil Nadu,Electronics,Smart Devices,Samsung Galaxy Watch,4,25988,103953,17,86281,Credit Card,Delivered,5,4,40477276.30
503539,10521,05-02-2026,16,Female,Delhi,Delhi (NCT),Beauty & Personal Care,Skincare,The Derma Co Sunscreen,2,507,1015,12,893,Credit Card,Delivered,2,7,40477276.30
503540,10256,13-04-2025,29,Male,Ahmedabad,Gujarat,Electronics,Laptops,Dell Inspiron 15,1,55354,55354,12,48711,UPI,Delivered,5,1,40477276.30
503541,11417,01-01-2025,35,Male,Chandigarh,Chandigarh (UT),Sports,Accessories,Fitbit Fitness Tracker,1,7859,7859,6,7387,Debit Card,Delivered,3,3,40477276.30
503542,10817,31-05-2025,37,Female,Chennai,Tamil Nadu,Beauty & Personal Care,Skincare,Neutrogena Moisturizer,1,837,837,30,586,UPI,Delivered,5,5,40477276.30
503543,10786,14-04-2026,46,Female,Lucknow,Uttar Pradesh,Fashion,Men Clothing,Levi's Slim Jeans,1,2414,2414,25,1811,Debit Card,Delivered,1,3,40477276.30
503544,10757,11-10-2025,39,Female,Bhopal,Madhya Pradesh,Fashion,Accessories,Titan Wallet,3,1576,4727,14,4066,Credit Card,Delivered,5,1,40477276.30
503545,10282,23-02-2026,41,Male,Bengaluru,Karnataka,Fashion,Accessories,Lavie Handbag,1,2414,2414,30,1690,UPI,Cancelled,3,0,3077928.23
503546,11391,26-05-2025,39,Female,Ahmedabad,Gujarat,Electronics,Laptops,Lenovo IdeaPad Slim 5,4,68289,273157,2,267693,Net Banking,Delivered,4,2,40477276.30
503547,10907,09-08-2025,19,Male,Chandigarh,Chandigarh (UT),Sports,Accessories,Fitbit Fitness Tracker,4,8448,33793,10,30414,UPI,Cancelled,4,0,3077928.23
503548,10677,03-02-2026,22,Male,Lucknow,Uttar Pradesh,Electronics,Smartphones,Google Pixel 8a,1,55994,55994,17,46475,Net Banking,Cancelled,5,0,3077928.23
503549,11398,29-06-2026,23,Male,Mumbai,Maharashtra,Grocery,Beverages,Tata Tea Gold,4,285,1142,21,902,UPI,Delivered,5,2,40477276.30
503550,10193,16-11-2025,36,Male,Mumbai,Maharashtra,Fashion,Footwear,Nike Revolution Running Shoes,2,5062,10123,23,7795,UPI,Delivered,5,2,40477276.30
503551,10186,07-07-2026,42,Female,Mumbai,Maharashtra,Books,Non-Fiction,Deep Work,3,483,1450,3,1406,Debit Card,Delivered,4,2,40477276.30
503552,11010,01-07-2025,28,Male,Indore,Madhya Pradesh,Sports,Fitness Equipment,Skipping Rope,2,310,621,16,521,Net Banking,Delivered,5,3,40477276.30
503553,11173,10-02-2026,35,Male,Ahmedabad,Gujarat,Fashion,Women Clothing,W Women Dress,2,2524,5048,9,4593,Cash on Delivery,Delivered,5,2,40477276.30
503554,10199,19-10-2025,35,Male,Hyderabad,Telangana,Books,Non-Fiction,Deep Work,4,528,2113,16,1775,Credit Card,Delivered,3,4,40477276.30
503555,10643,06-06-2026,31,Male,Hyderabad,Telangana,Fashion,Men Clothing,Roadster Casual Shirt,1,1232,1232,27,899,Wallet,Delivered,5,5,40477276.30
503556,10153,13-06-2026,27,Female,Noida,Uttar Pradesh,Fashion,Men Clothing,Roadster Casual Shirt,4,1308,5233,19,4239,UPI,Delivered,4,1,40477276.30
503557,10080,15-10-2025,15,Female,Chennai,Tamil Nadu,Sports,Sportswear,Decathlon Sports T-Shirt,2,831,1663,12,1463,Credit Card,Delivered,5,2,40477276.30
503558,10011,20-02-2025,29,Male,Ranchi,Jharkhand,Books,Academic,Operating Systems Guide,1,745,745,11,663,Debit Card,Cancelled,5,0,3077928.23
503559,10092,09-08-2026,45,Female,Lucknow,Uttar Pradesh,Fashion,Footwear,Puma Sneakers,2,4189,8379,16,7038,UPI,Delivered,5,5,40477276.30
503560,11178,11-09-2025,33,Male,Ahmedabad,Gujarat,Electronics,Laptops,Dell Inspiron 15,1,60096,60096,9,54687,Debit Card,Delivered,5,4,40477276.30
503561,11341,11-03-2026,36,Male,Bhubaneswar,Odisha,Grocery,Snacks,Lays Classic Chips,1,41,41,15,35,Cash on Delivery,Delivered,4,2,40477276.30
503562,11074,23-01-2025,20,Female,Mumbai,Maharashtra,Electronics,Smart Devices,Amazon Echo Dot,2,5653,11306,26,8367,UPI,Delivered,3,3,40477276.30
503563,11445,06-11-2025,38,Female,Chandigarh,Chandigarh (UT),Fashion,Footwear,Skechers Walking Shoes,1,6048,6048,28,4354,Credit Card,Delivered,5,6,40477276.30
503564,11351,04-02-2025,21,Male,Pune,Maharashtra,Home & Kitchen,Home Decor,Artificial Plant,1,804,804,15,684,UPI,Delivered,5,4,40477276.30
503565,10137,06-04-2026,25,Male,Hyderabad,Telangana,Beauty & Personal Care,Skincare,Neutrogena Moisturizer,1,822,822,29,583,Wallet,Delivered,5,7,40477276.30
503566,10755,05-04-2025,24,Male,Kochi,Kerala,Grocery,Staples,Tata Salt 1kg,1,30,30,16,25,Cash on Delivery,Delivered,1,3,40477276.30
503567,10630,14-03-2025,46,Female,Delhi,Delhi (NCT),Grocery,Snacks,Lays Classic Chips,1,42,42,18,34,Credit Card,Delivered,4,3,40477276.30
503568,10425,04-08-2025,41,Male,Pune,Maharashtra,Books,Self-Help,The 7 Habits of Highly Effective People,1,699,699,12,615,Credit Card,Delivered,4,7,40477276.30
503569,11400,12-09-2025,27,Female,Pune,Maharashtra,Beauty & Personal Care,Haircare,Dove Hair Mask,3,401,1204,19,976,UPI,Delivered,4,2,40477276.30
503570,10458,31-07-2025,23,Male,Chennai,Tamil Nadu,Beauty & Personal Care,Personal Care,Dove Body Wash,1,396,396,14,341,Credit Card,Returned,1,1,1813400.65
503571,11138,21-10-2025,20,Male,Ahmedabad,Gujarat,Books,Non-Fiction,Think Like a Monk,1,419,419,22,327,UPI,Delivered,3,5,40477276.30
503572,10397,17-01-2025,15,Male,Chennai,Tamil Nadu,Fashion,Accessories,Titan Wallet,1,1521,1521,24,1156,Credit Card,Delivered,4,5,40477276.30
503573,11012,19-01-2026,36,Female,Mumbai,Maharashtra,Sports,Accessories,Sports Water Bottle,1,493,493,25,370,UPI,Cancelled,3,0,3077928.23
503574,10107,21-05-2026,55,Male,Lucknow,Uttar Pradesh,Beauty & Personal Care,Skincare,The Derma Co Sunscreen,2,513,1026,27,749,UPI,Delivered,5,2,40477276.30
503575,10628,15-07-2025,33,Female,Bhubaneswar,Odisha,Electronics,Laptops,ASUS Vivobook 15,2,57262,114525,25,85894,Cash on Delivery,Delivered,2,7,40477276.30
503576,10902,07-08-2025,30,Male,Nagpur,Maharashtra,Fashion,Women Clothing,Libas Anarkali Kurta,2,2072,4144,12,3647,UPI,Delivered,4,6,40477276.30
503577,10710,24-11-2025,53,Male,Gurugram,Haryana,Grocery,Snacks,Parle-G Biscuits,1,49,49,6,46,UPI,Delivered,5,4,40477276.30
503578,11281,20-04-2026,35,Male,Kochi,Kerala,Beauty & Personal Care,Personal Care,Gillette Shaving Kit,1,574,574,25,430,UPI,Delivered,5,7,40477276.30
503579,10618,25-01-2025,42,Male,Ranchi,Jharkhand,Electronics,Laptops,Dell Inspiron 15,1,56770,56770,22,44281,UPI,Cancelled,3,0,3077928.23
503580,11370,15-12-2025,24,Female,Ahmedabad,Gujarat,Sports,Sportswear,Adidas Track Pants,1,2424,2424,17,2012,Debit Card,Delivered,5,1,40477276.30
503581,11325,13-01-2025,35,Male,Guwahati,Assam,Electronics,Laptops,Lenovo IdeaPad Slim 5,1,64067,64067,28,46128,Cash on Delivery,Delivered,5,4,40477276.30
503582,11446,26-02-2025,27,Female,Chennai,Tamil Nadu,Books,Self-Help,The 7 Habits of Highly Effective People,2,669,1339,26,991,Cash on Delivery,Cancelled,3,0,3077928.23
503583,10355,22-08-2025,34,Male,Patna,Bihar,Books,Self-Help,Rich Dad Poor Dad,4,398,1591,28,1145,Debit Card,Delivered,5,3,40477276.30
503584,10172,14-06-2026,25,Female,Bengaluru,Karnataka,Fashion,Men Clothing,Levi's Slim Jeans,2,2541,5083,3,4930,UPI,Delivered,5,3,40477276.30
503585,11347,23-04-2025,15,Female,Chennai,Tamil Nadu,Grocery,Beverages,Real Fruit Juice,1,177,177,26,131,Net Banking,Delivered,5,3,40477276.30
503586,10008,17-01-2026,42,Female,Nagpur,Maharashtra,Home & Kitchen,Storage,Plastic Storage Box Set,1,1014,1014,9,923,Cash on Delivery,Delivered,5,3,40477276.30
503587,10590,05-07-2026,25,Female,Gurugram,Haryana,Home & Kitchen,Kitchen Appliances,Bajaj Air Fryer,1,5236,5236,17,4346,Debit Card,Delivered,4,4,40477276.30
503588,10617,09-07-2025,35,Male,Kochi,Kerala,Fashion,Men Clothing,Peter England Formal Shirt,1,1816,1816,21,1435,UPI,Delivered,4,1,40477276.30
503589,10667,16-02-2026,31,Female,Mumbai,Maharashtra,Home & Kitchen,Furniture,Bedside Table,1,3335,3335,15,2835,UPI,Delivered,5,4,40477276.30
503590,10397,02-10-2025,15,Male,Chennai,Tamil Nadu,Fashion,Footwear,Bata Formal Shoes,1,2498,2498,16,2098,Credit Card,Delivered,4,2,40477276.30
503591,10923,08-12-2025,35,Male,Bengaluru,Karnataka,Books,Self-Help,The Power of Habit,1,495,495,27,362,Credit Card,Delivered,3,3,40477276.30
503592,11139,05-02-2026,41,Male,Gurugram,Haryana,Electronics,Smartphones,Samsung Galaxy A55,1,39447,39447,9,35897,Debit Card,Delivered,5,4,40477276.30
503593,11233,28-03-2025,33,Female,Indore,Madhya Pradesh,Fashion,Footwear,Nike Revolution Running Shoes,1,4941,4941,19,4002,Debit Card,Delivered,2,4,40477276.30
503594,10240,29-09-2025,43,Female,Pune,Maharashtra,Grocery,Beverages,Tata Tea Gold,5,260,1300,30,910,Debit Card,Delivered,4,3,40477276.30
503595,10779,02-07-2026,33,Male,Jaipur,Rajasthan,Electronics,Smart Devices,Mi Smart Band 8,1,3490,3490,19,2827,UPI,Delivered,4,3,40477276.30
503596,11023,20-02-2025,34,Female,Patna,Bihar,Electronics,Smartphones,OnePlus Nord CE 4,1,23734,23734,28,17089,Cash on Delivery,Delivered,4,3,40477276.30
503597,10809,11-07-2026,48,Male,Indore,Madhya Pradesh,Electronics,Smart Devices,Amazon Echo Dot,1,5210,5210,9,4741,Credit Card,Delivered,5,3,40477276.30
503598,11165,22-08-2026,45,Male,Coimbatore,Tamil Nadu,Sports,Sportswear,Nike Dri-FIT T-Shirt,2,2074,4149,5,3941,UPI,Delivered,4,2,40477276.30
503599,10218,27-04-2026,31,Female,Patna,Bihar,Fashion,Men Clothing,Levi's Slim Jeans,5,2470,12348,2,12101,Debit Card,Cancelled,3,0,3077928.23
503600,10259,15-08-2025,39,Female,Chennai,Tamil Nadu,Beauty & Personal Care,Skincare,Minimalist Niacinamide Serum,2,586,1172,29,832,Credit Card,Delivered,4,2,40477276.30
503601,11126,27-02-2025,21,Female,Nagpur,Maharashtra,Electronics,Smart Devices,Apple Watch SE,1,31100,31100,22,24258,UPI,Delivered,4,3,40477276.30
503602,11411,13-08-2026,49,Male,Pune,Maharashtra,Electronics,Audio,boAt Airdopes 141,1,1503,1503,24,1143,Credit Card,Delivered,5,6,40477276.30
503603,10770,13-04-2026,54,Female,Nashik,Maharashtra,Grocery,Staples,Fortune Sunflower Oil 1L,1,165,165,5,157,Wallet,Delivered,3,2,40477276.30
503604,11416,20-12-2025,44,Male,Surat,Gujarat,Beauty & Personal Care,Makeup,Lakme Lipstick,1,576,576,3,559,UPI,Cancelled,5,0,3077928.23
503605,10808,18-07-2026,29,Female,Bengaluru,Karnataka,Electronics,Audio,Sony WH-CH520,3,4312,12935,11,11512,Credit Card,Cancelled,3,0,3077928.23
503606,11202,22-01-2025,29,Female,Pune,Maharashtra,Electronics,Laptops,Lenovo IdeaPad Slim 5,5,62887,314434,12,276702,Debit Card,Delivered,3,3,40477276.30
503607,11251,11-01-2026,38,Female,Kochi,Kerala,Fashion,Footwear,Puma Sneakers,2,3871,7742,4,7432,UPI,Delivered,4,1,40477276.30
503608,10370,02-10-2025,25,Non-Binary,Bengaluru,Karnataka,Books,Fiction,The Alchemist,5,407,2035,10,1832,Debit Card,Delivered,5,7,40477276.30
503609,10412,03-05-2026,22,Male,Kolkata,West Bengal,Home & Kitchen,Furniture,Bookshelf,1,6307,6307,20,5046,Credit Card,Delivered,5,2,40477276.30
503610,10653,20-08-2025,31,Male,Chennai,Tamil Nadu,Home & Kitchen,Furniture,Bedside Table,5,3707,18535,9,16867,UPI,Delivered,4,2,40477276.30
503611,10152,18-03-2025,38,Male,Patna,Bihar,Sports,Fitness Equipment,Decathlon Yoga Mat,5,1038,5192,10,4672,Cash on Delivery,Delivered,5,4,40477276.30
503612,10100,18-07-2026,31,Female,Mumbai,Maharashtra,Beauty & Personal Care,Skincare,The Derma Co Sunscreen,1,524,524,10,472,UPI,Delivered,5,5,40477276.30
503613,10407,20-01-2026,22,Male,Delhi,Delhi (NCT),Electronics,Audio,OnePlus Buds 3,1,5250,5250,20,4200,UPI,Cancelled,3,0,3077928.23
503614,10965,25-01-2025,33,Female,Chennai,Tamil Nadu,Fashion,Accessories,Lavie Handbag,1,2325,2325,16,1953,UPI,Delivered,4,4,40477276.30
503615,10945,02-08-2026,54,Male,Patna,Bihar,Sports,Sportswear,Puma Training Shorts,1,1775,1775,25,1331,Credit Card,Delivered,3,3,40477276.30
503616,10047,25-01-2026,29,Female,Bengaluru,Karnataka,Electronics,Smart Devices,Amazon Echo Dot,1,5466,5466,18,4482,UPI,Delivered,5,5,40477276.30
503617,10696,26-05-2026,31,Female,Bengaluru,Karnataka,Electronics,Audio,OnePlus Buds 3,1,5490,5490,26,4063,Credit Card,Delivered,5,1,40477276.30
503618,10471,11-01-2026,31,Female,Mumbai,Maharashtra,Home & Kitchen,Home Decor,Wooden Photo Frame,1,694,694,24,527,Debit Card,Delivered,5,2,40477276.30
503619,10906,28-04-2025,35,Male,Bengaluru,Karnataka,Fashion,Men Clothing,Peter England Formal Shirt,2,1832,3664,16,3077,Credit Card,Delivered,5,4,40477276.30
503620,10339,26-02-2026,39,Male,Mumbai,Maharashtra,Grocery,Household,Harpic Toilet Cleaner,1,203,203,7,189,UPI,Delivered,4,4,40477276.30
503621,10293,05-08-2025,28,Female,Jaipur,Rajasthan,Fashion,Accessories,Fastrack Analog Watch,1,2362,2362,29,1677,UPI,Delivered,4,4,40477276.30
503622,10923,16-01-2025,35,Male,Bengaluru,Karnataka,Electronics,Smartphones,Samsung Galaxy A55,1,41069,41069,27,29981,UPI,Delivered,4,6,40477276.30
503623,10136,12-12-2025,51,Male,Indore,Madhya Pradesh,Electronics,Audio,boAt Airdopes 141,1,1525,1525,26,1129,Net Banking,Delivered,5,3,40477276.30
503624,10427,20-06-2025,23,Female,Ranchi,Jharkhand,Home & Kitchen,Storage,Cloth Organizer,1,676,676,25,507,Debit Card,Delivered,5,2,40477276.30
503625,10178,09-05-2025,50,Male,Patna,Bihar,Fashion,Women Clothing,Aurelia Palazzo Set,3,2336,7008,8,6447,UPI,Delivered,2,7,40477276.30
503626,11301,18-01-2025,27,Male,Mysuru,Karnataka,Books,Self-Help,Rich Dad Poor Dad,1,375,375,17,311,UPI,Delivered,5,5,40477276.30
503627,10254,26-02-2025,45,Male,Ahmedabad,Gujarat,Fashion,Women Clothing,Libas Anarkali Kurta,1,2108,2108,17,1750,UPI,Delivered,3,2,40477276.30
503628,10768,08-11-2025,53,Male,Chennai,Tamil Nadu,Fashion,Accessories,Lavie Handbag,2,2271,4542,20,3634,UPI,Cancelled,2,0,3077928.23
503629,10644,05-09-2025,17,Male,Mumbai,Maharashtra,Fashion,Men Clothing,Levi's Slim Jeans,2,2501,5003,30,3502,Debit Card,Delivered,5,5,40477276.30
503630,10414,26-04-2025,48,Male,Kochi,Kerala,Electronics,Smart Devices,Samsung Galaxy Watch,1,24214,24214,24,18403,Cash on Delivery,Delivered,5,3,40477276.30
503631,10424,09-11-2025,45,Male,Pune,Maharashtra,Books,Self-Help,The Power of Habit,1,519,519,11,462,Wallet,Delivered,5,5,40477276.30
503632,11020,23-06-2026,39,Female,Bhubaneswar,Odisha,Books,Self-Help,Rich Dad Poor Dad,2,389,778,20,623,Net Banking,Delivered,3,3,40477276.30
503633,11413,18-09-2025,39,Male,Ahmedabad,Gujarat,Electronics,Smartphones,Samsung Galaxy A55,2,38523,77045,12,67800,UPI,Delivered,1,2,40477276.30
503634,10977,28-01-2025,29,Female,Mumbai,Maharashtra,Fashion,Accessories,Lavie Handbag,1,2386,2386,18,1956,UPI,Delivered,5,5,40477276.30
503635,10184,31-12-2025,39,Male,Kolkata,West Bengal,Books,Fiction,Atomic Habits,1,598,598,21,473,UPI,Delivered,5,2,40477276.30
503636,11401,16-11-2025,22,Female,Bengaluru,Karnataka,Grocery,Household,Surf Excel Detergent,2,703,1405,25,1054,Debit Card,Delivered,4,4,40477276.30
503637,11165,25-07-2026,45,Male,Coimbatore,Tamil Nadu,Electronics,Audio,OnePlus Buds 3,1,5674,5674,19,4596,UPI,Delivered,5,6,40477276.30
503638,10065,21-07-2025,43,Male,Mumbai,Maharashtra,Electronics,Laptops,HP Pavilion 14,1,62511,62511,30,43758,UPI,Delivered,3,3,40477276.30
503639,11037,03-05-2025,21,Male,Mumbai,Maharashtra,Home & Kitchen,Furniture,Bedside Table,2,3390,6780,27,4949,Credit Card,Delivered,5,7,40477276.30
503640,10403,04-02-2025,34,Female,Mumbai,Maharashtra,Grocery,Beverages,Real Fruit Juice,4,170,679,22,529,Cash on Delivery,Delivered,4,3,40477276.30
503641,11109,30-07-2025,27,Female,Kolkata,West Bengal,Home & Kitchen,Furniture,Bookshelf,3,6299,18896,2,18518,Net Banking,Cancelled,1,0,3077928.23
503642,11022,20-10-2025,28,Female,Chennai,Tamil Nadu,Sports,Accessories,Sports Water Bottle,1,515,515,30,360,Wallet,Delivered,4,3,40477276.30
503643,10263,25-07-2025,15,Male,Kolkata,West Bengal,Beauty & Personal Care,Haircare,Tresemme Conditioner,3,428,1283,12,1129,UPI,Delivered,3,1,40477276.30
503644,10284,01-01-2026,20,Male,Hyderabad,Telangana,Electronics,Smart Devices,Samsung Galaxy Watch,1,24806,24806,24,18853,UPI,Delivered,5,5,40477276.30
503645,10234,15-03-2026,27,Female,Ahmedabad,Gujarat,Electronics,Smartphones,Samsung Galaxy A55,2,39135,78270,27,57137,UPI,Delivered,4,3,40477276.30
503646,11416,27-07-2025,44,Male,Surat,Gujarat,Fashion,Women Clothing,Libas Anarkali Kurta,1,2095,2095,11,1864,Credit Card,Delivered,4,3,40477276.30
503647,10466,17-05-2025,32,Male,Gurugram,Haryana,Home & Kitchen,Home Decor,Wooden Photo Frame,2,695,1389,27,1014,UPI,Delivered,4,2,40477276.30
503648,10053,21-03-2025,27,Female,Kochi,Kerala,Electronics,Audio,JBL Tune 770NC,5,6231,31153,15,26480,Credit Card,Delivered,1,6,40477276.30
503649,11076,03-08-2026,29,Female,Delhi,Delhi (NCT),Fashion,Women Clothing,Biba Printed Kurta,4,1717,6867,23,5288,UPI,Cancelled,4,0,3077928.23
503650,10102,13-03-2026,29,Female,Surat,Gujarat,Electronics,Smartphones,OnePlus Nord CE 4,2,25301,50602,16,42506,Net Banking,Delivered,4,4,40477276.30
503651,10884,14-06-2025,45,Female,Jaipur,Rajasthan,Fashion,Women Clothing,Libas Anarkali Kurta,1,1910,1910,21,1509,UPI,Cancelled,2,0,3077928.23
503652,11279,27-03-2026,36,Female,Vadodara,Gujarat,Electronics,Laptops,HP Pavilion 14,1,63388,63388,10,57050,UPI,Delivered,4,2,40477276.30
503653,10974,02-04-2025,27,Male,Delhi,Delhi (NCT),Fashion,Accessories,Wildcraft Backpack,1,1910,1910,16,1605,UPI,Delivered,5,4,40477276.30
503654,10695,26-02-2026,41,Female,Hyderabad,Telangana,Fashion,Accessories,Titan Wallet,1,1491,1491,25,1118,UPI,Delivered,5,3,40477276.30
503655,10700,15-06-2026,32,Male,Bhubaneswar,Odisha,Fashion,Men Clothing,Allen Solly Polo T-Shirt,3,1561,4683,16,3934,Credit Card,Delivered,2,2,40477276.30
503656,10153,15-01-2025,27,Female,Noida,Uttar Pradesh,Fashion,Women Clothing,Biba Printed Kurta,1,1789,1789,23,1378,UPI,Delivered,4,4,40477276.30
503657,10604,28-03-2025,49,Female,Indore,Madhya Pradesh,Electronics,Laptops,Lenovo IdeaPad Slim 5,5,62694,313470,28,225698,UPI,Delivered,4,3,40477276.30
503658,10532,06-01-2025,16,Female,Mumbai,Maharashtra,Grocery,Staples,Aashirvaad Atta 5kg,1,304,304,3,295,Net Banking,Delivered,4,3,40477276.30
503659,11323,11-10-2025,33,Female,Bhopal,Madhya Pradesh,Grocery,Snacks,Lays Classic Chips,2,40,80,14,69,Debit Card,Delivered,5,4,40477276.30
503660,10581,15-01-2025,38,Female,Visakhapatnam,Andhra Pradesh,Fashion,Women Clothing,Biba Printed Kurta,1,1883,1883,15,1600,UPI,Delivered,3,3,40477276.30
503661,11203,27-07-2025,35,Female,Nagpur,Maharashtra,Electronics,Smartphones,OnePlus Nord CE 4,2,25963,51926,23,39983,UPI,Delivered,4,5,40477276.30
503662,10649,05-07-2026,31,Male,Hyderabad,Telangana,Grocery,Household,Colin Glass Cleaner,2,141,282,7,262,UPI,Delivered,4,4,40477276.30
503663,10760,16-01-2025,42,Male,Nagpur,Maharashtra,Books,Non-Fiction,Deep Work,1,514,514,17,427,Debit Card,Delivered,3,6,40477276.30
503664,11360,28-05-2026,36,Male,Hyderabad,Telangana,Sports,Fitness Equipment,Decathlon Yoga Mat,5,1020,5101,26,3775,Wallet,Delivered,5,4,40477276.30
503665,11242,22-04-2026,32,Female,Ranchi,Jharkhand,Grocery,Household,Harpic Toilet Cleaner,1,187,187,10,169,Credit Card,Delivered,5,7,40477276.30
503666,10525,29-07-2026,26,Female,Chandigarh,Chandigarh (UT),Beauty & Personal Care,Makeup,Lakme Lipstick,2,596,1192,20,954,UPI,Delivered,4,3,40477276.30
503667,10122,17-03-2026,24,Female,Indore,Madhya Pradesh,Books,Self-Help,Rich Dad Poor Dad,1,407,407,25,305,Credit Card,Delivered,5,5,40477276.30
503668,11425,15-07-2026,23,Male,Pune,Maharashtra,Fashion,Accessories,Wildcraft Backpack,1,1904,1904,21,1504,Debit Card,Delivered,5,3,40477276.30
503669,11182,25-07-2025,49,Female,Hyderabad,Telangana,Electronics,Smart Devices,Samsung Galaxy Watch,1,24877,24877,29,17663,Debit Card,Delivered,4,7,40477276.30
503670,11145,07-04-2025,32,Male,Mysuru,Karnataka,Books,Self-Help,The 7 Habits of Highly Effective People,4,723,2890,25,2168,UPI,Delivered,5,3,40477276.30
503671,11119,30-01-2025,36,Female,Bengaluru,Karnataka,Beauty & Personal Care,Makeup,Sugar Mascara,1,814,814,29,578,UPI,Delivered,4,1,40477276.30
503672,10807,26-12-2025,36,Male,Hyderabad,Telangana,Fashion,Accessories,Lavie Handbag,1,2314,2314,3,2244,UPI,Delivered,5,4,40477276.30
503673,10608,11-02-2026,20,Female,Bengaluru,Karnataka,Fashion,Women Clothing,Aurelia Palazzo Set,1,2434,2434,8,2239,UPI,Delivered,4,1,40477276.30
503674,10848,18-01-2026,61,Female,Gurugram,Haryana,Electronics,Smartphones,Samsung Galaxy A55,1,39525,39525,26,29249,UPI,Delivered,5,3,40477276.30
503675,11195,10-12-2025,16,Male,Bengaluru,Karnataka,Fashion,Women Clothing,Biba Printed Kurta,2,1754,3507,8,3227,UPI,Delivered,5,3,40477276.30
503676,10433,02-05-2026,31,Male,Bengaluru,Karnataka,Electronics,Audio,boAt Airdopes 141,1,1571,1571,8,1445,Cash on Delivery,Delivered,5,3,40477276.30
503677,11000,25-10-2025,40,Male,Ahmedabad,Gujarat,Electronics,Laptops,ASUS Vivobook 15,1,56388,56388,26,41727,UPI,Delivered,5,2,40477276.30
503678,10879,29-07-2026,34,Male,Delhi,Delhi (NCT),Electronics,Smartphones,OnePlus Nord CE 4,2,23748,47496,18,38946,UPI,Delivered,5,2,40477276.30
503679,10072,20-05-2026,51,Female,Gurugram,Haryana,Fashion,Women Clothing,W Women Dress,1,2545,2545,27,1858,Cash on Delivery,Delivered,5,6,40477276.30
503680,11103,26-06-2025,57,Female,Bengaluru,Karnataka,Books,Self-Help,The Psychology of Money,2,582,1164,17,966,Wallet,Returned,2,4,1813400.65
503681,10578,11-12-2025,42,Female,Pune,Maharashtra,Sports,Fitness Equipment,Resistance Bands Set,2,718,1436,12,1264,Cash on Delivery,Delivered,5,3,40477276.30
503682,10258,30-06-2026,26,Male,Bhubaneswar,Odisha,Beauty & Personal Care,Skincare,Neutrogena Moisturizer,1,795,795,18,652,Cash on Delivery,Delivered,4,6,40477276.30
503683,10271,16-07-2026,50,Male,Ahmedabad,Gujarat,Electronics,Smart Devices,Amazon Echo Dot,2,5398,10795,8,9932,Debit Card,Returned,3,5,1813400.65
503684,10751,26-07-2026,24,Male,Bhopal,Madhya Pradesh,Electronics,Audio,OnePlus Buds 3,1,5437,5437,11,4839,UPI,Delivered,4,6,40477276.30
503685,10984,04-11-2025,33,Male,Surat,Gujarat,Grocery,Household,Harpic Toilet Cleaner,2,201,401,21,317,UPI,Delivered,4,1,40477276.30
503686,11149,01-12-2025,52,Female,Bengaluru,Karnataka,Fashion,Women Clothing,Libas Anarkali Kurta,2,2002,4004,16,3363,Debit Card,Delivered,4,7,40477276.30
503687,10549,09-01-2026,38,Female,Delhi,Delhi (NCT),Fashion,Accessories,Fastrack Analog Watch,3,2524,7571,24,5754,UPI,Delivered,5,5,40477276.30
503688,11337,13-03-2025,27,Male,Ahmedabad,Gujarat,Home & Kitchen,Kitchen Appliances,Bajaj Air Fryer,1,5133,5133,23,3952,UPI,Delivered,4,3,40477276.30
503689,10302,05-05-2026,28,Female,Hyderabad,Telangana,Fashion,Women Clothing,Aurelia Palazzo Set,1,2405,2405,26,1780,Debit Card,Delivered,5,2,40477276.30
503690,10099,05-08-2025,34,Male,Kochi,Kerala,Sports,Outdoor Sports,Nivia Basketball,1,972,972,15,827,UPI,Delivered,5,2,40477276.30
503691,11239,27-04-2025,40,Female,Guwahati,Assam,Fashion,Accessories,Fastrack Analog Watch,1,2539,2539,28,1828,UPI,Delivered,5,6,40477276.30
503692,11177,23-01-2025,15,Male,Surat,Gujarat,Sports,Fitness Equipment,Resistance Bands Set,1,704,704,22,549,UPI,Delivered,3,3,40477276.30
503693,10777,17-01-2025,26,Male,Surat,Gujarat,Sports,Accessories,Sports Water Bottle,1,493,493,16,414,Net Banking,Delivered,3,3,40477276.30
503694,10934,11-07-2026,15,Male,Kolkata,West Bengal,Grocery,Beverages,Real Fruit Juice,1,170,170,17,141,Debit Card,Delivered,5,3,40477276.30
503695,10372,14-04-2026,39,Female,Mumbai,Maharashtra,Beauty & Personal Care,Personal Care,Nivea Body Lotion,2,360,721,15,613,Wallet,Delivered,4,3,40477276.30
503696,11097,05-01-2025,35,Male,Delhi,Delhi (NCT),Electronics,Audio,Sony WH-CH520,4,4637,18549,9,16879,Wallet,Cancelled,2,0,3077928.23
503697,10513,30-05-2025,31,Male,Nashik,Maharashtra,Home & Kitchen,Furniture,Office Chair,1,7539,7539,12,6635,UPI,Delivered,4,3,40477276.30
503698,10305,10-05-2026,34,Female,Coimbatore,Tamil Nadu,Fashion,Accessories,Fastrack Analog Watch,4,2598,10392,12,9145,Debit Card,Delivered,4,2,40477276.30
503699,11344,16-04-2025,47,Male,Visakhapatnam,Andhra Pradesh,Books,Self-Help,The Psychology of Money,1,585,585,22,456,Cash on Delivery,Delivered,2,3,40477276.30
503700,10877,13-03-2026,28,Male,Visakhapatnam,Andhra Pradesh,Electronics,Laptops,Dell Inspiron 15,1,59374,59374,23,45718,Credit Card,Delivered,5,6,40477276.30
503701,10900,25-03-2025,25,Male,Patna,Bihar,Electronics,Laptops,Dell Inspiron 15,1,58971,58971,14,50715,Debit Card,Delivered,4,5,40477276.30
503702,11390,22-06-2025,26,Male,Kochi,Kerala,Grocery,Beverages,Paper Boat Aamras,1,152,152,4,146,Cash on Delivery,Cancelled,2,0,3077928.23
503703,10899,11-04-2025,47,Female,Ranchi,Jharkhand,Fashion,Men Clothing,Roadster Casual Shirt,4,1368,5470,14,4704,UPI,Delivered,3,6,40477276.30
503704,11162,09-04-2025,59,Male,Nagpur,Maharashtra,Grocery,Beverages,Nescafe Classic,3,378,1134,28,817,Wallet,Delivered,5,3,40477276.30
503705,10616,03-08-2026,35,Male,Pune,Maharashtra,Fashion,Women Clothing,Aurelia Palazzo Set,1,2210,2210,2,2166,UPI,Delivered,5,5,40477276.30
503706,10501,10-07-2025,44,Female,Bengaluru,Karnataka,Fashion,Men Clothing,Roadster Casual Shirt,1,1366,1366,19,1107,UPI,Delivered,5,2,40477276.30
503707,11437,13-01-2026,31,Female,Ahmedabad,Gujarat,Fashion,Men Clothing,Levi's Slim Jeans,1,2416,2416,2,2368,UPI,Delivered,3,6,40477276.30
503708,11205,10-04-2026,35,Male,Lucknow,Uttar Pradesh,Electronics,Smartphones,Samsung Galaxy A55,2,40347,80695,10,72625,UPI,Delivered,5,2,40477276.30
503709,10242,01-05-2026,33,Male,Nagpur,Maharashtra,Home & Kitchen,Storage,Wardrobe Organizer,1,947,947,26,701,UPI,Delivered,5,3,40477276.30
503710,10058,20-05-2026,31,Female,Pune,Maharashtra,Electronics,Smart Devices,Samsung Galaxy Watch,3,24074,72221,7,67166,Credit Card,Delivered,5,4,40477276.30
503711,10365,12-12-2025,42,Male,Mumbai,Maharashtra,Electronics,Smart Devices,Amazon Echo Dot,1,5459,5459,29,3876,UPI,Delivered,3,1,40477276.30
503712,10009,08-07-2025,29,Female,Delhi,Delhi (NCT),Home & Kitchen,Furniture,Study Table,1,6787,6787,24,5158,UPI,Delivered,3,2,40477276.30
503713,10028,02-02-2026,38,Male,Pune,Maharashtra,Grocery,Snacks,Haldiram's Bhujia,1,179,179,28,129,UPI,Delivered,3,2,40477276.30
503714,10419,26-01-2026,47,Male,Kochi,Kerala,Beauty & Personal Care,Skincare,Cetaphil Face Wash,2,711,1422,4,1365,UPI,Delivered,4,5,40477276.30
503715,10932,05-05-2025,55,Female,Indore,Madhya Pradesh,Beauty & Personal Care,Haircare,Tresemme Conditioner,3,462,1386,3,1344,Debit Card,Delivered,5,5,40477276.30
503716,10272,17-05-2026,18,Female,Indore,Madhya Pradesh,Sports,Fitness Equipment,Resistance Bands Set,1,730,730,9,665,Net Banking,Delivered,3,4,40477276.30
503717,10860,07-03-2025,41,Female,Hyderabad,Telangana,Home & Kitchen,Kitchen Appliances,Prestige Electric Kettle,2,1786,3572,20,2858,UPI,Delivered,5,7,40477276.30
503718,11100,07-07-2025,38,Female,Nagpur,Maharashtra,Grocery,Snacks,Lays Classic Chips,1,39,39,26,29,Wallet,Returned,2,6,1813400.65
503719,10774,18-08-2025,45,Female,Mumbai,Maharashtra,Fashion,Men Clothing,Allen Solly Polo T-Shirt,1,1634,1634,25,1226,Cash on Delivery,Cancelled,5,0,3077928.23
503720,11368,07-06-2026,24,Male,Chennai,Tamil Nadu,Electronics,Smartphones,Google Pixel 8a,1,51472,51472,16,43237,Credit Card,Delivered,3,3,40477276.30
503721,10317,20-01-2025,42,Male,Bengaluru,Karnataka,Home & Kitchen,Storage,Wardrobe Organizer,1,927,927,22,723,UPI,Delivered,5,3,40477276.30
503722,10940,26-08-2025,28,Male,Pune,Maharashtra,Electronics,Smartphones,Google Pixel 8a,1,53832,53832,13,46834,Credit Card,Delivered,4,3,40477276.30
503723,10269,11-03-2025,29,Female,Lucknow,Uttar Pradesh,Fashion,Footwear,Skechers Walking Shoes,2,6272,12544,22,9784,Credit Card,Delivered,5,2,40477276.30
503724,10344,18-08-2025,28,Male,Delhi,Delhi (NCT),Beauty & Personal Care,Personal Care,Himalaya Face Scrub,4,316,1264,30,885,Cash on Delivery,Delivered,5,1,40477276.30
503725,10287,27-11-2025,32,Female,Lucknow,Uttar Pradesh,Beauty & Personal Care,Personal Care,Dove Body Wash,3,405,1214,8,1117,Credit Card,Delivered,5,3,40477276.30
503726,10059,13-07-2026,38,Female,Mumbai,Maharashtra,Sports,Accessories,Fitbit Fitness Tracker,2,8213,16426,11,14620,UPI,Delivered,4,2,40477276.30
503727,10863,16-08-2026,51,Non-Binary,Delhi,Delhi (NCT),Sports,Accessories,Sports Cap,1,417,417,22,325,UPI,Delivered,4,5,40477276.30
503728,10310,05-07-2025,32,Male,Chennai,Tamil Nadu,Fashion,Accessories,Fastrack Analog Watch,2,2576,5152,22,4019,UPI,Delivered,2,3,40477276.30
503729,10737,02-10-2025,37,Female,Hyderabad,Telangana,Books,Academic,Data Structures Handbook,1,795,795,14,683,UPI,Delivered,4,2,40477276.30
503730,11251,01-04-2026,38,Female,Kochi,Kerala,Sports,Fitness Equipment,Decathlon Yoga Mat,2,1045,2090,25,1568,Debit Card,Delivered,3,3,40477276.30
503731,11251,20-07-2026,38,Female,Kochi,Kerala,Books,Self-Help,The Psychology of Money,2,627,1254,20,1004,Credit Card,Delivered,3,2,40477276.30
503732,10154,06-02-2026,37,Non-Binary,Jaipur,Rajasthan,Electronics,Laptops,HP Pavilion 14,1,63193,63193,5,60033,Credit Card,Delivered,5,1,40477276.30
503733,10340,29-12-2025,28,Female,Mumbai,Maharashtra,Books,Academic,Database Management Systems,1,869,869,25,652,UPI,Cancelled,2,0,3077928.23
503734,10369,19-03-2025,35,Female,Coimbatore,Tamil Nadu,Beauty & Personal Care,Makeup,Maybelline Foundation,1,714,714,21,564,Wallet,Delivered,3,3,40477276.30
503735,10452,03-08-2025,45,Female,Nashik,Maharashtra,Home & Kitchen,Home Decor,Artificial Plant,1,845,845,29,600,Debit Card,Delivered,4,3,40477276.30
503736,10871,11-04-2025,32,Female,Surat,Gujarat,Beauty & Personal Care,Personal Care,Dove Body Wash,1,419,419,20,335,Credit Card,Delivered,4,2,40477276.30
503737,10983,13-02-2026,23,Male,Kolkata,West Bengal,Beauty & Personal Care,Skincare,Cetaphil Face Wash,2,669,1338,25,1003,UPI,Delivered,4,4,40477276.30
503738,11386,16-02-2026,37,Female,Indore,Madhya Pradesh,Grocery,Snacks,Parle-G Biscuits,1,51,51,13,44,Debit Card,Delivered,3,3,40477276.30
503739,10567,24-03-2025,15,Female,Kochi,Kerala,Electronics,Audio,OnePlus Buds 3,1,5379,5379,29,3819,UPI,Delivered,3,3,40477276.30
503740,10814,04-01-2025,36,Male,Chennai,Tamil Nadu,Fashion,Men Clothing,Peter England Formal Shirt,1,1838,1838,15,1562,UPI,Delivered,5,3,40477276.30
503741,10132,17-02-2025,35,Female,Delhi,Delhi (NCT),Fashion,Men Clothing,Peter England Formal Shirt,1,1903,1903,20,1522,Debit Card,Delivered,3,2,40477276.30
503742,11033,17-02-2026,38,Female,Bengaluru,Karnataka,Beauty & Personal Care,Haircare,L'Oreal Shampoo,1,584,584,19,473,Credit Card,Delivered,3,3,40477276.30
503743,10064,27-06-2025,21,Female,Jaipur,Rajasthan,Electronics,Laptops,ASUS Vivobook 15,3,57981,173943,16,146112,Cash on Delivery,Delivered,5,3,40477276.30
503744,11132,30-01-2025,39,Female,Mumbai,Maharashtra,Sports,Sportswear,Adidas Track Pants,1,2367,2367,8,2178,Debit Card,Returned,4,5,1813400.65
503745,11230,27-11-2025,58,Male,Ranchi,Jharkhand,Sports,Fitness Equipment,Adjustable Dumbbells,1,2512,2512,7,2337,Debit Card,Delivered,4,2,40477276.30
503746,11388,07-09-2025,51,Female,Kolkata,West Bengal,Beauty & Personal Care,Makeup,Lakme Lipstick,1,573,573,30,401,Debit Card,Delivered,4,5,40477276.30
503747,10019,17-11-2025,24,Female,Surat,Gujarat,Home & Kitchen,Kitchen Appliances,Havells OTG Oven,2,6579,13159,22,10264,Credit Card,Returned,4,1,1813400.65
503748,10757,24-05-2025,39,Female,Bhopal,Madhya Pradesh,Books,Academic,Database Management Systems,1,877,877,23,676,UPI,Delivered,5,1,40477276.30
503749,11120,27-09-2025,46,Male,Pune,Maharashtra,Fashion,Footwear,Puma Sneakers,5,4113,20565,14,17686,UPI,Delivered,3,6,40477276.30
503750,10347,04-01-2026,18,Female,Bengaluru,Karnataka,Sports,Outdoor Sports,SG Cricket Bat,2,3601,7201,16,6049,UPI,Delivered,5,4,40477276.30
503751,11053,04-10-2025,39,Female,Pune,Maharashtra,Grocery,Beverages,Real Fruit Juice,3,171,513,22,400,UPI,Delivered,2,3,40477276.30
503752,10757,30-11-2025,39,Female,Bhopal,Madhya Pradesh,Fashion,Men Clothing,Roadster Casual Shirt,2,1269,2539,30,1777,Net Banking,Delivered,5,1,40477276.30
503753,10353,24-04-2025,43,Male,Delhi,Delhi (NCT),Beauty & Personal Care,Haircare,Tresemme Conditioner,1,430,430,22,335,Credit Card,Delivered,5,3,40477276.30
503754,10959,20-11-2025,40,Male,Bengaluru,Karnataka,Books,Fiction,The Alchemist,2,398,795,22,620,UPI,Cancelled,5,0,3077928.23
503755,10436,19-03-2025,35,Male,Bhubaneswar,Odisha,Electronics,Audio,Sony WH-CH520,1,4332,4332,7,4029,UPI,Delivered,4,4,40477276.30
503756,11410,08-08-2026,31,Female,Nashik,Maharashtra,Electronics,Laptops,HP Pavilion 14,1,64419,64419,18,52823,Debit Card,Delivered,2,7,40477276.30
503757,10891,23-05-2025,43,Male,Indore,Madhya Pradesh,Grocery,Staples,Tata Salt 1kg,2,30,61,29,43,Cash on Delivery,Delivered,4,4,40477276.30
503758,11338,20-04-2025,31,Female,Surat,Gujarat,Home & Kitchen,Home Decor,Wall Art Set,2,1341,2683,21,2119,UPI,Delivered,4,4,40477276.30
503759,10976,12-02-2025,15,Male,Lucknow,Uttar Pradesh,Home & Kitchen,Furniture,Bookshelf,1,6184,6184,13,5380,UPI,Delivered,3,3,40477276.30
503760,10246,07-09-2025,30,Female,Dehradun,Uttarakhand,Grocery,Household,Vim Dishwash Liquid,1,203,203,14,174,Net Banking,Cancelled,3,0,3077928.23
503761,11350,10-09-2025,32,Male,Delhi,Delhi (NCT),Fashion,Accessories,Wildcraft Backpack,1,1896,1896,24,1441,UPI,Delivered,4,3,40477276.30
503762,10236,20-01-2026,41,Non-Binary,Kolkata,West Bengal,Fashion,Footwear,Puma Sneakers,1,3823,3823,22,2982,Cash on Delivery,Delivered,5,5,40477276.30
503763,10459,23-04-2025,28,Female,Mumbai,Maharashtra,Electronics,Smart Devices,Mi Smart Band 8,1,3466,3466,20,2773,Credit Card,Delivered,2,3,40477276.30
503764,10958,31-12-2025,39,Female,Nagpur,Maharashtra,Grocery,Household,Vim Dishwash Liquid,1,196,196,8,181,UPI,Delivered,5,2,40477276.30
503765,10157,21-05-2025,55,Male,Delhi,Delhi (NCT),Home & Kitchen,Home Decor,Decorative Table Lamp,2,1874,3749,16,3149,UPI,Returned,4,1,1813400.65
503766,11380,03-04-2025,54,Male,Lucknow,Uttar Pradesh,Home & Kitchen,Furniture,Office Chair,5,7602,38010,22,29648,Credit Card,Delivered,5,3,40477276.30
503767,10234,04-06-2026,27,Female,Ahmedabad,Gujarat,Fashion,Men Clothing,Levi's Slim Jeans,1,2392,2392,9,2177,Debit Card,Delivered,5,4,40477276.30
503768,10171,21-04-2026,24,Female,Indore,Madhya Pradesh,Beauty & Personal Care,Makeup,Sugar Mascara,1,775,775,16,651,Cash on Delivery,Delivered,3,7,40477276.30
503769,10427,26-04-2025,23,Female,Ranchi,Jharkhand,Home & Kitchen,Kitchen Appliances,Philips Mixer Grinder,1,3136,3136,28,2258,Credit Card,Delivered,4,2,40477276.30
503770,10304,14-01-2026,41,Female,Dehradun,Uttarakhand,Home & Kitchen,Furniture,Study Table,1,6358,6358,28,4578,Debit Card,Delivered,4,4,40477276.30
503771,10732,01-04-2026,23,Female,Mumbai,Maharashtra,Books,Academic,Python Programming,2,664,1327,10,1195,Net Banking,Delivered,4,3,40477276.30
503772,11290,08-08-2025,15,Female,Delhi,Delhi (NCT),Electronics,Audio,Sony WH-CH520,1,4466,4466,28,3215,Credit Card,Delivered,5,3,40477276.30
503773,11400,10-11-2025,27,Female,Pune,Maharashtra,Grocery,Snacks,Kurkure Masala Munch,1,39,39,18,32,Debit Card,Delivered,4,2,40477276.30
503774,10382,09-01-2026,27,Female,Ranchi,Jharkhand,Grocery,Staples,India Gate Basmati Rice 5kg,2,732,1463,12,1288,UPI,Delivered,5,2,40477276.30
503775,10732,21-01-2025,23,Female,Mumbai,Maharashtra,Beauty & Personal Care,Personal Care,Dove Body Wash,2,402,805,24,612,UPI,Cancelled,4,0,3077928.23
503776,10757,20-11-2025,39,Female,Bhopal,Madhya Pradesh,Grocery,Snacks,Haldiram's Bhujia,2,172,344,29,244,Credit Card,Delivered,4,4,40477276.30
503777,10009,30-05-2026,29,Female,Delhi,Delhi (NCT),Sports,Sportswear,Puma Training Shorts,3,1901,5704,21,4506,UPI,Cancelled,4,0,3077928.23
503778,10757,16-02-2026,39,Female,Bhopal,Madhya Pradesh,Books,Non-Fiction,Sapiens,1,662,662,12,583,UPI,Delivered,2,3,40477276.30
503779,10830,17-05-2026,31,Male,Chennai,Tamil Nadu,Electronics,Laptops,Dell Inspiron 15,1,57861,57861,29,41081,UPI,Cancelled,1,0,3077928.23
503780,11162,21-12-2025,59,Male,Nagpur,Maharashtra,Electronics,Laptops,ASUS Vivobook 15,4,53044,212175,3,205809,UPI,Delivered,5,5,40477276.30
503781,10066,11-05-2025,49,Male,Indore,Madhya Pradesh,Grocery,Household,Harpic Toilet Cleaner,1,210,210,3,203,Debit Card,Delivered,5,6,40477276.30
503782,11169,27-03-2025,41,Male,Lucknow,Uttar Pradesh,Sports,Accessories,Gym Gloves,1,620,620,25,465,Credit Card,Delivered,3,3,40477276.30
503783,10998,13-06-2026,41,Female,Mysuru,Karnataka,Home & Kitchen,Furniture,Office Chair,4,7898,31590,23,24324,Debit Card,Delivered,5,5,40477276.30
503784,11088,28-08-2025,37,Male,Mumbai,Maharashtra,Electronics,Laptops,Dell Inspiron 15,1,56524,56524,30,39567,UPI,Delivered,4,3,40477276.30
503785,10184,12-04-2026,39,Male,Kolkata,West Bengal,Books,Non-Fiction,Sapiens,1,692,692,4,664,UPI,Returned,3,5,1813400.65
503786,11170,24-02-2025,43,Male,Coimbatore,Tamil Nadu,Electronics,Audio,boAt Airdopes 141,1,1507,1507,3,1462,UPI,Delivered,5,3,40477276.30
503787,11094,15-12-2025,35,Female,Mumbai,Maharashtra,Books,Non-Fiction,Sapiens,2,708,1417,7,1317,UPI,Delivered,5,3,40477276.30
503788,11271,04-03-2025,46,Male,Pune,Maharashtra,Home & Kitchen,Kitchen Appliances,Philips Mixer Grinder,3,3489,10468,9,9526,UPI,Delivered,5,7,40477276.30
503789,10828,15-07-2026,28,Female,Mumbai,Maharashtra,Beauty & Personal Care,Skincare,Minimalist Niacinamide Serum,3,627,1882,10,1694,UPI,Delivered,5,3,40477276.30
503790,11242,21-05-2026,32,Female,Ranchi,Jharkhand,Sports,Sportswear,Decathlon Sports T-Shirt,1,770,770,19,624,Net Banking,Delivered,3,4,40477276.30
503791,11269,29-10-2025,26,Female,Ahmedabad,Gujarat,Electronics,Laptops,ASUS Vivobook 15,1,59183,59183,24,44979,Credit Card,Delivered,3,1,40477276.30
503792,11392,06-06-2025,27,Male,Hyderabad,Telangana,Fashion,Accessories,Wildcraft Backpack,4,2051,8203,13,7137,Net Banking,Delivered,5,3,40477276.30
503793,10011,26-08-2025,29,Male,Ranchi,Jharkhand,Electronics,Laptops,Lenovo IdeaPad Slim 5,2,68787,137574,25,103181,UPI,Delivered,4,2,40477276.30
503794,10289,21-02-2026,37,Male,Chennai,Tamil Nadu,Sports,Fitness Equipment,Adjustable Dumbbells,2,2382,4765,11,4241,Credit Card,Delivered,4,3,40477276.30
503795,11265,07-01-2026,36,Female,Indore,Madhya Pradesh,Home & Kitchen,Home Decor,Artificial Plant,2,769,1538,24,1169,UPI,Delivered,5,4,40477276.30
503796,10430,04-03-2026,15,Male,Bhopal,Madhya Pradesh,Electronics,Audio,boAt Airdopes 141,1,1489,1489,14,1280,Cash on Delivery,Returned,4,3,1813400.65
503797,10571,01-08-2026,34,Male,Nagpur,Maharashtra,Books,Academic,Operating Systems Guide,2,751,1501,13,1306,Debit Card,Delivered,3,6,40477276.30
503798,10908,28-07-2026,42,Female,Jaipur,Rajasthan,Fashion,Footwear,Puma Sneakers,1,4233,4233,17,3513,Wallet,Returned,4,1,1813400.65
503799,10852,02-08-2025,28,Male,Gurugram,Haryana,Books,Academic,Data Structures Handbook,3,782,2346,13,2041,Credit Card,Delivered,4,3,40477276.30
503800,11247,26-04-2025,34,Male,Ahmedabad,Gujarat,Grocery,Staples,Fortune Sunflower Oil 1L,1,166,166,7,155,UPI,Delivered,5,3,40477276.30
503801,10120,02-09-2025,42,Male,Gurugram,Haryana,Home & Kitchen,Storage,Cloth Organizer,1,732,732,22,571,Credit Card,Delivered,3,1,40477276.30
503802,11190,14-01-2026,23,Female,Surat,Gujarat,Sports,Fitness Equipment,Adjustable Dumbbells,1,2499,2499,26,1849,Debit Card,Delivered,4,2,40477276.30
503803,10969,30-03-2025,34,Female,Lucknow,Uttar Pradesh,Electronics,Audio,OnePlus Buds 3,1,5615,5615,21,4436,UPI,Delivered,4,4,40477276.30
503804,10387,26-11-2025,38,Female,Mumbai,Maharashtra,Beauty & Personal Care,Personal Care,Dove Body Wash,1,413,413,8,380,Debit Card,Delivered,5,7,40477276.30
503805,10045,15-01-2026,18,Male,Bengaluru,Karnataka,Fashion,Accessories,Wildcraft Backpack,2,1976,3953,12,3479,UPI,Delivered,5,3,40477276.30
503806,10910,05-06-2026,58,Female,Vadodara,Gujarat,Grocery,Staples,Aashirvaad Atta 5kg,2,301,601,21,475,Cash on Delivery,Delivered,4,1,40477276.30
503807,10234,10-07-2026,27,Female,Ahmedabad,Gujarat,Books,Self-Help,The 7 Habits of Highly Effective People,1,668,668,27,488,Credit Card,Delivered,5,3,40477276.30
503808,11008,30-08-2025,41,Female,Delhi,Delhi (NCT),Fashion,Women Clothing,Aurelia Palazzo Set,2,2334,4668,9,4248,UPI,Delivered,4,6,40477276.30
503809,11069,25-08-2025,29,Male,Indore,Madhya Pradesh,Electronics,Audio,OnePlus Buds 3,1,5401,5401,15,4591,Cash on Delivery,Delivered,5,2,40477276.30
503810,10498,02-07-2025,32,Female,Chennai,Tamil Nadu,Beauty & Personal Care,Personal Care,Himalaya Face Scrub,1,295,295,10,266,UPI,Delivered,4,4,40477276.30
503811,11435,09-10-2025,32,Male,Kolkata,West Bengal,Sports,Fitness Equipment,Resistance Bands Set,1,658,658,29,467,Credit Card,Delivered,5,1,40477276.30
503812,10470,05-11-2025,28,Male,Nagpur,Maharashtra,Beauty & Personal Care,Skincare,Minimalist Niacinamide Serum,2,567,1133,19,918,Credit Card,Delivered,5,5,40477276.30
503813,10673,09-07-2026,30,Male,Chennai,Tamil Nadu,Fashion,Men Clothing,Peter England Formal Shirt,2,1981,3961,5,3763,Debit Card,Delivered,3,1,40477276.30
503814,10488,30-07-2026,22,Male,Kolkata,West Bengal,Beauty & Personal Care,Haircare,L'Oreal Shampoo,1,604,604,12,531,Cash on Delivery,Cancelled,3,0,3077928.23
503815,10219,16-12-2025,29,Male,Delhi,Delhi (NCT),Home & Kitchen,Kitchen Appliances,Philips Mixer Grinder,3,3400,10199,22,7955,UPI,Delivered,4,2,40477276.30
503816,11345,13-07-2025,44,Female,Indore,Madhya Pradesh,Home & Kitchen,Furniture,Study Table,1,6477,6477,6,6088,UPI,Returned,4,2,1813400.65
503817,10054,22-03-2025,41,Male,Bengaluru,Karnataka,Fashion,Women Clothing,Libas Anarkali Kurta,1,2017,2017,2,1977,UPI,Delivered,5,2,40477276.30
503818,11208,01-07-2026,27,Female,Bengaluru,Karnataka,Beauty & Personal Care,Personal Care,Gillette Shaving Kit,2,627,1253,4,1203,UPI,Delivered,5,2,40477276.30
503819,10095,20-04-2026,30,Male,Bengaluru,Karnataka,Sports,Fitness Equipment,Adjustable Dumbbells,1,2543,2543,24,1933,Debit Card,Delivered,5,3,40477276.30
503820,11190,01-01-2025,23,Female,Surat,Gujarat,Electronics,Audio,boAt Airdopes 141,2,1521,3041,10,2737,Credit Card,Delivered,5,4,40477276.30
503821,11244,23-07-2026,23,Male,Bengaluru,Karnataka,Electronics,Laptops,HP Pavilion 14,1,61277,61277,24,46570,UPI,Delivered,4,4,40477276.30
503822,10609,07-03-2026,15,Female,Surat,Gujarat,Home & Kitchen,Furniture,Study Table,2,6618,13235,7,12309,UPI,Delivered,3,5,40477276.30
503823,10384,16-02-2026,28,Male,Hyderabad,Telangana,Electronics,Smart Devices,Amazon Echo Dot,2,5643,11286,20,9029,Wallet,Delivered,3,3,40477276.30
503824,11269,29-07-2026,26,Female,Ahmedabad,Gujarat,Beauty & Personal Care,Skincare,Cetaphil Face Wash,1,686,686,25,514,Credit Card,Returned,5,3,1813400.65
503825,10402,07-06-2026,27,Female,Nashik,Maharashtra,Electronics,Smart Devices,Mi Smart Band 8,1,3426,3426,26,2535,Debit Card,Delivered,3,6,40477276.30
503826,11107,05-08-2026,41,Male,Bhopal,Madhya Pradesh,Beauty & Personal Care,Skincare,The Derma Co Sunscreen,1,491,491,14,423,Credit Card,Delivered,3,3,40477276.30
503827,10615,06-04-2026,61,Female,Delhi,Delhi (NCT),Sports,Sportswear,Nike Dri-FIT T-Shirt,1,1968,1968,10,1771,UPI,Delivered,4,4,40477276.30
503828,10167,22-01-2025,43,Female,Mumbai,Maharashtra,Electronics,Smart Devices,Samsung Galaxy Watch,1,23680,23680,4,22733,Debit Card,Delivered,5,7,40477276.30
503829,10240,18-04-2026,43,Female,Pune,Maharashtra,Beauty & Personal Care,Skincare,Neutrogena Moisturizer,1,823,823,5,782,UPI,Delivered,2,3,40477276.30
503830,10269,05-07-2025,29,Female,Lucknow,Uttar Pradesh,Home & Kitchen,Furniture,Office Chair,1,8198,8198,30,5739,Wallet,Delivered,3,7,40477276.30
503831,10038,04-04-2025,15,Female,Hyderabad,Telangana,Books,Academic,Database Management Systems,1,885,885,30,620,UPI,Delivered,4,4,40477276.30
503832,10417,02-11-2025,51,Female,Vadodara,Gujarat,Sports,Outdoor Sports,Nivia Basketball,4,962,3849,23,2964,Cash on Delivery,Delivered,4,2,40477276.30
503833,11158,10-06-2026,59,Male,Kolkata,West Bengal,Sports,Fitness Equipment,Adjustable Dumbbells,1,2389,2389,3,2317,Debit Card,Delivered,5,2,40477276.30
503834,10255,11-06-2025,17,Female,Nagpur,Maharashtra,Electronics,Smartphones,Apple iPhone 15,1,70619,70619,8,64970,UPI,Delivered,5,1,40477276.30
503835,11093,08-03-2025,42,Female,Pune,Maharashtra,Electronics,Smart Devices,Apple Watch SE,2,31252,62503,17,51877,Credit Card,Delivered,4,3,40477276.30
503836,10957,21-01-2026,38,Male,Delhi,Delhi (NCT),Electronics,Smartphones,Google Pixel 8a,1,50057,50057,11,44550,Cash on Delivery,Delivered,4,7,40477276.30
503837,11359,15-07-2026,18,Male,Mysuru,Karnataka,Electronics,Smart Devices,Amazon Echo Dot,2,5555,11109,23,8554,Net Banking,Cancelled,3,0,3077928.23
503838,11025,05-08-2026,53,Male,Bhubaneswar,Odisha,Sports,Fitness Equipment,Skipping Rope,1,294,294,22,230,UPI,Delivered,5,2,40477276.30
503839,10438,18-01-2026,19,Female,Nagpur,Maharashtra,Fashion,Women Clothing,Libas Anarkali Kurta,2,1933,3865,13,3363,UPI,Returned,2,4,1813400.65
503840,10079,05-11-2025,35,Female,Gurugram,Haryana,Beauty & Personal Care,Haircare,L'Oreal Shampoo,1,575,575,26,426,Debit Card,Delivered,5,6,40477276.30
503841,10121,30-05-2025,43,Female,Gurugram,Haryana,Home & Kitchen,Storage,Cloth Organizer,1,680,680,20,544,UPI,Delivered,5,5,40477276.30
503842,11314,04-09-2025,40,Male,Indore,Madhya Pradesh,Books,Fiction,Atomic Habits,1,613,613,5,583,UPI,Delivered,4,1,40477276.30
503843,11098,20-09-2025,15,Male,Noida,Uttar Pradesh,Home & Kitchen,Kitchen Appliances,Philips Mixer Grinder,3,3495,10485,2,10275,UPI,Delivered,3,2,40477276.30
503844,10740,23-02-2026,45,Female,Bengaluru,Karnataka,Fashion,Men Clothing,Peter England Formal Shirt,2,1787,3575,20,2860,UPI,Delivered,4,7,40477276.30
503845,11068,11-06-2025,47,Female,Jaipur,Rajasthan,Electronics,Smart Devices,Apple Watch SE,2,31050,62100,27,45333,UPI,Delivered,3,3,40477276.30
503846,10400,07-04-2026,48,Female,Bengaluru,Karnataka,Sports,Accessories,Sports Water Bottle,1,484,484,30,339,Cash on Delivery,Delivered,4,3,40477276.30
503847,10230,10-04-2026,41,Female,Ahmedabad,Gujarat,Electronics,Audio,JBL Tune 770NC,2,6352,12704,20,10163,Credit Card,Delivered,5,1,40477276.30
503848,11434,07-10-2025,28,Male,Coimbatore,Tamil Nadu,Books,Fiction,Ikigai,2,391,782,27,571,UPI,Delivered,4,3,40477276.30
503849,10980,03-04-2025,42,Female,Lucknow,Uttar Pradesh,Beauty & Personal Care,Makeup,Sugar Mascara,2,792,1584,4,1520,Cash on Delivery,Delivered,5,4,40477276.30
503850,11400,06-05-2026,27,Female,Pune,Maharashtra,Home & Kitchen,Home Decor,Wall Art Set,1,1356,1356,10,1220,Credit Card,Delivered,4,3,40477276.30
503851,11010,13-08-2025,28,Male,Indore,Madhya Pradesh,Electronics,Laptops,Dell Inspiron 15,3,59901,179702,5,170717,Cash on Delivery,Cancelled,4,0,3077928.23
503852,11067,13-07-2025,20,Male,Bengaluru,Karnataka,Electronics,Smart Devices,Mi Smart Band 8,1,3572,3572,24,2715,Credit Card,Delivered,5,2,40477276.30
503853,10810,16-10-2025,24,Male,Surat,Gujarat,Home & Kitchen,Home Decor,Decorative Table Lamp,1,1932,1932,5,1836,Credit Card,Delivered,4,3,40477276.30
503854,10349,21-07-2026,26,Male,Nagpur,Maharashtra,Home & Kitchen,Storage,Plastic Storage Box Set,1,955,955,25,716,UPI,Cancelled,4,0,3077928.23
503855,10760,01-05-2025,42,Male,Nagpur,Maharashtra,Electronics,Laptops,Lenovo IdeaPad Slim 5,2,66881,133762,8,123061,UPI,Delivered,4,3,40477276.30
503856,11382,09-06-2026,29,Male,Pune,Maharashtra,Beauty & Personal Care,Makeup,Sugar Mascara,2,829,1657,3,1607,Debit Card,Delivered,4,7,40477276.30
503857,10838,06-09-2025,23,Female,Mumbai,Maharashtra,Electronics,Audio,JBL Tune 770NC,1,6340,6340,18,5199,Credit Card,Delivered,4,6,40477276.30
503858,10359,03-10-2025,38,Female,Kochi,Kerala,Electronics,Laptops,HP Pavilion 14,1,66663,66663,6,62664,Debit Card,Delivered,4,3,40477276.30
503859,10573,29-12-2025,38,Male,Delhi,Delhi (NCT),Beauty & Personal Care,Skincare,The Derma Co Sunscreen,1,520,520,16,437,Debit Card,Delivered,5,6,40477276.30
503860,10689,08-05-2025,42,Male,Bhopal,Madhya Pradesh,Home & Kitchen,Furniture,Bookshelf,1,6004,6004,28,4323,Net Banking,Delivered,4,5,40477276.30
503861,10068,28-01-2026,45,Male,Ranchi,Jharkhand,Sports,Outdoor Sports,Nivia Basketball,1,1038,1038,12,913,UPI,Delivered,5,7,40477276.30
503862,10525,04-12-2025,26,Female,Chandigarh,Chandigarh (UT),Electronics,Smart Devices,Mi Smart Band 8,1,3648,3648,27,2663,UPI,Delivered,3,6,40477276.30
503863,10453,14-07-2025,23,Female,Bhubaneswar,Odisha,Grocery,Staples,Tata Salt 1kg,1,30,30,5,29,Credit Card,Delivered,5,3,40477276.30
503864,10093,09-09-2025,26,Male,Hyderabad,Telangana,Beauty & Personal Care,Makeup,Maybelline Foundation,1,686,686,18,562,UPI,Delivered,5,5,40477276.30
503865,10539,27-04-2025,45,Male,Chennai,Tamil Nadu,Electronics,Laptops,HP Pavilion 14,2,64017,128034,24,97306,UPI,Delivered,3,4,40477276.30
503866,11146,06-04-2026,34,Female,Guwahati,Assam,Grocery,Beverages,Real Fruit Juice,1,173,173,3,168,UPI,Delivered,5,2,40477276.30
503867,10758,01-08-2025,36,Female,Bengaluru,Karnataka,Books,Self-Help,The Psychology of Money,1,614,614,7,571,Credit Card,Delivered,4,1,40477276.30
503868,11029,08-06-2025,41,Male,Pune,Maharashtra,Fashion,Footwear,Bata Formal Shoes,1,2398,2398,2,2350,Net Banking,Delivered,2,3,40477276.30
503869,10069,17-07-2025,38,Female,Ranchi,Jharkhand,Grocery,Beverages,Real Fruit Juice,1,171,171,22,134,Cash on Delivery,Delivered,5,7,40477276.30
503870,11225,13-06-2025,32,Male,Indore,Madhya Pradesh,Electronics,Smart Devices,Apple Watch SE,1,30137,30137,23,23205,UPI,Delivered,2,2,40477276.30
503871,11163,26-11-2025,19,Male,Mumbai,Maharashtra,Home & Kitchen,Furniture,Bedside Table,1,3635,3635,11,3235,Wallet,Delivered,5,1,40477276.30
503872,11354,12-07-2026,42,Male,Noida,Uttar Pradesh,Electronics,Laptops,ASUS Vivobook 15,1,52954,52954,16,44481,Net Banking,Delivered,4,3,40477276.30
503873,10504,02-01-2026,40,Female,Ahmedabad,Gujarat,Fashion,Women Clothing,Libas Anarkali Kurta,1,2068,2068,12,1820,Debit Card,Delivered,4,4,40477276.30
503874,10290,13-08-2025,27,Female,Patna,Bihar,Electronics,Smartphones,Samsung Galaxy A55,1,37325,37325,28,26874,UPI,Delivered,4,4,40477276.30
503875,11216,10-05-2025,48,Male,Mumbai,Maharashtra,Grocery,Staples,Fortune Sunflower Oil 1L,1,159,159,26,118,UPI,Delivered,5,2,40477276.30
503876,11323,21-01-2025,33,Female,Bhopal,Madhya Pradesh,Beauty & Personal Care,Skincare,Neutrogena Moisturizer,1,827,827,26,612,Debit Card,Delivered,5,3,40477276.30
503877,10486,30-04-2025,18,Male,Mumbai,Maharashtra,Electronics,Laptops,Dell Inspiron 15,1,58106,58106,4,55782,Wallet,Delivered,4,5,40477276.30
503878,11290,20-02-2025,15,Female,Delhi,Delhi (NCT),Home & Kitchen,Furniture,Bedside Table,1,3616,3616,27,2640,Credit Card,Delivered,5,3,40477276.30
503879,10331,11-01-2026,34,Female,Mumbai,Maharashtra,Beauty & Personal Care,Personal Care,Dove Body Wash,2,417,834,14,717,Debit Card,Delivered,4,4,40477276.30
503880,10359,06-05-2025,38,Female,Kochi,Kerala,Grocery,Snacks,Parle-G Biscuits,1,47,47,9,43,Credit Card,Delivered,3,5,40477276.30
503881,10105,09-11-2025,32,Female,Dehradun,Uttarakhand,Electronics,Smartphones,Google Pixel 8a,4,50169,200677,8,184623,UPI,Delivered,3,5,40477276.30
503882,10927,05-06-2025,28,Female,Chennai,Tamil Nadu,Grocery,Household,Colin Glass Cleaner,1,146,146,24,111,Credit Card,Delivered,4,5,40477276.30
503883,11247,21-01-2025,34,Male,Ahmedabad,Gujarat,Fashion,Men Clothing,Roadster Casual Shirt,2,1227,2454,15,2086,Credit Card,Delivered,5,1,40477276.30
503884,10700,14-02-2025,32,Male,Bhubaneswar,Odisha,Fashion,Accessories,Lavie Handbag,2,2308,4616,19,3739,Cash on Delivery,Delivered,4,3,40477276.30
503885,10995,12-02-2025,23,Male,Pune,Maharashtra,Sports,Sportswear,Decathlon Sports T-Shirt,1,845,845,16,709,UPI,Delivered,4,5,40477276.30
503886,11251,17-08-2026,38,Female,Kochi,Kerala,Beauty & Personal Care,Haircare,Tresemme Conditioner,1,444,444,15,377,UPI,Delivered,3,3,40477276.30
503887,10548,08-04-2025,32,Male,Bengaluru,Karnataka,Beauty & Personal Care,Skincare,The Derma Co Sunscreen,3,481,1442,16,1211,Credit Card,Delivered,5,7,40477276.30
503888,10067,18-08-2026,33,Male,Chennai,Tamil Nadu,Home & Kitchen,Furniture,Study Table,1,6449,6449,14,5546,Credit Card,Delivered,3,5,40477276.30
503889,10831,25-04-2025,19,Female,Bengaluru,Karnataka,Home & Kitchen,Kitchen Appliances,Bajaj Air Fryer,1,5175,5175,28,3726,UPI,Delivered,4,4,40477276.30
503890,10307,04-03-2025,48,Male,Nagpur,Maharashtra,Electronics,Audio,JBL Tune 770NC,2,6206,12412,5,11791,Net Banking,Delivered,5,4,40477276.30
503891,11410,25-01-2026,31,Female,Nashik,Maharashtra,Books,Academic,Python Programming,2,666,1331,7,1238,Credit Card,Delivered,3,3,40477276.30
503892,10376,06-05-2025,26,Male,Hyderabad,Telangana,Electronics,Smart Devices,Apple Watch SE,1,28443,28443,18,23323,UPI,Delivered,4,4,40477276.30
503893,10112,31-03-2026,34,Male,Pune,Maharashtra,Electronics,Audio,JBL Tune 770NC,1,6326,6326,23,4871,Net Banking,Delivered,5,5,40477276.30
503894,11244,05-01-2025,23,Male,Bengaluru,Karnataka,Electronics,Laptops,Lenovo IdeaPad Slim 5,2,64045,128090,26,94787,UPI,Delivered,4,7,40477276.30
503895,10091,12-12-2025,35,Female,Coimbatore,Tamil Nadu,Electronics,Laptops,HP Pavilion 14,1,66023,66023,30,46216,Credit Card,Delivered,5,3,40477276.30
503896,10304,19-06-2026,41,Female,Dehradun,Uttarakhand,Electronics,Laptops,Dell Inspiron 15,2,60710,121419,13,105635,Credit Card,Delivered,3,2,40477276.30
503897,10803,09-03-2025,35,Male,Bhopal,Madhya Pradesh,Electronics,Smart Devices,Mi Smart Band 8,1,3608,3608,6,3392,UPI,Delivered,4,2,40477276.30
503898,10680,04-05-2026,48,Female,Delhi,Delhi (NCT),Home & Kitchen,Storage,Kitchen Storage Jars,4,1211,4844,21,3827,Debit Card,Returned,3,3,1813400.65
503899,10707,18-12-2025,20,Male,Indore,Madhya Pradesh,Fashion,Accessories,Fastrack Analog Watch,2,2519,5037,19,4080,UPI,Delivered,5,5,40477276.30
503900,11054,12-09-2025,37,Non-Binary,Visakhapatnam,Andhra Pradesh,Fashion,Women Clothing,Aurelia Palazzo Set,5,2346,11731,19,9502,Debit Card,Delivered,4,3,40477276.30
503901,11269,13-05-2025,26,Female,Ahmedabad,Gujarat,Fashion,Accessories,Titan Wallet,1,1417,1417,26,1048,UPI,Delivered,4,4,40477276.30
503902,11284,19-07-2025,45,Male,Bengaluru,Karnataka,Electronics,Audio,OnePlus Buds 3,1,5573,5573,23,4291,Debit Card,Delivered,5,5,40477276.30
503903,10339,02-08-2025,39,Male,Mumbai,Maharashtra,Fashion,Women Clothing,W Women Dress,2,2386,4772,18,3913,Net Banking,Delivered,4,3,40477276.30
503904,10867,15-08-2025,37,Male,Kochi,Kerala,Books,Academic,Python Programming,1,714,714,19,579,UPI,Delivered,3,3,40477276.30
503905,11269,31-01-2026,26,Female,Ahmedabad,Gujarat,Beauty & Personal Care,Personal Care,Himalaya Face Scrub,1,287,287,18,235,Net Banking,Cancelled,2,0,3077928.23
503906,10073,17-04-2026,34,Male,Bhubaneswar,Odisha,Home & Kitchen,Storage,Plastic Storage Box Set,1,1053,1053,20,842,UPI,Delivered,1,5,40477276.30
503907,10791,16-10-2025,39,Female,Surat,Gujarat,Electronics,Smart Devices,Apple Watch SE,1,28898,28898,15,24563,Cash on Delivery,Returned,4,5,1813400.65
503908,11232,18-05-2026,19,Male,Lucknow,Uttar Pradesh,Sports,Fitness Equipment,Decathlon Yoga Mat,1,999,999,24,759,UPI,Delivered,3,3,40477276.30
503909,10093,08-06-2026,26,Male,Hyderabad,Telangana,Home & Kitchen,Storage,Cloth Organizer,2,738,1476,6,1387,Debit Card,Delivered,5,5,40477276.30
503910,10507,13-11-2025,27,Female,Pune,Maharashtra,Electronics,Audio,JBL Tune 770NC,1,5659,5659,2,5546,UPI,Delivered,5,2,40477276.30
503911,10822,18-09-2025,50,Female,Indore,Madhya Pradesh,Home & Kitchen,Home Decor,Decorative Table Lamp,3,1961,5882,28,4235,Cash on Delivery,Delivered,3,3,40477276.30
503912,10690,22-03-2025,39,Male,Bengaluru,Karnataka,Electronics,Audio,Sony WH-CH520,1,4439,4439,18,3640,UPI,Delivered,5,1,40477276.30
503913,10868,20-07-2026,38,Male,Guwahati,Assam,Fashion,Accessories,Lavie Handbag,1,2198,2198,3,2132,UPI,Delivered,4,2,40477276.30
503914,11393,26-10-2025,56,Male,Lucknow,Uttar Pradesh,Books,Fiction,The Alchemist,1,399,399,23,307,UPI,Delivered,5,7,40477276.30
503915,10963,19-12-2025,36,Non-Binary,Guwahati,Assam,Grocery,Snacks,Lays Classic Chips,1,38,38,29,27,Credit Card,Delivered,4,4,40477276.30
503916,10488,05-06-2026,22,Male,Kolkata,West Bengal,Electronics,Laptops,Lenovo IdeaPad Slim 5,1,63803,63803,4,61251,UPI,Delivered,1,3,40477276.30
503917,10194,22-06-2026,20,Male,Pune,Maharashtra,Electronics,Smartphones,OnePlus Nord CE 4,3,23753,71258,21,56294,UPI,Delivered,4,5,40477276.30
503918,11317,11-01-2026,22,Male,Mysuru,Karnataka,Sports,Sportswear,Decathlon Sports T-Shirt,1,768,768,6,722,Credit Card,Returned,3,4,1813400.65
503919,10428,18-03-2026,42,Female,Vadodara,Gujarat,Grocery,Beverages,Tata Tea Gold,1,291,291,22,227,Debit Card,Delivered,3,4,40477276.30
503920,11333,16-06-2026,32,Female,Bhubaneswar,Odisha,Books,Academic,Database Management Systems,3,895,2685,24,2040,UPI,Delivered,5,6,40477276.30
503921,10508,10-10-2025,24,Female,Patna,Bihar,Home & Kitchen,Furniture,Study Table,2,6640,13280,19,10757,UPI,Returned,3,6,1813400.65
503922,10242,16-04-2025,33,Male,Nagpur,Maharashtra,Fashion,Men Clothing,Levi's Slim Jeans,5,2424,12120,16,10181,UPI,Delivered,4,2,40477276.30
503923,10787,26-01-2026,43,Male,Lucknow,Uttar Pradesh,Electronics,Laptops,ASUS Vivobook 15,1,53926,53926,3,52308,UPI,Delivered,4,1,40477276.30
503924,11227,01-02-2025,34,Male,Nashik,Maharashtra,Fashion,Men Clothing,Peter England Formal Shirt,1,1841,1841,3,1785,UPI,Delivered,3,5,40477276.30
503925,10153,02-05-2026,27,Female,Noida,Uttar Pradesh,Electronics,Laptops,ASUS Vivobook 15,1,58723,58723,22,45804,Cash on Delivery,Delivered,5,5,40477276.30
503926,10242,06-12-2025,33,Male,Nagpur,Maharashtra,Sports,Outdoor Sports,Yonex Badminton Racket,1,2236,2236,25,1677,Wallet,Delivered,5,6,40477276.30
503927,10726,06-12-2025,32,Male,Bengaluru,Karnataka,Electronics,Smartphones,OnePlus Nord CE 4,2,25407,50815,17,42176,Credit Card,Delivered,5,3,40477276.30
503928,10269,28-10-2025,29,Female,Lucknow,Uttar Pradesh,Books,Non-Fiction,Deep Work,2,505,1009,17,838,UPI,Delivered,4,1,40477276.30
503929,10117,07-03-2026,34,Female,Chennai,Tamil Nadu,Grocery,Beverages,Nescafe Classic,1,414,414,27,302,Credit Card,Delivered,4,4,40477276.30
503930,11129,27-03-2025,33,Male,Bhubaneswar,Odisha,Home & Kitchen,Home Decor,Decorative Table Lamp,1,1910,1910,25,1433,Credit Card,Delivered,5,3,40477276.30
503931,10865,22-03-2026,27,Female,Bhopal,Madhya Pradesh,Beauty & Personal Care,Haircare,Mamaearth Hair Serum,2,521,1042,17,865,Net Banking,Delivered,4,6,40477276.30
503932,10908,14-05-2026,42,Female,Jaipur,Rajasthan,Home & Kitchen,Kitchen Appliances,Philips Mixer Grinder,1,3365,3365,29,2389,Wallet,Delivered,4,5,40477276.30
503933,10366,01-04-2026,30,Male,Mumbai,Maharashtra,Fashion,Women Clothing,Libas Anarkali Kurta,1,2046,2046,23,1576,Credit Card,Delivered,3,3,40477276.30
503934,10852,31-03-2026,28,Male,Gurugram,Haryana,Electronics,Smartphones,Google Pixel 8a,1,54687,54687,19,44296,Credit Card,Delivered,4,5,40477276.30
503935,10498,03-12-2025,32,Female,Chennai,Tamil Nadu,Beauty & Personal Care,Personal Care,Nivea Body Lotion,1,368,368,18,302,UPI,Delivered,4,5,40477276.30
503936,10992,17-01-2026,15,Female,Bengaluru,Karnataka,Sports,Fitness Equipment,Adjustable Dumbbells,1,2498,2498,3,2423,Credit Card,Delivered,5,4,40477276.30
503937,10027,03-10-2025,21,Female,Bengaluru,Karnataka,Home & Kitchen,Storage,Wardrobe Organizer,2,879,1759,17,1460,Debit Card,Delivered,4,2,40477276.30
503938,10545,10-04-2025,15,Male,Indore,Madhya Pradesh,Home & Kitchen,Kitchen Appliances,Havells OTG Oven,2,6593,13185,15,11207,UPI,Delivered,4,6,40477276.30
503939,10046,25-01-2025,26,Male,Bhopal,Madhya Pradesh,Electronics,Smartphones,OnePlus Nord CE 4,1,24104,24104,23,18560,Wallet,Delivered,3,4,40477276.30
503940,10790,08-07-2025,16,Female,Mumbai,Maharashtra,Electronics,Laptops,HP Pavilion 14,2,60408,120817,6,113568,Credit Card,Delivered,4,5,40477276.30
503941,10948,30-04-2026,26,Male,Noida,Uttar Pradesh,Home & Kitchen,Kitchen Appliances,Prestige Electric Kettle,1,1895,1895,6,1781,Credit Card,Delivered,4,2,40477276.30
503942,10775,06-12-2025,41,Male,Hyderabad,Telangana,Beauty & Personal Care,Personal Care,Gillette Shaving Kit,1,602,602,11,535,UPI,Delivered,5,5,40477276.30
503943,11281,19-05-2026,35,Male,Kochi,Kerala,Sports,Accessories,Sports Cap,1,416,416,2,408,UPI,Cancelled,4,0,3077928.23
503944,11120,17-02-2025,46,Male,Pune,Maharashtra,Electronics,Smart Devices,Apple Watch SE,2,29177,58354,27,42598,UPI,Delivered,2,5,40477276.30
503945,11144,12-01-2025,35,Male,Delhi,Delhi (NCT),Home & Kitchen,Furniture,Study Table,1,6138,6138,30,4296,Cash on Delivery,Delivered,4,6,40477276.30
503946,10043,24-05-2026,33,Female,Chennai,Tamil Nadu,Home & Kitchen,Home Decor,Decorative Table Lamp,1,1986,1986,7,1847,Credit Card,Delivered,4,3,40477276.30
503947,10098,29-07-2025,37,Female,Surat,Gujarat,Home & Kitchen,Home Decor,Wooden Photo Frame,1,737,737,16,619,Debit Card,Delivered,5,2,40477276.30
503948,11412,23-05-2025,40,Male,Delhi,Delhi (NCT),Beauty & Personal Care,Personal Care,Nivea Body Lotion,1,350,350,6,329,UPI,Delivered,5,3,40477276.30
503949,11095,28-02-2025,42,Female,Chennai,Tamil Nadu,Books,Academic,Data Structures Handbook,1,823,823,26,609,Wallet,Cancelled,4,0,3077928.23
503950,10906,24-11-2025,35,Male,Bengaluru,Karnataka,Home & Kitchen,Storage,Plastic Storage Box Set,1,1022,1022,11,910,UPI,Delivered,4,3,40477276.30
503951,11087,12-05-2026,45,Male,Mumbai,Maharashtra,Electronics,Audio,OnePlus Buds 3,1,5481,5481,4,5262,UPI,Delivered,5,5,40477276.30
503952,10025,27-10-2025,28,Male,Hyderabad,Telangana,Grocery,Household,Vim Dishwash Liquid,1,194,194,21,153,UPI,Cancelled,4,0,3077928.23
503953,10747,22-01-2026,36,Female,Chennai,Tamil Nadu,Beauty & Personal Care,Skincare,Cetaphil Face Wash,2,670,1340,30,938,Credit Card,Delivered,3,4,40477276.30
503954,10541,17-02-2025,43,Female,Delhi,Delhi (NCT),Electronics,Smart Devices,Mi Smart Band 8,1,3434,3434,25,2576,UPI,Delivered,5,3,40477276.30
503955,10136,08-02-2026,51,Male,Indore,Madhya Pradesh,Electronics,Laptops,ASUS Vivobook 15,1,53083,53083,10,47775,Net Banking,Delivered,5,4,40477276.30
503956,10266,04-04-2026,20,Female,Bengaluru,Karnataka,Fashion,Accessories,Wildcraft Backpack,1,2084,2084,13,1813,UPI,Cancelled,4,0,3077928.23
503957,10666,01-08-2026,35,Female,Dehradun,Uttarakhand,Home & Kitchen,Home Decor,Wall Art Set,1,1320,1320,28,950,UPI,Delivered,3,6,40477276.30
503958,10337,21-12-2025,25,Female,Ahmedabad,Gujarat,Fashion,Accessories,Titan Wallet,4,1515,6058,30,4241,UPI,Delivered,4,4,40477276.30
503959,10011,16-09-2025,29,Male,Ranchi,Jharkhand,Electronics,Smartphones,OnePlus Nord CE 4,1,25438,25438,23,19588,Credit Card,Delivered,4,2,40477276.30
503960,10188,08-02-2025,33,Female,Mumbai,Maharashtra,Home & Kitchen,Home Decor,Wooden Photo Frame,1,725,725,29,515,Debit Card,Delivered,3,7,40477276.30
503961,10725,24-08-2025,36,Male,Visakhapatnam,Andhra Pradesh,Fashion,Accessories,Titan Wallet,1,1418,1418,16,1191,Cash on Delivery,Delivered,2,7,40477276.30
503962,11181,09-01-2026,36,Female,Ahmedabad,Gujarat,Fashion,Footwear,Bata Formal Shoes,1,2370,2370,17,1967,UPI,Delivered,4,5,40477276.30
503963,10112,10-02-2026,34,Male,Pune,Maharashtra,Grocery,Beverages,Tata Tea Gold,1,275,275,27,201,UPI,Delivered,5,4,40477276.30
503964,10804,17-07-2025,29,Male,Mysuru,Karnataka,Fashion,Footwear,Skechers Walking Shoes,2,5887,11774,30,8242,UPI,Delivered,3,5,40477276.30
503965,11033,01-08-2025,38,Female,Bengaluru,Karnataka,Fashion,Women Clothing,W Women Dress,1,2448,2448,21,1934,Credit Card,Delivered,5,5,40477276.30
503966,10674,19-08-2026,30,Male,Pune,Maharashtra,Fashion,Footwear,Bata Formal Shoes,1,2609,2609,18,2139,Credit Card,Delivered,4,3,40477276.30
503967,10382,28-02-2026,27,Female,Ranchi,Jharkhand,Fashion,Women Clothing,Aurelia Palazzo Set,1,2420,2420,7,2250,Cash on Delivery,Delivered,5,3,40477276.30
503968,10059,26-06-2025,38,Female,Mumbai,Maharashtra,Fashion,Accessories,Lavie Handbag,1,2305,2305,15,1959,UPI,Delivered,5,2,40477276.30
503969,11395,27-06-2025,30,Female,Kolkata,West Bengal,Books,Fiction,The Alchemist,1,377,377,9,343,Cash on Delivery,Delivered,5,3,40477276.30
503970,10891,19-08-2025,43,Male,Indore,Madhya Pradesh,Home & Kitchen,Kitchen Appliances,Bajaj Air Fryer,1,4802,4802,23,3697,Credit Card,Delivered,5,2,40477276.30
503971,10450,28-07-2026,22,Male,Nagpur,Maharashtra,Grocery,Beverages,Paper Boat Aamras,2,143,285,22,223,UPI,Delivered,3,6,40477276.30
503972,10319,10-05-2025,38,Female,Kolkata,West Bengal,Fashion,Women Clothing,Libas Anarkali Kurta,2,1975,3951,15,3358,UPI,Delivered,3,4,40477276.30
503973,10777,13-07-2025,26,Male,Surat,Gujarat,Grocery,Staples,Aashirvaad Atta 5kg,1,312,312,16,262,UPI,Cancelled,5,0,3077928.23
503974,10730,03-04-2026,25,Male,Jaipur,Rajasthan,Grocery,Snacks,Haldiram's Bhujia,2,184,367,29,261,Credit Card,Delivered,4,5,40477276.30
503975,11278,20-07-2026,38,Male,Coimbatore,Tamil Nadu,Home & Kitchen,Kitchen Appliances,Prestige Electric Kettle,1,1832,1832,22,1429,UPI,Delivered,4,3,40477276.30
503976,10919,05-07-2026,29,Female,Kochi,Kerala,Grocery,Staples,India Gate Basmati Rice 5kg,1,730,730,17,606,UPI,Delivered,5,6,40477276.30
503977,10839,18-05-2025,45,Male,Jaipur,Rajasthan,Books,Non-Fiction,Sapiens,1,735,735,14,632,UPI,Delivered,5,4,40477276.30
503978,10682,10-11-2025,22,Female,Hyderabad,Telangana,Electronics,Laptops,ASUS Vivobook 15,1,54123,54123,29,38427,Cash on Delivery,Delivered,5,2,40477276.30
503979,10537,26-07-2025,25,Female,Patna,Bihar,Sports,Fitness Equipment,Adjustable Dumbbells,1,2407,2407,25,1806,Credit Card,Delivered,5,2,40477276.30
503980,10005,03-08-2025,31,Male,Delhi,Delhi (NCT),Electronics,Smartphones,Apple iPhone 15,1,71453,71453,26,52875,Credit Card,Delivered,4,4,40477276.30
503981,10230,28-01-2026,41,Female,Ahmedabad,Gujarat,Home & Kitchen,Kitchen Appliances,Havells OTG Oven,1,7317,7317,8,6731,Credit Card,Delivered,4,3,40477276.30
503982,10833,09-02-2025,23,Male,Jaipur,Rajasthan,Fashion,Women Clothing,Libas Anarkali Kurta,1,1953,1953,13,1699,UPI,Delivered,4,3,40477276.30
503983,10600,25-07-2026,38,Female,Hyderabad,Telangana,Home & Kitchen,Kitchen Appliances,Prestige Electric Kettle,1,1798,1798,29,1277,Wallet,Delivered,5,4,40477276.30
503984,10924,01-11-2025,26,Female,Delhi,Delhi (NCT),Fashion,Footwear,Puma Sneakers,1,3829,3829,18,3139,UPI,Delivered,5,3,40477276.30
503985,10687,27-06-2026,31,Female,Mumbai,Maharashtra,Beauty & Personal Care,Makeup,Colorbar Eyeliner,1,505,505,4,484,UPI,Delivered,5,2,40477276.30
503986,10088,21-05-2026,38,Male,Delhi,Delhi (NCT),Sports,Sportswear,Puma Training Shorts,1,1805,1805,7,1678,UPI,Delivered,3,6,40477276.30
503987,10840,09-03-2026,32,Male,Pune,Maharashtra,Fashion,Women Clothing,Libas Anarkali Kurta,1,2119,2119,28,1525,Net Banking,Cancelled,4,0,3077928.23
503988,11408,17-08-2025,51,Male,Mumbai,Maharashtra,Electronics,Audio,OnePlus Buds 3,2,5407,10813,25,8110,UPI,Delivered,4,2,40477276.30
503989,11321,23-01-2026,35,Male,Chandigarh,Chandigarh (UT),Grocery,Snacks,Parle-G Biscuits,1,48,48,21,38,Credit Card,Returned,2,5,1813400.65
503990,10659,29-05-2025,36,Male,Bengaluru,Karnataka,Electronics,Smartphones,Apple iPhone 15,2,69366,138732,23,106824,UPI,Delivered,5,3,40477276.30
503991,10476,22-11-2025,31,Male,Lucknow,Uttar Pradesh,Beauty & Personal Care,Personal Care,Himalaya Face Scrub,1,290,290,24,221,Debit Card,Delivered,4,5,40477276.30
503992,11325,27-11-2025,35,Male,Guwahati,Assam,Grocery,Snacks,Lays Classic Chips,1,38,38,19,31,UPI,Delivered,5,3,40477276.30
503993,11244,22-06-2025,23,Male,Bengaluru,Karnataka,Sports,Accessories,Sports Cap,3,418,1253,10,1128,Debit Card,Delivered,5,6,40477276.30
503994,10744,01-08-2026,34,Male,Gurugram,Haryana,Books,Self-Help,The Power of Habit,2,518,1037,30,726,UPI,Delivered,3,5,40477276.30
503995,10139,16-02-2025,43,Female,Surat,Gujarat,Fashion,Accessories,Lavie Handbag,1,2349,2349,21,1856,UPI,Delivered,4,5,40477276.30
503996,11235,07-02-2025,25,Female,Nashik,Maharashtra,Electronics,Audio,boAt Airdopes 141,1,1462,1462,13,1272,UPI,Delivered,4,3,40477276.30
503997,11320,04-04-2026,32,Male,Delhi,Delhi (NCT),Fashion,Accessories,Titan Wallet,1,1419,1419,15,1206,Debit Card,Delivered,3,3,40477276.30
503998,10902,06-06-2025,30,Male,Nagpur,Maharashtra,Books,Academic,Database Management Systems,2,910,1820,24,1383,Debit Card,Delivered,3,2,40477276.30
503999,10890,04-03-2026,46,Male,Bengaluru,Karnataka,Electronics,Smartphones,Apple iPhone 15,1,68175,68175,5,64766,Net Banking,Returned,3,2,1813400.65
504000,11001,09-03-2025,49,Female,Patna,Bihar,Electronics,Laptops,Lenovo IdeaPad Slim 5,1,61690,61690,11,54904,Debit Card,Delivered,4,2,40477276.30
